id,handle,title,description,vendor,category,type,tags,price,compare_at_price,image_url,image_alt,seo_title,seo_description,in_stock,featured,created_at,updated_at,image_url_1,image_url_2,image_url_3,image_url_4,image_url_5
1,apple-iphone-16-pro-max,Apple iPhone 16 Pro Max,"<p>Experience next-generation mobile performance with a stunning adaptive display, AI-powered camera system, and all-day battery life — engineered for those who demand the best.</p><ul><li>High-resolution AMOLED display with 120Hz adaptive refresh rate</li><li>AI-enhanced multi-lens camera for professional-quality photography</li><li>Next-generation processor for seamless multitasking and gaming</li><li>5G connectivity for ultra-fast downloads and streaming</li><li>Advanced biometric security with in-display fingerprint sensor</li></ul>",Apple,Electronics > Communications > Phones,Smartphone,"[""apple"",""iphone"",""5G"",""ProMotion""]",1199.0,,,,Apple iPhone 16 Pro Max | AllGoodsCo Electronics,"Experience next-generation mobile performance with a stunning adaptive display, AI-powered camera system, and all-day battery life — engineered for those w",True,True,"""2026-07-28T01:07:38.774Z""","""2026-07-28T01:07:38.774Z""",https://store.storeimages.cdn-apple.com/as-images.apple.com/is/apple-iphone-16-pro-max-gallery-1?wid=1000,https://store.storeimages.cdn-apple.com/as-images.apple.com/is/apple-iphone-16-pro-max-gallery-2?wid=1000,https://store.storeimages.cdn-apple.com/as-images.apple.com/is/apple-iphone-16-pro-max-gallery-3?wid=1000,https://store.storeimages.cdn-apple.com/as-images.apple.com/is/apple-iphone-16-pro-max-gallery-4?wid=1000,https://store.storeimages.cdn-apple.com/as-images.apple.com/is/apple-iphone-16-pro-max-gallery-5?wid=1000
2,apple-iphone-16-pro,Apple iPhone 16 Pro,"<p>Experience next-generation mobile performance with a stunning adaptive display, AI-powered camera system, and all-day battery life — engineered for those who demand the best.</p><ul><li>High-resolution AMOLED display with 120Hz adaptive refresh rate</li><li>AI-enhanced multi-lens camera for professional-quality photography</li><li>Next-generation processor for seamless multitasking and gaming</li><li>5G connectivity for ultra-fast downloads and streaming</li><li>Advanced biometric security with in-display fingerprint sensor</li></ul>",Apple,Electronics > Communications > Phones,Smartphone,"[""apple"",""iphone"",""5G""]",999.0,,,,Apple iPhone 16 Pro | AllGoodsCo Electronics,"Experience next-generation mobile performance with a stunning adaptive display, AI-powered camera system, and all-day battery life — engineered for those w",True,False,"""2026-07-28T01:07:38.782Z""","""2026-07-28T01:07:38.782Z""",https://store.storeimages.cdn-apple.com/as-images.apple.com/is/apple-iphone-16-pro-gallery-1?wid=1000,https://store.storeimages.cdn-apple.com/as-images.apple.com/is/apple-iphone-16-pro-gallery-2?wid=1000,https://store.storeimages.cdn-apple.com/as-images.apple.com/is/apple-iphone-16-pro-gallery-3?wid=1000,https://store.storeimages.cdn-apple.com/as-images.apple.com/is/apple-iphone-16-pro-gallery-4?wid=1000,https://store.storeimages.cdn-apple.com/as-images.apple.com/is/apple-iphone-16-pro-gallery-5?wid=1000
3,apple-iphone-16-plus,Apple iPhone 16 Plus,"<p>Experience next-generation mobile performance with a stunning adaptive display, AI-powered camera system, and all-day battery life — engineered for those who demand the best.</p><ul><li>High-resolution AMOLED display with 120Hz adaptive refresh rate</li><li>AI-enhanced multi-lens camera for professional-quality photography</li><li>Next-generation processor for seamless multitasking and gaming</li><li>5G connectivity for ultra-fast downloads and streaming</li><li>Advanced biometric security with in-display fingerprint sensor</li></ul>",Apple,Electronics > Communications > Phones,Smartphone,"[""apple"",""iphone"",""5G""]",899.0,,,,Apple iPhone 16 Plus | AllGoodsCo Electronics,"Experience next-generation mobile performance with a stunning adaptive display, AI-powered camera system, and all-day battery life — engineered for those w",True,False,"""2026-07-28T01:07:38.787Z""","""2026-07-28T01:07:38.787Z""",https://store.storeimages.cdn-apple.com/as-images.apple.com/is/apple-iphone-16-plus-gallery-1?wid=1000,https://store.storeimages.cdn-apple.com/as-images.apple.com/is/apple-iphone-16-plus-gallery-2?wid=1000,https://store.storeimages.cdn-apple.com/as-images.apple.com/is/apple-iphone-16-plus-gallery-3?wid=1000,https://store.storeimages.cdn-apple.com/as-images.apple.com/is/apple-iphone-16-plus-gallery-4?wid=1000,https://store.storeimages.cdn-apple.com/as-images.apple.com/is/apple-iphone-16-plus-gallery-5?wid=1000
4,apple-iphone-16,Apple iPhone 16,"<p>Experience next-generation mobile performance with a stunning adaptive display, AI-powered camera system, and all-day battery life — engineered for those who demand the best.</p><ul><li>High-resolution AMOLED display with 120Hz adaptive refresh rate</li><li>AI-enhanced multi-lens camera for professional-quality photography</li><li>Next-generation processor for seamless multitasking and gaming</li><li>5G connectivity for ultra-fast downloads and streaming</li><li>Advanced biometric security with in-display fingerprint sensor</li></ul>",Apple,Electronics > Communications > Phones,Smartphone,"[""apple"",""iphone"",""5G""]",799.0,,,,Apple iPhone 16 | AllGoodsCo Electronics,"Experience next-generation mobile performance with a stunning adaptive display, AI-powered camera system, and all-day battery life — engineered for those w",True,True,"""2026-07-28T01:07:38.792Z""","""2026-07-28T01:07:38.792Z""",https://store.storeimages.cdn-apple.com/as-images.apple.com/is/apple-iphone-16-gallery-1?wid=1000,https://store.storeimages.cdn-apple.com/as-images.apple.com/is/apple-iphone-16-gallery-2?wid=1000,https://store.storeimages.cdn-apple.com/as-images.apple.com/is/apple-iphone-16-gallery-3?wid=1000,https://store.storeimages.cdn-apple.com/as-images.apple.com/is/apple-iphone-16-gallery-4?wid=1000,https://store.storeimages.cdn-apple.com/as-images.apple.com/is/apple-iphone-16-gallery-5?wid=1000
5,apple-iphone-15,Apple iPhone 15,"<p>Experience next-generation mobile performance with a stunning adaptive display, AI-powered camera system, and all-day battery life — engineered for those who demand the best.</p><ul><li>High-resolution AMOLED display with 120Hz adaptive refresh rate</li><li>AI-enhanced multi-lens camera for professional-quality photography</li><li>Next-generation processor for seamless multitasking and gaming</li><li>5G connectivity for ultra-fast downloads and streaming</li><li>Advanced biometric security with in-display fingerprint sensor</li></ul>",Apple,Electronics > Communications > Phones,Smartphone,"[""apple"",""iphone"",""5G""]",699.0,,,,Apple iPhone 15 | AllGoodsCo Electronics,"Experience next-generation mobile performance with a stunning adaptive display, AI-powered camera system, and all-day battery life — engineered for those w",True,False,"""2026-07-28T01:07:38.795Z""","""2026-07-28T01:07:38.795Z""",https://store.storeimages.cdn-apple.com/as-images.apple.com/is/apple-iphone-15-gallery-1?wid=1000,https://store.storeimages.cdn-apple.com/as-images.apple.com/is/apple-iphone-15-gallery-2?wid=1000,https://store.storeimages.cdn-apple.com/as-images.apple.com/is/apple-iphone-15-gallery-3?wid=1000,https://store.storeimages.cdn-apple.com/as-images.apple.com/is/apple-iphone-15-gallery-4?wid=1000,https://store.storeimages.cdn-apple.com/as-images.apple.com/is/apple-iphone-15-gallery-5?wid=1000
6,apple-iphone-se-4,Apple iPhone SE (4th Gen),"<p>Experience next-generation mobile performance with a stunning adaptive display, AI-powered camera system, and all-day battery life — engineered for those who demand the best.</p><ul><li>High-resolution AMOLED display with 120Hz adaptive refresh rate</li><li>AI-enhanced multi-lens camera for professional-quality photography</li><li>Next-generation processor for seamless multitasking and gaming</li><li>5G connectivity for ultra-fast downloads and streaming</li><li>Advanced biometric security with in-display fingerprint sensor</li></ul>",Apple,Electronics > Communications > Phones,Smartphone,"[""apple"",""iphone"",""SE""]",499.0,,,,Apple iPhone SE (4th Gen) | AllGoodsCo Electronics,"Experience next-generation mobile performance with a stunning adaptive display, AI-powered camera system, and all-day battery life — engineered for those w",True,False,"""2026-07-28T01:07:38.797Z""","""2026-07-28T01:07:38.797Z""",https://store.storeimages.cdn-apple.com/as-images.apple.com/is/apple-iphone-se-4-gallery-1?wid=1000,https://store.storeimages.cdn-apple.com/as-images.apple.com/is/apple-iphone-se-4-gallery-2?wid=1000,https://store.storeimages.cdn-apple.com/as-images.apple.com/is/apple-iphone-se-4-gallery-3?wid=1000,https://store.storeimages.cdn-apple.com/as-images.apple.com/is/apple-iphone-se-4-gallery-4?wid=1000,https://store.storeimages.cdn-apple.com/as-images.apple.com/is/apple-iphone-se-4-gallery-5?wid=1000
7,samsung-galaxy-s25-ultra,Samsung Galaxy S25 Ultra,"<p>Experience next-generation mobile performance with a stunning adaptive display, AI-powered camera system, and all-day battery life — engineered for those who demand the best.</p><ul><li>High-resolution AMOLED display with 120Hz adaptive refresh rate</li><li>AI-enhanced multi-lens camera for professional-quality photography</li><li>Next-generation processor for seamless multitasking and gaming</li><li>5G connectivity for ultra-fast downloads and streaming</li><li>Advanced biometric security with in-display fingerprint sensor</li></ul>",Samsung,Electronics > Communications > Phones,Smartphone,"[""samsung"",""galaxy"",""5G""]",1299.0,,,,Samsung Galaxy S25 Ultra | AllGoodsCo Electronics,"Experience next-generation mobile performance with a stunning adaptive display, AI-powered camera system, and all-day battery life — engineered for those w",True,True,"""2026-07-28T01:07:38.800Z""","""2026-07-28T01:07:38.800Z""",https://images.samsung.com/is/image/samsung/p6pim/us/samsung-galaxy-s25-ultra/samsung-galaxy-s25-ultra-gallery-1.jpg,https://images.samsung.com/is/image/samsung/p6pim/us/samsung-galaxy-s25-ultra/samsung-galaxy-s25-ultra-gallery-2.jpg,https://images.samsung.com/is/image/samsung/p6pim/us/samsung-galaxy-s25-ultra/samsung-galaxy-s25-ultra-gallery-3.jpg,https://images.samsung.com/is/image/samsung/p6pim/us/samsung-galaxy-s25-ultra/samsung-galaxy-s25-ultra-gallery-4.jpg,https://images.samsung.com/is/image/samsung/p6pim/us/samsung-galaxy-s25-ultra/samsung-galaxy-s25-ultra-gallery-5.jpg
8,samsung-galaxy-s25-plus,Samsung Galaxy S25+,"<p>Experience next-generation mobile performance with a stunning adaptive display, AI-powered camera system, and all-day battery life — engineered for those who demand the best.</p><ul><li>High-resolution AMOLED display with 120Hz adaptive refresh rate</li><li>AI-enhanced multi-lens camera for professional-quality photography</li><li>Next-generation processor for seamless multitasking and gaming</li><li>5G connectivity for ultra-fast downloads and streaming</li><li>Advanced biometric security with in-display fingerprint sensor</li></ul>",Samsung,Electronics > Communications > Phones,Smartphone,"[""samsung"",""galaxy"",""5G""]",999.0,,,,Samsung Galaxy S25+ | AllGoodsCo Electronics,"Experience next-generation mobile performance with a stunning adaptive display, AI-powered camera system, and all-day battery life — engineered for those w",True,False,"""2026-07-28T01:07:38.803Z""","""2026-07-28T01:07:38.803Z""",https://images.samsung.com/is/image/samsung/p6pim/us/samsung-galaxy-s25-plus/samsung-galaxy-s25-plus-gallery-1.jpg,https://images.samsung.com/is/image/samsung/p6pim/us/samsung-galaxy-s25-plus/samsung-galaxy-s25-plus-gallery-2.jpg,https://images.samsung.com/is/image/samsung/p6pim/us/samsung-galaxy-s25-plus/samsung-galaxy-s25-plus-gallery-3.jpg,https://images.samsung.com/is/image/samsung/p6pim/us/samsung-galaxy-s25-plus/samsung-galaxy-s25-plus-gallery-4.jpg,https://images.samsung.com/is/image/samsung/p6pim/us/samsung-galaxy-s25-plus/samsung-galaxy-s25-plus-gallery-5.jpg
9,samsung-galaxy-s25,Samsung Galaxy S25,"<p>Experience next-generation mobile performance with a stunning adaptive display, AI-powered camera system, and all-day battery life — engineered for those who demand the best.</p><ul><li>High-resolution AMOLED display with 120Hz adaptive refresh rate</li><li>AI-enhanced multi-lens camera for professional-quality photography</li><li>Next-generation processor for seamless multitasking and gaming</li><li>5G connectivity for ultra-fast downloads and streaming</li><li>Advanced biometric security with in-display fingerprint sensor</li></ul>",Samsung,Electronics > Communications > Phones,Smartphone,"[""samsung"",""galaxy"",""5G""]",799.0,,,,Samsung Galaxy S25 | AllGoodsCo Electronics,"Experience next-generation mobile performance with a stunning adaptive display, AI-powered camera system, and all-day battery life — engineered for those w",True,True,"""2026-07-28T01:07:38.805Z""","""2026-07-28T01:07:38.805Z""",https://images.samsung.com/is/image/samsung/p6pim/us/samsung-galaxy-s25/samsung-galaxy-s25-gallery-1.jpg,https://images.samsung.com/is/image/samsung/p6pim/us/samsung-galaxy-s25/samsung-galaxy-s25-gallery-2.jpg,https://images.samsung.com/is/image/samsung/p6pim/us/samsung-galaxy-s25/samsung-galaxy-s25-gallery-3.jpg,https://images.samsung.com/is/image/samsung/p6pim/us/samsung-galaxy-s25/samsung-galaxy-s25-gallery-4.jpg,https://images.samsung.com/is/image/samsung/p6pim/us/samsung-galaxy-s25/samsung-galaxy-s25-gallery-5.jpg
10,samsung-galaxy-z-fold-6,Samsung Galaxy Z Fold 6,"<p>Experience next-generation mobile performance with a stunning adaptive display, AI-powered camera system, and all-day battery life — engineered for those who demand the best.</p><ul><li>High-resolution AMOLED display with 120Hz adaptive refresh rate</li><li>AI-enhanced multi-lens camera for professional-quality photography</li><li>Next-generation processor for seamless multitasking and gaming</li><li>5G connectivity for ultra-fast downloads and streaming</li><li>Advanced biometric security with in-display fingerprint sensor</li></ul>",Samsung,Electronics > Communications > Phones,Smartphone,"[""samsung"",""foldable""]",1899.0,,,,Samsung Galaxy Z Fold 6 | AllGoodsCo Electronics,"Experience next-generation mobile performance with a stunning adaptive display, AI-powered camera system, and all-day battery life — engineered for those w",True,False,"""2026-07-28T01:07:38.809Z""","""2026-07-28T01:07:38.809Z""",https://images.samsung.com/is/image/samsung/p6pim/us/samsung-galaxy-z-fold-6/samsung-galaxy-z-fold-6-gallery-1.jpg,https://images.samsung.com/is/image/samsung/p6pim/us/samsung-galaxy-z-fold-6/samsung-galaxy-z-fold-6-gallery-2.jpg,https://images.samsung.com/is/image/samsung/p6pim/us/samsung-galaxy-z-fold-6/samsung-galaxy-z-fold-6-gallery-3.jpg,https://images.samsung.com/is/image/samsung/p6pim/us/samsung-galaxy-z-fold-6/samsung-galaxy-z-fold-6-gallery-4.jpg,https://images.samsung.com/is/image/samsung/p6pim/us/samsung-galaxy-z-fold-6/samsung-galaxy-z-fold-6-gallery-5.jpg
11,samsung-galaxy-z-flip-6,Samsung Galaxy Z Flip 6,"<p>Experience next-generation mobile performance with a stunning adaptive display, AI-powered camera system, and all-day battery life — engineered for those who demand the best.</p><ul><li>High-resolution AMOLED display with 120Hz adaptive refresh rate</li><li>AI-enhanced multi-lens camera for professional-quality photography</li><li>Next-generation processor for seamless multitasking and gaming</li><li>5G connectivity for ultra-fast downloads and streaming</li><li>Advanced biometric security with in-display fingerprint sensor</li></ul>",Samsung,Electronics > Communications > Phones,Smartphone,"[""samsung"",""foldable""]",1099.0,,,,Samsung Galaxy Z Flip 6 | AllGoodsCo Electronics,"Experience next-generation mobile performance with a stunning adaptive display, AI-powered camera system, and all-day battery life — engineered for those w",True,False,"""2026-07-28T01:07:38.814Z""","""2026-07-28T01:07:38.814Z""",https://images.samsung.com/is/image/samsung/p6pim/us/samsung-galaxy-z-flip-6/samsung-galaxy-z-flip-6-gallery-1.jpg,https://images.samsung.com/is/image/samsung/p6pim/us/samsung-galaxy-z-flip-6/samsung-galaxy-z-flip-6-gallery-2.jpg,https://images.samsung.com/is/image/samsung/p6pim/us/samsung-galaxy-z-flip-6/samsung-galaxy-z-flip-6-gallery-3.jpg,https://images.samsung.com/is/image/samsung/p6pim/us/samsung-galaxy-z-flip-6/samsung-galaxy-z-flip-6-gallery-4.jpg,https://images.samsung.com/is/image/samsung/p6pim/us/samsung-galaxy-z-flip-6/samsung-galaxy-z-flip-6-gallery-5.jpg
12,samsung-galaxy-s24-fe,Samsung Galaxy S24 FE,"<p>Experience next-generation mobile performance with a stunning adaptive display, AI-powered camera system, and all-day battery life — engineered for those who demand the best.</p><ul><li>High-resolution AMOLED display with 120Hz adaptive refresh rate</li><li>AI-enhanced multi-lens camera for professional-quality photography</li><li>Next-generation processor for seamless multitasking and gaming</li><li>5G connectivity for ultra-fast downloads and streaming</li><li>Advanced biometric security with in-display fingerprint sensor</li></ul>",Samsung,Electronics > Communications > Phones,Smartphone,"[""samsung"",""galaxy"",""5G""]",649.0,,,,Samsung Galaxy S24 FE | AllGoodsCo Electronics,"Experience next-generation mobile performance with a stunning adaptive display, AI-powered camera system, and all-day battery life — engineered for those w",True,False,"""2026-07-28T01:07:38.818Z""","""2026-07-28T01:07:38.818Z""",https://images.samsung.com/is/image/samsung/p6pim/us/samsung-galaxy-s24-fe/samsung-galaxy-s24-fe-gallery-1.jpg,https://images.samsung.com/is/image/samsung/p6pim/us/samsung-galaxy-s24-fe/samsung-galaxy-s24-fe-gallery-2.jpg,https://images.samsung.com/is/image/samsung/p6pim/us/samsung-galaxy-s24-fe/samsung-galaxy-s24-fe-gallery-3.jpg,https://images.samsung.com/is/image/samsung/p6pim/us/samsung-galaxy-s24-fe/samsung-galaxy-s24-fe-gallery-4.jpg,https://images.samsung.com/is/image/samsung/p6pim/us/samsung-galaxy-s24-fe/samsung-galaxy-s24-fe-gallery-5.jpg
13,samsung-galaxy-a55-5g,Samsung Galaxy A55 5G,"<p>Experience next-generation mobile performance with a stunning adaptive display, AI-powered camera system, and all-day battery life — engineered for those who demand the best.</p><ul><li>High-resolution AMOLED display with 120Hz adaptive refresh rate</li><li>AI-enhanced multi-lens camera for professional-quality photography</li><li>Next-generation processor for seamless multitasking and gaming</li><li>5G connectivity for ultra-fast downloads and streaming</li><li>Advanced biometric security with in-display fingerprint sensor</li></ul>",Samsung,Electronics > Communications > Phones,Smartphone,"[""samsung"",""galaxy"",""5G""]",449.0,,,,Samsung Galaxy A55 5G | AllGoodsCo Electronics,"Experience next-generation mobile performance with a stunning adaptive display, AI-powered camera system, and all-day battery life — engineered for those w",True,False,"""2026-07-28T01:07:38.823Z""","""2026-07-28T01:07:38.823Z""",https://images.samsung.com/is/image/samsung/p6pim/us/samsung-galaxy-a55-5g/samsung-galaxy-a55-5g-gallery-1.jpg,https://images.samsung.com/is/image/samsung/p6pim/us/samsung-galaxy-a55-5g/samsung-galaxy-a55-5g-gallery-2.jpg,https://images.samsung.com/is/image/samsung/p6pim/us/samsung-galaxy-a55-5g/samsung-galaxy-a55-5g-gallery-3.jpg,https://images.samsung.com/is/image/samsung/p6pim/us/samsung-galaxy-a55-5g/samsung-galaxy-a55-5g-gallery-4.jpg,https://images.samsung.com/is/image/samsung/p6pim/us/samsung-galaxy-a55-5g/samsung-galaxy-a55-5g-gallery-5.jpg
14,samsung-galaxy-a35-5g,Samsung Galaxy A35 5G,"<p>Experience next-generation mobile performance with a stunning adaptive display, AI-powered camera system, and all-day battery life — engineered for those who demand the best.</p><ul><li>High-resolution AMOLED display with 120Hz adaptive refresh rate</li><li>AI-enhanced multi-lens camera for professional-quality photography</li><li>Next-generation processor for seamless multitasking and gaming</li><li>5G connectivity for ultra-fast downloads and streaming</li><li>Advanced biometric security with in-display fingerprint sensor</li></ul>",Samsung,Electronics > Communications > Phones,Smartphone,"[""samsung"",""galaxy"",""5G""]",399.0,,,,Samsung Galaxy A35 5G | AllGoodsCo Electronics,"Experience next-generation mobile performance with a stunning adaptive display, AI-powered camera system, and all-day battery life — engineered for those w",True,False,"""2026-07-28T01:07:38.825Z""","""2026-07-28T01:07:38.825Z""",https://images.samsung.com/is/image/samsung/p6pim/us/samsung-galaxy-a35-5g/samsung-galaxy-a35-5g-gallery-1.jpg,https://images.samsung.com/is/image/samsung/p6pim/us/samsung-galaxy-a35-5g/samsung-galaxy-a35-5g-gallery-2.jpg,https://images.samsung.com/is/image/samsung/p6pim/us/samsung-galaxy-a35-5g/samsung-galaxy-a35-5g-gallery-3.jpg,https://images.samsung.com/is/image/samsung/p6pim/us/samsung-galaxy-a35-5g/samsung-galaxy-a35-5g-gallery-4.jpg,https://images.samsung.com/is/image/samsung/p6pim/us/samsung-galaxy-a35-5g/samsung-galaxy-a35-5g-gallery-5.jpg
15,google-pixel-9-pro-xl,Google Pixel 9 Pro XL,"<p>Experience next-generation mobile performance with a stunning adaptive display, AI-powered camera system, and all-day battery life — engineered for those who demand the best.</p><ul><li>High-resolution AMOLED display with 120Hz adaptive refresh rate</li><li>AI-enhanced multi-lens camera for professional-quality photography</li><li>Next-generation processor for seamless multitasking and gaming</li><li>5G connectivity for ultra-fast downloads and streaming</li><li>Advanced biometric security with in-display fingerprint sensor</li></ul>",Google,Electronics > Communications > Phones,Smartphone,"[""google"",""pixel"",""5G""]",1099.0,,,,Google Pixel 9 Pro XL | AllGoodsCo Electronics,"Experience next-generation mobile performance with a stunning adaptive display, AI-powered camera system, and all-day battery life — engineered for those w",True,False,"""2026-07-28T01:07:38.829Z""","""2026-07-28T01:07:38.829Z""",https://lh3.googleusercontent.com/product/google-pixel-9-pro-xl-img-1,https://lh3.googleusercontent.com/product/google-pixel-9-pro-xl-img-2,https://lh3.googleusercontent.com/product/google-pixel-9-pro-xl-img-3,https://lh3.googleusercontent.com/product/google-pixel-9-pro-xl-img-4,https://lh3.googleusercontent.com/product/google-pixel-9-pro-xl-img-5
16,google-pixel-9-pro,Google Pixel 9 Pro,"<p>Experience next-generation mobile performance with a stunning adaptive display, AI-powered camera system, and all-day battery life — engineered for those who demand the best.</p><ul><li>High-resolution AMOLED display with 120Hz adaptive refresh rate</li><li>AI-enhanced multi-lens camera for professional-quality photography</li><li>Next-generation processor for seamless multitasking and gaming</li><li>5G connectivity for ultra-fast downloads and streaming</li><li>Advanced biometric security with in-display fingerprint sensor</li></ul>",Google,Electronics > Communications > Phones,Smartphone,"[""google"",""pixel"",""5G""]",999.0,,,,Google Pixel 9 Pro | AllGoodsCo Electronics,"Experience next-generation mobile performance with a stunning adaptive display, AI-powered camera system, and all-day battery life — engineered for those w",True,False,"""2026-07-28T01:07:38.831Z""","""2026-07-28T01:07:38.831Z""",https://lh3.googleusercontent.com/product/google-pixel-9-pro-img-1,https://lh3.googleusercontent.com/product/google-pixel-9-pro-img-2,https://lh3.googleusercontent.com/product/google-pixel-9-pro-img-3,https://lh3.googleusercontent.com/product/google-pixel-9-pro-img-4,https://lh3.googleusercontent.com/product/google-pixel-9-pro-img-5
17,google-pixel-9,Google Pixel 9,"<p>Experience next-generation mobile performance with a stunning adaptive display, AI-powered camera system, and all-day battery life — engineered for those who demand the best.</p><ul><li>High-resolution AMOLED display with 120Hz adaptive refresh rate</li><li>AI-enhanced multi-lens camera for professional-quality photography</li><li>Next-generation processor for seamless multitasking and gaming</li><li>5G connectivity for ultra-fast downloads and streaming</li><li>Advanced biometric security with in-display fingerprint sensor</li></ul>",Google,Electronics > Communications > Phones,Smartphone,"[""google"",""pixel"",""5G""]",799.0,,,,Google Pixel 9 | AllGoodsCo Electronics,"Experience next-generation mobile performance with a stunning adaptive display, AI-powered camera system, and all-day battery life — engineered for those w",True,False,"""2026-07-28T01:07:38.833Z""","""2026-07-28T01:07:38.833Z""",https://lh3.googleusercontent.com/product/google-pixel-9-img-1,https://lh3.googleusercontent.com/product/google-pixel-9-img-2,https://lh3.googleusercontent.com/product/google-pixel-9-img-3,https://lh3.googleusercontent.com/product/google-pixel-9-img-4,https://lh3.googleusercontent.com/product/google-pixel-9-img-5
18,google-pixel-9a,Google Pixel 9a,"<p>Experience next-generation mobile performance with a stunning adaptive display, AI-powered camera system, and all-day battery life — engineered for those who demand the best.</p><ul><li>High-resolution AMOLED display with 120Hz adaptive refresh rate</li><li>AI-enhanced multi-lens camera for professional-quality photography</li><li>Next-generation processor for seamless multitasking and gaming</li><li>5G connectivity for ultra-fast downloads and streaming</li><li>Advanced biometric security with in-display fingerprint sensor</li></ul>",Google,Electronics > Communications > Phones,Smartphone,"[""google"",""pixel"",""5G""]",499.0,,,,Google Pixel 9a | AllGoodsCo Electronics,"Experience next-generation mobile performance with a stunning adaptive display, AI-powered camera system, and all-day battery life — engineered for those w",True,False,"""2026-07-28T01:07:38.840Z""","""2026-07-28T01:07:38.840Z""",https://lh3.googleusercontent.com/product/google-pixel-9a-img-1,https://lh3.googleusercontent.com/product/google-pixel-9a-img-2,https://lh3.googleusercontent.com/product/google-pixel-9a-img-3,https://lh3.googleusercontent.com/product/google-pixel-9a-img-4,https://lh3.googleusercontent.com/product/google-pixel-9a-img-5
19,oneplus-13,OnePlus 13,"<p>Experience next-generation mobile performance with a stunning adaptive display, AI-powered camera system, and all-day battery life — engineered for those who demand the best.</p><ul><li>High-resolution AMOLED display with 120Hz adaptive refresh rate</li><li>AI-enhanced multi-lens camera for professional-quality photography</li><li>Next-generation processor for seamless multitasking and gaming</li><li>5G connectivity for ultra-fast downloads and streaming</li><li>Advanced biometric security with in-display fingerprint sensor</li></ul>",OnePlus,Electronics > Communications > Phones,Smartphone,"[""oneplus"",""5G""]",899.0,,,,OnePlus 13 | AllGoodsCo Electronics,"Experience next-generation mobile performance with a stunning adaptive display, AI-powered camera system, and all-day battery life — engineered for those w",True,False,"""2026-07-28T01:07:38.843Z""","""2026-07-28T01:07:38.843Z""",https://m.media-amazon.com/images/I/oneplus-13-pic-1.jpg,https://m.media-amazon.com/images/I/oneplus-13-pic-2.jpg,https://m.media-amazon.com/images/I/oneplus-13-pic-3.jpg,https://m.media-amazon.com/images/I/oneplus-13-pic-4.jpg,https://m.media-amazon.com/images/I/oneplus-13-pic-5.jpg
20,oneplus-13r,OnePlus 13R,"<p>Experience next-generation mobile performance with a stunning adaptive display, AI-powered camera system, and all-day battery life — engineered for those who demand the best.</p><ul><li>High-resolution AMOLED display with 120Hz adaptive refresh rate</li><li>AI-enhanced multi-lens camera for professional-quality photography</li><li>Next-generation processor for seamless multitasking and gaming</li><li>5G connectivity for ultra-fast downloads and streaming</li><li>Advanced biometric security with in-display fingerprint sensor</li></ul>",OnePlus,Electronics > Communications > Phones,Smartphone,"[""oneplus"",""5G""]",599.0,,,,OnePlus 13R | AllGoodsCo Electronics,"Experience next-generation mobile performance with a stunning adaptive display, AI-powered camera system, and all-day battery life — engineered for those w",True,False,"""2026-07-28T01:07:38.850Z""","""2026-07-28T01:07:38.850Z""",https://m.media-amazon.com/images/I/oneplus-13r-pic-1.jpg,https://m.media-amazon.com/images/I/oneplus-13r-pic-2.jpg,https://m.media-amazon.com/images/I/oneplus-13r-pic-3.jpg,https://m.media-amazon.com/images/I/oneplus-13r-pic-4.jpg,https://m.media-amazon.com/images/I/oneplus-13r-pic-5.jpg
21,motorola-edge-50-ultra,Motorola Edge 50 Ultra,"<p>Experience next-generation mobile performance with a stunning adaptive display, AI-powered camera system, and all-day battery life — engineered for those who demand the best.</p><ul><li>High-resolution AMOLED display with 120Hz adaptive refresh rate</li><li>AI-enhanced multi-lens camera for professional-quality photography</li><li>Next-generation processor for seamless multitasking and gaming</li><li>5G connectivity for ultra-fast downloads and streaming</li><li>Advanced biometric security with in-display fingerprint sensor</li></ul>",Motorola,Electronics > Communications > Phones,Smartphone,"[""motorola"",""5G""]",699.0,,,,Motorola Edge 50 Ultra | AllGoodsCo Electronics,"Experience next-generation mobile performance with a stunning adaptive display, AI-powered camera system, and all-day battery life — engineered for those w",True,False,"""2026-07-28T01:07:38.853Z""","""2026-07-28T01:07:38.853Z""",https://m.media-amazon.com/images/I/motorola-edge-50-ultra-pic-1.jpg,https://m.media-amazon.com/images/I/motorola-edge-50-ultra-pic-2.jpg,https://m.media-amazon.com/images/I/motorola-edge-50-ultra-pic-3.jpg,https://m.media-amazon.com/images/I/motorola-edge-50-ultra-pic-4.jpg,https://m.media-amazon.com/images/I/motorola-edge-50-ultra-pic-5.jpg
22,motorola-moto-g-power-5g-2025,Motorola Moto G Power 5G (2025),"<p>Experience next-generation mobile performance with a stunning adaptive display, AI-powered camera system, and all-day battery life — engineered for those who demand the best.</p><ul><li>High-resolution AMOLED display with 120Hz adaptive refresh rate</li><li>AI-enhanced multi-lens camera for professional-quality photography</li><li>Next-generation processor for seamless multitasking and gaming</li><li>5G connectivity for ultra-fast downloads and streaming</li><li>Advanced biometric security with in-display fingerprint sensor</li></ul>",Motorola,Electronics > Communications > Phones,Smartphone,"[""motorola"",""5G""]",299.0,,,,Motorola Moto G Power 5G (2025) | AllGoodsCo Electronics,"Experience next-generation mobile performance with a stunning adaptive display, AI-powered camera system, and all-day battery life — engineered for those w",True,False,"""2026-07-28T01:07:38.856Z""","""2026-07-28T01:07:38.856Z""",https://m.media-amazon.com/images/I/motorola-moto-g-power-5g-2025-pic-1.jpg,https://m.media-amazon.com/images/I/motorola-moto-g-power-5g-2025-pic-2.jpg,https://m.media-amazon.com/images/I/motorola-moto-g-power-5g-2025-pic-3.jpg,https://m.media-amazon.com/images/I/motorola-moto-g-power-5g-2025-pic-4.jpg,https://m.media-amazon.com/images/I/motorola-moto-g-power-5g-2025-pic-5.jpg
23,nothing-phone-2a-plus,Nothing Phone (2a) Plus,"<p>Experience next-generation mobile performance with a stunning adaptive display, AI-powered camera system, and all-day battery life — engineered for those who demand the best.</p><ul><li>High-resolution AMOLED display with 120Hz adaptive refresh rate</li><li>AI-enhanced multi-lens camera for professional-quality photography</li><li>Next-generation processor for seamless multitasking and gaming</li><li>5G connectivity for ultra-fast downloads and streaming</li><li>Advanced biometric security with in-display fingerprint sensor</li></ul>",Nothing,Electronics > Communications > Phones,Smartphone,"[""nothing"",""5G""]",499.0,,,,Nothing Phone (2a) Plus | AllGoodsCo Electronics,"Experience next-generation mobile performance with a stunning adaptive display, AI-powered camera system, and all-day battery life — engineered for those w",True,False,"""2026-07-28T01:07:38.858Z""","""2026-07-28T01:07:38.858Z""",https://m.media-amazon.com/images/I/nothing-phone-2a-plus-pic-1.jpg,https://m.media-amazon.com/images/I/nothing-phone-2a-plus-pic-2.jpg,https://m.media-amazon.com/images/I/nothing-phone-2a-plus-pic-3.jpg,https://m.media-amazon.com/images/I/nothing-phone-2a-plus-pic-4.jpg,https://m.media-amazon.com/images/I/nothing-phone-2a-plus-pic-5.jpg
24,sony-xperia-1-vi,Sony Xperia 1 VI,"<p>Experience next-generation mobile performance with a stunning adaptive display, AI-powered camera system, and all-day battery life — engineered for those who demand the best.</p><ul><li>High-resolution AMOLED display with 120Hz adaptive refresh rate</li><li>AI-enhanced multi-lens camera for professional-quality photography</li><li>Next-generation processor for seamless multitasking and gaming</li><li>5G connectivity for ultra-fast downloads and streaming</li><li>Advanced biometric security with in-display fingerprint sensor</li></ul>",Sony,Electronics > Communications > Phones,Smartphone,"[""sony"",""xperia"",""5G""]",1299.0,,,,Sony Xperia 1 VI | AllGoodsCo Electronics,"Experience next-generation mobile performance with a stunning adaptive display, AI-powered camera system, and all-day battery life — engineered for those w",True,False,"""2026-07-28T01:07:38.860Z""","""2026-07-28T01:07:38.860Z""",https://sony.scene7.com/is/image/sony/sony-xperia-1-vi-view-1,https://sony.scene7.com/is/image/sony/sony-xperia-1-vi-view-2,https://sony.scene7.com/is/image/sony/sony-xperia-1-vi-view-3,https://sony.scene7.com/is/image/sony/sony-xperia-1-vi-view-4,https://sony.scene7.com/is/image/sony/sony-xperia-1-vi-view-5
25,xiaomi-14-ultra,Xiaomi 14 Ultra,"<p>Experience next-generation mobile performance with a stunning adaptive display, AI-powered camera system, and all-day battery life — engineered for those who demand the best.</p><ul><li>High-resolution AMOLED display with 120Hz adaptive refresh rate</li><li>AI-enhanced multi-lens camera for professional-quality photography</li><li>Next-generation processor for seamless multitasking and gaming</li><li>5G connectivity for ultra-fast downloads and streaming</li><li>Advanced biometric security with in-display fingerprint sensor</li></ul>",Xiaomi,Electronics > Communications > Phones,Smartphone,"[""xiaomi"",""5G""]",1499.0,,,,Xiaomi 14 Ultra | AllGoodsCo Electronics,"Experience next-generation mobile performance with a stunning adaptive display, AI-powered camera system, and all-day battery life — engineered for those w",True,False,"""2026-07-28T01:07:38.865Z""","""2026-07-28T01:07:38.865Z""",https://m.media-amazon.com/images/I/xiaomi-14-ultra-pic-1.jpg,https://m.media-amazon.com/images/I/xiaomi-14-ultra-pic-2.jpg,https://m.media-amazon.com/images/I/xiaomi-14-ultra-pic-3.jpg,https://m.media-amazon.com/images/I/xiaomi-14-ultra-pic-4.jpg,https://m.media-amazon.com/images/I/xiaomi-14-ultra-pic-5.jpg
26,asus-zenfone-11-ultra,ASUS Zenfone 11 Ultra,"<p>Experience next-generation mobile performance with a stunning adaptive display, AI-powered camera system, and all-day battery life — engineered for those who demand the best.</p><ul><li>High-resolution AMOLED display with 120Hz adaptive refresh rate</li><li>AI-enhanced multi-lens camera for professional-quality photography</li><li>Next-generation processor for seamless multitasking and gaming</li><li>5G connectivity for ultra-fast downloads and streaming</li><li>Advanced biometric security with in-display fingerprint sensor</li></ul>",ASUS,Electronics > Communications > Phones,Smartphone,"[""asus"",""5G""]",899.0,,,,ASUS Zenfone 11 Ultra | AllGoodsCo Electronics,"Experience next-generation mobile performance with a stunning adaptive display, AI-powered camera system, and all-day battery life — engineered for those w",True,False,"""2026-07-28T01:07:38.868Z""","""2026-07-28T01:07:38.868Z""",https://m.media-amazon.com/images/I/asus-zenfone-11-ultra-pic-1.jpg,https://m.media-amazon.com/images/I/asus-zenfone-11-ultra-pic-2.jpg,https://m.media-amazon.com/images/I/asus-zenfone-11-ultra-pic-3.jpg,https://m.media-amazon.com/images/I/asus-zenfone-11-ultra-pic-4.jpg,https://m.media-amazon.com/images/I/asus-zenfone-11-ultra-pic-5.jpg
27,samsung-galaxy-s25-edge,Samsung Galaxy S25 Edge,"<p>Experience next-generation mobile performance with a stunning adaptive display, AI-powered camera system, and all-day battery life — engineered for those who demand the best.</p><ul><li>High-resolution AMOLED display with 120Hz adaptive refresh rate</li><li>AI-enhanced multi-lens camera for professional-quality photography</li><li>Next-generation processor for seamless multitasking and gaming</li><li>5G connectivity for ultra-fast downloads and streaming</li><li>Advanced biometric security with in-display fingerprint sensor</li></ul>",Samsung,Electronics > Communications > Phones,Smartphone,"[""samsung"",""5G""]",1099.0,,,,Samsung Galaxy S25 Edge | AllGoodsCo Electronics,"Experience next-generation mobile performance with a stunning adaptive display, AI-powered camera system, and all-day battery life — engineered for those w",True,False,"""2026-07-28T01:07:38.873Z""","""2026-07-28T01:07:38.873Z""",https://images.samsung.com/is/image/samsung/p6pim/us/samsung-galaxy-s25-edge/samsung-galaxy-s25-edge-gallery-1.jpg,https://images.samsung.com/is/image/samsung/p6pim/us/samsung-galaxy-s25-edge/samsung-galaxy-s25-edge-gallery-2.jpg,https://images.samsung.com/is/image/samsung/p6pim/us/samsung-galaxy-s25-edge/samsung-galaxy-s25-edge-gallery-3.jpg,https://images.samsung.com/is/image/samsung/p6pim/us/samsung-galaxy-s25-edge/samsung-galaxy-s25-edge-gallery-4.jpg,https://images.samsung.com/is/image/samsung/p6pim/us/samsung-galaxy-s25-edge/samsung-galaxy-s25-edge-gallery-5.jpg
28,vivo-x200-pro,Vivo X200 Pro,"<p>Experience next-generation mobile performance with a stunning adaptive display, AI-powered camera system, and all-day battery life — engineered for those who demand the best.</p><ul><li>High-resolution AMOLED display with 120Hz adaptive refresh rate</li><li>AI-enhanced multi-lens camera for professional-quality photography</li><li>Next-generation processor for seamless multitasking and gaming</li><li>5G connectivity for ultra-fast downloads and streaming</li><li>Advanced biometric security with in-display fingerprint sensor</li></ul>",Vivo,Electronics > Communications > Phones,Smartphone,"[""vivo"",""5G""]",1199.0,,,,Vivo X200 Pro | AllGoodsCo Electronics,"Experience next-generation mobile performance with a stunning adaptive display, AI-powered camera system, and all-day battery life — engineered for those w",True,False,"""2026-07-28T01:07:38.878Z""","""2026-07-28T01:07:38.878Z""",https://m.media-amazon.com/images/I/vivo-x200-pro-pic-1.jpg,https://m.media-amazon.com/images/I/vivo-x200-pro-pic-2.jpg,https://m.media-amazon.com/images/I/vivo-x200-pro-pic-3.jpg,https://m.media-amazon.com/images/I/vivo-x200-pro-pic-4.jpg,https://m.media-amazon.com/images/I/vivo-x200-pro-pic-5.jpg
29,huawei-pura-70-pro,Huawei Pura 70 Pro,"<p>Experience next-generation mobile performance with a stunning adaptive display, AI-powered camera system, and all-day battery life — engineered for those who demand the best.</p><ul><li>High-resolution AMOLED display with 120Hz adaptive refresh rate</li><li>AI-enhanced multi-lens camera for professional-quality photography</li><li>Next-generation processor for seamless multitasking and gaming</li><li>5G connectivity for ultra-fast downloads and streaming</li><li>Advanced biometric security with in-display fingerprint sensor</li></ul>",Huawei,Electronics > Communications > Phones,Smartphone,"[""huawei"",""5G""]",1099.0,,,,Huawei Pura 70 Pro | AllGoodsCo Electronics,"Experience next-generation mobile performance with a stunning adaptive display, AI-powered camera system, and all-day battery life — engineered for those w",True,False,"""2026-07-28T01:07:38.880Z""","""2026-07-28T01:07:38.880Z""",https://m.media-amazon.com/images/I/huawei-pura-70-pro-pic-1.jpg,https://m.media-amazon.com/images/I/huawei-pura-70-pro-pic-2.jpg,https://m.media-amazon.com/images/I/huawei-pura-70-pro-pic-3.jpg,https://m.media-amazon.com/images/I/huawei-pura-70-pro-pic-4.jpg,https://m.media-amazon.com/images/I/huawei-pura-70-pro-pic-5.jpg
30,realme-gt-7-pro,Realme GT 7 Pro,"<p>Experience next-generation mobile performance with a stunning adaptive display, AI-powered camera system, and all-day battery life — engineered for those who demand the best.</p><ul><li>High-resolution AMOLED display with 120Hz adaptive refresh rate</li><li>AI-enhanced multi-lens camera for professional-quality photography</li><li>Next-generation processor for seamless multitasking and gaming</li><li>5G connectivity for ultra-fast downloads and streaming</li><li>Advanced biometric security with in-display fingerprint sensor</li></ul>",Realme,Electronics > Communications > Phones,Smartphone,"[""realme"",""5G""]",699.0,,,,Realme GT 7 Pro | AllGoodsCo Electronics,"Experience next-generation mobile performance with a stunning adaptive display, AI-powered camera system, and all-day battery life — engineered for those w",True,False,"""2026-07-28T01:07:38.883Z""","""2026-07-28T01:07:38.883Z""",https://m.media-amazon.com/images/I/realme-gt-7-pro-pic-1.jpg,https://m.media-amazon.com/images/I/realme-gt-7-pro-pic-2.jpg,https://m.media-amazon.com/images/I/realme-gt-7-pro-pic-3.jpg,https://m.media-amazon.com/images/I/realme-gt-7-pro-pic-4.jpg,https://m.media-amazon.com/images/I/realme-gt-7-pro-pic-5.jpg
31,apple-ipad-pro-11-m4,"Apple iPad Pro 11"" M4","<p>Redefine what a tablet can do with a stunning Liquid Retina display, pro-level performance, and an ecosystem of accessories built for creators, students, and professionals alike.</p><ul><li>Brilliant display with ProMotion adaptive refresh and P3 wide color</li><li>All-day battery life in a thin lightweight design</li><li>Powerful chip handles creative workloads with ease</li><li>Support for Apple Pencil and keyboard accessories</li><li>Wi-Fi 6E and optional 5G cellular connectivity</li></ul>",Apple,Electronics > Computers > Tablets,Tablet,"[""apple"",""ipad"",""M4"",""OLED""]",999.0,,,,"Apple iPad Pro 11"" M4 | AllGoodsCo Electronics","Redefine what a tablet can do with a stunning Liquid Retina display, pro-level performance, and an ecosystem of accessories built for creators, students, a",True,False,"""2026-07-28T01:07:38.886Z""","""2026-07-28T01:07:38.886Z""",https://store.storeimages.cdn-apple.com/as-images.apple.com/is/apple-ipad-pro-11-m4-gallery-1?wid=1000,https://store.storeimages.cdn-apple.com/as-images.apple.com/is/apple-ipad-pro-11-m4-gallery-2?wid=1000,https://store.storeimages.cdn-apple.com/as-images.apple.com/is/apple-ipad-pro-11-m4-gallery-3?wid=1000,https://store.storeimages.cdn-apple.com/as-images.apple.com/is/apple-ipad-pro-11-m4-gallery-4?wid=1000,https://store.storeimages.cdn-apple.com/as-images.apple.com/is/apple-ipad-pro-11-m4-gallery-5?wid=1000
32,apple-ipad-pro-13-m4,"Apple iPad Pro 13"" M4","<p>Redefine what a tablet can do with a stunning Liquid Retina display, pro-level performance, and an ecosystem of accessories built for creators, students, and professionals alike.</p><ul><li>Brilliant display with ProMotion adaptive refresh and P3 wide color</li><li>All-day battery life in a thin lightweight design</li><li>Powerful chip handles creative workloads with ease</li><li>Support for Apple Pencil and keyboard accessories</li><li>Wi-Fi 6E and optional 5G cellular connectivity</li></ul>",Apple,Electronics > Computers > Tablets,Tablet,"[""apple"",""ipad"",""M4"",""OLED""]",1299.0,,,,"Apple iPad Pro 13"" M4 | AllGoodsCo Electronics","Redefine what a tablet can do with a stunning Liquid Retina display, pro-level performance, and an ecosystem of accessories built for creators, students, a",True,True,"""2026-07-28T01:07:38.888Z""","""2026-07-28T01:07:38.888Z""",https://store.storeimages.cdn-apple.com/as-images.apple.com/is/apple-ipad-pro-13-m4-gallery-1?wid=1000,https://store.storeimages.cdn-apple.com/as-images.apple.com/is/apple-ipad-pro-13-m4-gallery-2?wid=1000,https://store.storeimages.cdn-apple.com/as-images.apple.com/is/apple-ipad-pro-13-m4-gallery-3?wid=1000,https://store.storeimages.cdn-apple.com/as-images.apple.com/is/apple-ipad-pro-13-m4-gallery-4?wid=1000,https://store.storeimages.cdn-apple.com/as-images.apple.com/is/apple-ipad-pro-13-m4-gallery-5?wid=1000
33,apple-ipad-air-11-m2,"Apple iPad Air 11"" M2","<p>Redefine what a tablet can do with a stunning Liquid Retina display, pro-level performance, and an ecosystem of accessories built for creators, students, and professionals alike.</p><ul><li>Brilliant display with ProMotion adaptive refresh and P3 wide color</li><li>All-day battery life in a thin lightweight design</li><li>Powerful chip handles creative workloads with ease</li><li>Support for Apple Pencil and keyboard accessories</li><li>Wi-Fi 6E and optional 5G cellular connectivity</li></ul>",Apple,Electronics > Computers > Tablets,Tablet,"[""apple"",""ipad"",""M2""]",599.0,,,,"Apple iPad Air 11"" M2 | AllGoodsCo Electronics","Redefine what a tablet can do with a stunning Liquid Retina display, pro-level performance, and an ecosystem of accessories built for creators, students, a",True,False,"""2026-07-28T01:07:38.890Z""","""2026-07-28T01:07:38.890Z""",https://store.storeimages.cdn-apple.com/as-images.apple.com/is/apple-ipad-air-11-m2-gallery-1?wid=1000,https://store.storeimages.cdn-apple.com/as-images.apple.com/is/apple-ipad-air-11-m2-gallery-2?wid=1000,https://store.storeimages.cdn-apple.com/as-images.apple.com/is/apple-ipad-air-11-m2-gallery-3?wid=1000,https://store.storeimages.cdn-apple.com/as-images.apple.com/is/apple-ipad-air-11-m2-gallery-4?wid=1000,https://store.storeimages.cdn-apple.com/as-images.apple.com/is/apple-ipad-air-11-m2-gallery-5?wid=1000
34,apple-ipad-air-13-m2,"Apple iPad Air 13"" M2","<p>Redefine what a tablet can do with a stunning Liquid Retina display, pro-level performance, and an ecosystem of accessories built for creators, students, and professionals alike.</p><ul><li>Brilliant display with ProMotion adaptive refresh and P3 wide color</li><li>All-day battery life in a thin lightweight design</li><li>Powerful chip handles creative workloads with ease</li><li>Support for Apple Pencil and keyboard accessories</li><li>Wi-Fi 6E and optional 5G cellular connectivity</li></ul>",Apple,Electronics > Computers > Tablets,Tablet,"[""apple"",""ipad"",""M2""]",799.0,,,,"Apple iPad Air 13"" M2 | AllGoodsCo Electronics","Redefine what a tablet can do with a stunning Liquid Retina display, pro-level performance, and an ecosystem of accessories built for creators, students, a",True,False,"""2026-07-28T01:07:38.892Z""","""2026-07-28T01:07:38.892Z""",https://store.storeimages.cdn-apple.com/as-images.apple.com/is/apple-ipad-air-13-m2-gallery-1?wid=1000,https://store.storeimages.cdn-apple.com/as-images.apple.com/is/apple-ipad-air-13-m2-gallery-2?wid=1000,https://store.storeimages.cdn-apple.com/as-images.apple.com/is/apple-ipad-air-13-m2-gallery-3?wid=1000,https://store.storeimages.cdn-apple.com/as-images.apple.com/is/apple-ipad-air-13-m2-gallery-4?wid=1000,https://store.storeimages.cdn-apple.com/as-images.apple.com/is/apple-ipad-air-13-m2-gallery-5?wid=1000
35,apple-ipad-mini-7,Apple iPad mini 7,"<p>Redefine what a tablet can do with a stunning Liquid Retina display, pro-level performance, and an ecosystem of accessories built for creators, students, and professionals alike.</p><ul><li>Brilliant display with ProMotion adaptive refresh and P3 wide color</li><li>All-day battery life in a thin lightweight design</li><li>Powerful chip handles creative workloads with ease</li><li>Support for Apple Pencil and keyboard accessories</li><li>Wi-Fi 6E and optional 5G cellular connectivity</li></ul>",Apple,Electronics > Computers > Tablets,Tablet,"[""apple"",""ipad"",""mini""]",499.0,,,,Apple iPad mini 7 | AllGoodsCo Electronics,"Redefine what a tablet can do with a stunning Liquid Retina display, pro-level performance, and an ecosystem of accessories built for creators, students, a",True,False,"""2026-07-28T01:07:38.895Z""","""2026-07-28T01:07:38.895Z""",https://store.storeimages.cdn-apple.com/as-images.apple.com/is/apple-ipad-mini-7-gallery-1?wid=1000,https://store.storeimages.cdn-apple.com/as-images.apple.com/is/apple-ipad-mini-7-gallery-2?wid=1000,https://store.storeimages.cdn-apple.com/as-images.apple.com/is/apple-ipad-mini-7-gallery-3?wid=1000,https://store.storeimages.cdn-apple.com/as-images.apple.com/is/apple-ipad-mini-7-gallery-4?wid=1000,https://store.storeimages.cdn-apple.com/as-images.apple.com/is/apple-ipad-mini-7-gallery-5?wid=1000
36,apple-ipad-10th-gen,Apple iPad (10th Gen),"<p>Redefine what a tablet can do with a stunning Liquid Retina display, pro-level performance, and an ecosystem of accessories built for creators, students, and professionals alike.</p><ul><li>Brilliant display with ProMotion adaptive refresh and P3 wide color</li><li>All-day battery life in a thin lightweight design</li><li>Powerful chip handles creative workloads with ease</li><li>Support for Apple Pencil and keyboard accessories</li><li>Wi-Fi 6E and optional 5G cellular connectivity</li></ul>",Apple,Electronics > Computers > Tablets,Tablet,"[""apple"",""ipad""]",349.0,,,,Apple iPad (10th Gen) | AllGoodsCo Electronics,"Redefine what a tablet can do with a stunning Liquid Retina display, pro-level performance, and an ecosystem of accessories built for creators, students, a",True,False,"""2026-07-28T01:07:38.897Z""","""2026-07-28T01:07:38.897Z""",https://store.storeimages.cdn-apple.com/as-images.apple.com/is/apple-ipad-10th-gen-gallery-1?wid=1000,https://store.storeimages.cdn-apple.com/as-images.apple.com/is/apple-ipad-10th-gen-gallery-2?wid=1000,https://store.storeimages.cdn-apple.com/as-images.apple.com/is/apple-ipad-10th-gen-gallery-3?wid=1000,https://store.storeimages.cdn-apple.com/as-images.apple.com/is/apple-ipad-10th-gen-gallery-4?wid=1000,https://store.storeimages.cdn-apple.com/as-images.apple.com/is/apple-ipad-10th-gen-gallery-5?wid=1000
37,samsung-galaxy-tab-s10-ultra,Samsung Galaxy Tab S10 Ultra,"<p>Redefine what a tablet can do with a stunning Liquid Retina display, pro-level performance, and an ecosystem of accessories built for creators, students, and professionals alike.</p><ul><li>Brilliant display with ProMotion adaptive refresh and P3 wide color</li><li>All-day battery life in a thin lightweight design</li><li>Powerful chip handles creative workloads with ease</li><li>Support for Apple Pencil and keyboard accessories</li><li>Wi-Fi 6E and optional 5G cellular connectivity</li></ul>",Samsung,Electronics > Computers > Tablets,Tablet,"[""samsung"",""galaxy-tab""]",1199.0,,,,Samsung Galaxy Tab S10 Ultra | AllGoodsCo Electronics,"Redefine what a tablet can do with a stunning Liquid Retina display, pro-level performance, and an ecosystem of accessories built for creators, students, a",True,False,"""2026-07-28T01:07:38.899Z""","""2026-07-28T01:07:38.899Z""",https://images.samsung.com/is/image/samsung/p6pim/us/samsung-galaxy-tab-s10-ultra/samsung-galaxy-tab-s10-ultra-gallery-1.jpg,https://images.samsung.com/is/image/samsung/p6pim/us/samsung-galaxy-tab-s10-ultra/samsung-galaxy-tab-s10-ultra-gallery-2.jpg,https://images.samsung.com/is/image/samsung/p6pim/us/samsung-galaxy-tab-s10-ultra/samsung-galaxy-tab-s10-ultra-gallery-3.jpg,https://images.samsung.com/is/image/samsung/p6pim/us/samsung-galaxy-tab-s10-ultra/samsung-galaxy-tab-s10-ultra-gallery-4.jpg,https://images.samsung.com/is/image/samsung/p6pim/us/samsung-galaxy-tab-s10-ultra/samsung-galaxy-tab-s10-ultra-gallery-5.jpg
38,samsung-galaxy-tab-s10-plus,Samsung Galaxy Tab S10+,"<p>Redefine what a tablet can do with a stunning Liquid Retina display, pro-level performance, and an ecosystem of accessories built for creators, students, and professionals alike.</p><ul><li>Brilliant display with ProMotion adaptive refresh and P3 wide color</li><li>All-day battery life in a thin lightweight design</li><li>Powerful chip handles creative workloads with ease</li><li>Support for Apple Pencil and keyboard accessories</li><li>Wi-Fi 6E and optional 5G cellular connectivity</li></ul>",Samsung,Electronics > Computers > Tablets,Tablet,"[""samsung"",""galaxy-tab""]",999.0,,,,Samsung Galaxy Tab S10+ | AllGoodsCo Electronics,"Redefine what a tablet can do with a stunning Liquid Retina display, pro-level performance, and an ecosystem of accessories built for creators, students, a",True,False,"""2026-07-28T01:07:38.902Z""","""2026-07-28T01:07:38.902Z""",https://images.samsung.com/is/image/samsung/p6pim/us/samsung-galaxy-tab-s10-plus/samsung-galaxy-tab-s10-plus-gallery-1.jpg,https://images.samsung.com/is/image/samsung/p6pim/us/samsung-galaxy-tab-s10-plus/samsung-galaxy-tab-s10-plus-gallery-2.jpg,https://images.samsung.com/is/image/samsung/p6pim/us/samsung-galaxy-tab-s10-plus/samsung-galaxy-tab-s10-plus-gallery-3.jpg,https://images.samsung.com/is/image/samsung/p6pim/us/samsung-galaxy-tab-s10-plus/samsung-galaxy-tab-s10-plus-gallery-4.jpg,https://images.samsung.com/is/image/samsung/p6pim/us/samsung-galaxy-tab-s10-plus/samsung-galaxy-tab-s10-plus-gallery-5.jpg
39,samsung-galaxy-tab-s10,Samsung Galaxy Tab S10,"<p>Redefine what a tablet can do with a stunning Liquid Retina display, pro-level performance, and an ecosystem of accessories built for creators, students, and professionals alike.</p><ul><li>Brilliant display with ProMotion adaptive refresh and P3 wide color</li><li>All-day battery life in a thin lightweight design</li><li>Powerful chip handles creative workloads with ease</li><li>Support for Apple Pencil and keyboard accessories</li><li>Wi-Fi 6E and optional 5G cellular connectivity</li></ul>",Samsung,Electronics > Computers > Tablets,Tablet,"[""samsung"",""galaxy-tab""]",799.0,,,,Samsung Galaxy Tab S10 | AllGoodsCo Electronics,"Redefine what a tablet can do with a stunning Liquid Retina display, pro-level performance, and an ecosystem of accessories built for creators, students, a",True,False,"""2026-07-28T01:07:38.905Z""","""2026-07-28T01:07:38.905Z""",https://images.samsung.com/is/image/samsung/p6pim/us/samsung-galaxy-tab-s10/samsung-galaxy-tab-s10-gallery-1.jpg,https://images.samsung.com/is/image/samsung/p6pim/us/samsung-galaxy-tab-s10/samsung-galaxy-tab-s10-gallery-2.jpg,https://images.samsung.com/is/image/samsung/p6pim/us/samsung-galaxy-tab-s10/samsung-galaxy-tab-s10-gallery-3.jpg,https://images.samsung.com/is/image/samsung/p6pim/us/samsung-galaxy-tab-s10/samsung-galaxy-tab-s10-gallery-4.jpg,https://images.samsung.com/is/image/samsung/p6pim/us/samsung-galaxy-tab-s10/samsung-galaxy-tab-s10-gallery-5.jpg
40,samsung-galaxy-tab-s9-fe,Samsung Galaxy Tab S9 FE,"<p>Redefine what a tablet can do with a stunning Liquid Retina display, pro-level performance, and an ecosystem of accessories built for creators, students, and professionals alike.</p><ul><li>Brilliant display with ProMotion adaptive refresh and P3 wide color</li><li>All-day battery life in a thin lightweight design</li><li>Powerful chip handles creative workloads with ease</li><li>Support for Apple Pencil and keyboard accessories</li><li>Wi-Fi 6E and optional 5G cellular connectivity</li></ul>",Samsung,Electronics > Computers > Tablets,Tablet,"[""samsung"",""galaxy-tab""]",449.0,,,,Samsung Galaxy Tab S9 FE | AllGoodsCo Electronics,"Redefine what a tablet can do with a stunning Liquid Retina display, pro-level performance, and an ecosystem of accessories built for creators, students, a",True,False,"""2026-07-28T01:07:38.909Z""","""2026-07-28T01:07:38.909Z""",https://images.samsung.com/is/image/samsung/p6pim/us/samsung-galaxy-tab-s9-fe/samsung-galaxy-tab-s9-fe-gallery-1.jpg,https://images.samsung.com/is/image/samsung/p6pim/us/samsung-galaxy-tab-s9-fe/samsung-galaxy-tab-s9-fe-gallery-2.jpg,https://images.samsung.com/is/image/samsung/p6pim/us/samsung-galaxy-tab-s9-fe/samsung-galaxy-tab-s9-fe-gallery-3.jpg,https://images.samsung.com/is/image/samsung/p6pim/us/samsung-galaxy-tab-s9-fe/samsung-galaxy-tab-s9-fe-gallery-4.jpg,https://images.samsung.com/is/image/samsung/p6pim/us/samsung-galaxy-tab-s9-fe/samsung-galaxy-tab-s9-fe-gallery-5.jpg
41,microsoft-surface-pro-11,Microsoft Surface Pro 11,"<p>Redefine what a tablet can do with a stunning Liquid Retina display, pro-level performance, and an ecosystem of accessories built for creators, students, and professionals alike.</p><ul><li>Brilliant display with ProMotion adaptive refresh and P3 wide color</li><li>All-day battery life in a thin lightweight design</li><li>Powerful chip handles creative workloads with ease</li><li>Support for Apple Pencil and keyboard accessories</li><li>Wi-Fi 6E and optional 5G cellular connectivity</li></ul>",Microsoft,Electronics > Computers > Tablets,Tablet,"[""microsoft"",""surface"",""windows""]",999.0,,,,Microsoft Surface Pro 11 | AllGoodsCo Electronics,"Redefine what a tablet can do with a stunning Liquid Retina display, pro-level performance, and an ecosystem of accessories built for creators, students, a",True,False,"""2026-07-28T01:07:38.912Z""","""2026-07-28T01:07:38.912Z""",https://m.media-amazon.com/images/I/microsoft-surface-pro-11-pic-1.jpg,https://m.media-amazon.com/images/I/microsoft-surface-pro-11-pic-2.jpg,https://m.media-amazon.com/images/I/microsoft-surface-pro-11-pic-3.jpg,https://m.media-amazon.com/images/I/microsoft-surface-pro-11-pic-4.jpg,https://m.media-amazon.com/images/I/microsoft-surface-pro-11-pic-5.jpg
42,microsoft-surface-go-4,Microsoft Surface Go 4,"<p>Redefine what a tablet can do with a stunning Liquid Retina display, pro-level performance, and an ecosystem of accessories built for creators, students, and professionals alike.</p><ul><li>Brilliant display with ProMotion adaptive refresh and P3 wide color</li><li>All-day battery life in a thin lightweight design</li><li>Powerful chip handles creative workloads with ease</li><li>Support for Apple Pencil and keyboard accessories</li><li>Wi-Fi 6E and optional 5G cellular connectivity</li></ul>",Microsoft,Electronics > Computers > Tablets,Tablet,"[""microsoft"",""surface""]",599.0,,,,Microsoft Surface Go 4 | AllGoodsCo Electronics,"Redefine what a tablet can do with a stunning Liquid Retina display, pro-level performance, and an ecosystem of accessories built for creators, students, a",True,False,"""2026-07-28T01:07:38.914Z""","""2026-07-28T01:07:38.914Z""",https://m.media-amazon.com/images/I/microsoft-surface-go-4-pic-1.jpg,https://m.media-amazon.com/images/I/microsoft-surface-go-4-pic-2.jpg,https://m.media-amazon.com/images/I/microsoft-surface-go-4-pic-3.jpg,https://m.media-amazon.com/images/I/microsoft-surface-go-4-pic-4.jpg,https://m.media-amazon.com/images/I/microsoft-surface-go-4-pic-5.jpg
43,google-pixel-tablet-2,Google Pixel Tablet 2,"<p>Redefine what a tablet can do with a stunning Liquid Retina display, pro-level performance, and an ecosystem of accessories built for creators, students, and professionals alike.</p><ul><li>Brilliant display with ProMotion adaptive refresh and P3 wide color</li><li>All-day battery life in a thin lightweight design</li><li>Powerful chip handles creative workloads with ease</li><li>Support for Apple Pencil and keyboard accessories</li><li>Wi-Fi 6E and optional 5G cellular connectivity</li></ul>",Google,Electronics > Computers > Tablets,Tablet,"[""google"",""pixel""]",499.0,,,,Google Pixel Tablet 2 | AllGoodsCo Electronics,"Redefine what a tablet can do with a stunning Liquid Retina display, pro-level performance, and an ecosystem of accessories built for creators, students, a",True,False,"""2026-07-28T01:07:38.916Z""","""2026-07-28T01:07:38.916Z""",https://lh3.googleusercontent.com/product/google-pixel-tablet-2-img-1,https://lh3.googleusercontent.com/product/google-pixel-tablet-2-img-2,https://lh3.googleusercontent.com/product/google-pixel-tablet-2-img-3,https://lh3.googleusercontent.com/product/google-pixel-tablet-2-img-4,https://lh3.googleusercontent.com/product/google-pixel-tablet-2-img-5
44,amazon-fire-hd-10-plus,Amazon Fire HD 10 Plus,"<p>Redefine what a tablet can do with a stunning Liquid Retina display, pro-level performance, and an ecosystem of accessories built for creators, students, and professionals alike.</p><ul><li>Brilliant display with ProMotion adaptive refresh and P3 wide color</li><li>All-day battery life in a thin lightweight design</li><li>Powerful chip handles creative workloads with ease</li><li>Support for Apple Pencil and keyboard accessories</li><li>Wi-Fi 6E and optional 5G cellular connectivity</li></ul>",Amazon,Electronics > Computers > Tablets,Tablet,"[""amazon"",""fire""]",179.0,,,,Amazon Fire HD 10 Plus | AllGoodsCo Electronics,"Redefine what a tablet can do with a stunning Liquid Retina display, pro-level performance, and an ecosystem of accessories built for creators, students, a",True,False,"""2026-07-28T01:07:38.919Z""","""2026-07-28T01:07:38.919Z""",https://m.media-amazon.com/images/I/amazon-fire-hd-10-plus-pic-1.jpg,https://m.media-amazon.com/images/I/amazon-fire-hd-10-plus-pic-2.jpg,https://m.media-amazon.com/images/I/amazon-fire-hd-10-plus-pic-3.jpg,https://m.media-amazon.com/images/I/amazon-fire-hd-10-plus-pic-4.jpg,https://m.media-amazon.com/images/I/amazon-fire-hd-10-plus-pic-5.jpg
45,amazon-fire-max-11,Amazon Fire Max 11,"<p>Redefine what a tablet can do with a stunning Liquid Retina display, pro-level performance, and an ecosystem of accessories built for creators, students, and professionals alike.</p><ul><li>Brilliant display with ProMotion adaptive refresh and P3 wide color</li><li>All-day battery life in a thin lightweight design</li><li>Powerful chip handles creative workloads with ease</li><li>Support for Apple Pencil and keyboard accessories</li><li>Wi-Fi 6E and optional 5G cellular connectivity</li></ul>",Amazon,Electronics > Computers > Tablets,Tablet,"[""amazon"",""fire""]",229.0,,,,Amazon Fire Max 11 | AllGoodsCo Electronics,"Redefine what a tablet can do with a stunning Liquid Retina display, pro-level performance, and an ecosystem of accessories built for creators, students, a",True,False,"""2026-07-28T01:07:38.921Z""","""2026-07-28T01:07:38.921Z""",https://m.media-amazon.com/images/I/amazon-fire-max-11-pic-1.jpg,https://m.media-amazon.com/images/I/amazon-fire-max-11-pic-2.jpg,https://m.media-amazon.com/images/I/amazon-fire-max-11-pic-3.jpg,https://m.media-amazon.com/images/I/amazon-fire-max-11-pic-4.jpg,https://m.media-amazon.com/images/I/amazon-fire-max-11-pic-5.jpg
46,lenovo-tab-p12-pro,Lenovo Tab P12 Pro,"<p>Redefine what a tablet can do with a stunning Liquid Retina display, pro-level performance, and an ecosystem of accessories built for creators, students, and professionals alike.</p><ul><li>Brilliant display with ProMotion adaptive refresh and P3 wide color</li><li>All-day battery life in a thin lightweight design</li><li>Powerful chip handles creative workloads with ease</li><li>Support for Apple Pencil and keyboard accessories</li><li>Wi-Fi 6E and optional 5G cellular connectivity</li></ul>",Lenovo,Electronics > Computers > Tablets,Tablet,"[""lenovo"",""tab""]",499.0,,,,Lenovo Tab P12 Pro | AllGoodsCo Electronics,"Redefine what a tablet can do with a stunning Liquid Retina display, pro-level performance, and an ecosystem of accessories built for creators, students, a",True,False,"""2026-07-28T01:07:38.923Z""","""2026-07-28T01:07:38.923Z""",https://m.media-amazon.com/images/I/lenovo-tab-p12-pro-pic-1.jpg,https://m.media-amazon.com/images/I/lenovo-tab-p12-pro-pic-2.jpg,https://m.media-amazon.com/images/I/lenovo-tab-p12-pro-pic-3.jpg,https://m.media-amazon.com/images/I/lenovo-tab-p12-pro-pic-4.jpg,https://m.media-amazon.com/images/I/lenovo-tab-p12-pro-pic-5.jpg
47,xiaomi-pad-7-pro,Xiaomi Pad 7 Pro,"<p>Redefine what a tablet can do with a stunning Liquid Retina display, pro-level performance, and an ecosystem of accessories built for creators, students, and professionals alike.</p><ul><li>Brilliant display with ProMotion adaptive refresh and P3 wide color</li><li>All-day battery life in a thin lightweight design</li><li>Powerful chip handles creative workloads with ease</li><li>Support for Apple Pencil and keyboard accessories</li><li>Wi-Fi 6E and optional 5G cellular connectivity</li></ul>",Xiaomi,Electronics > Computers > Tablets,Tablet,"[""xiaomi"",""pad""]",499.0,,,,Xiaomi Pad 7 Pro | AllGoodsCo Electronics,"Redefine what a tablet can do with a stunning Liquid Retina display, pro-level performance, and an ecosystem of accessories built for creators, students, a",True,False,"""2026-07-28T01:07:38.926Z""","""2026-07-28T01:07:38.926Z""",https://m.media-amazon.com/images/I/xiaomi-pad-7-pro-pic-1.jpg,https://m.media-amazon.com/images/I/xiaomi-pad-7-pro-pic-2.jpg,https://m.media-amazon.com/images/I/xiaomi-pad-7-pro-pic-3.jpg,https://m.media-amazon.com/images/I/xiaomi-pad-7-pro-pic-4.jpg,https://m.media-amazon.com/images/I/xiaomi-pad-7-pro-pic-5.jpg
48,asus-rog-flow-z13,ASUS ROG Flow Z13,"<p>Redefine what a tablet can do with a stunning Liquid Retina display, pro-level performance, and an ecosystem of accessories built for creators, students, and professionals alike.</p><ul><li>Brilliant display with ProMotion adaptive refresh and P3 wide color</li><li>All-day battery life in a thin lightweight design</li><li>Powerful chip handles creative workloads with ease</li><li>Support for Apple Pencil and keyboard accessories</li><li>Wi-Fi 6E and optional 5G cellular connectivity</li></ul>",ASUS,Electronics > Computers > Tablets,Tablet,"[""asus"",""rog"",""gaming""]",1299.0,,,,ASUS ROG Flow Z13 | AllGoodsCo Electronics,"Redefine what a tablet can do with a stunning Liquid Retina display, pro-level performance, and an ecosystem of accessories built for creators, students, a",True,False,"""2026-07-28T01:07:38.928Z""","""2026-07-28T01:07:38.928Z""",https://m.media-amazon.com/images/I/asus-rog-flow-z13-pic-1.jpg,https://m.media-amazon.com/images/I/asus-rog-flow-z13-pic-2.jpg,https://m.media-amazon.com/images/I/asus-rog-flow-z13-pic-3.jpg,https://m.media-amazon.com/images/I/asus-rog-flow-z13-pic-4.jpg,https://m.media-amazon.com/images/I/asus-rog-flow-z13-pic-5.jpg
49,samsung-galaxy-tab-a9-plus,Samsung Galaxy Tab A9+,"<p>Redefine what a tablet can do with a stunning Liquid Retina display, pro-level performance, and an ecosystem of accessories built for creators, students, and professionals alike.</p><ul><li>Brilliant display with ProMotion adaptive refresh and P3 wide color</li><li>All-day battery life in a thin lightweight design</li><li>Powerful chip handles creative workloads with ease</li><li>Support for Apple Pencil and keyboard accessories</li><li>Wi-Fi 6E and optional 5G cellular connectivity</li></ul>",Samsung,Electronics > Computers > Tablets,Tablet,"[""samsung"",""galaxy-tab""]",279.0,,,,Samsung Galaxy Tab A9+ | AllGoodsCo Electronics,"Redefine what a tablet can do with a stunning Liquid Retina display, pro-level performance, and an ecosystem of accessories built for creators, students, a",True,False,"""2026-07-28T01:07:38.931Z""","""2026-07-28T01:07:38.931Z""",https://images.samsung.com/is/image/samsung/p6pim/us/samsung-galaxy-tab-a9-plus/samsung-galaxy-tab-a9-plus-gallery-1.jpg,https://images.samsung.com/is/image/samsung/p6pim/us/samsung-galaxy-tab-a9-plus/samsung-galaxy-tab-a9-plus-gallery-2.jpg,https://images.samsung.com/is/image/samsung/p6pim/us/samsung-galaxy-tab-a9-plus/samsung-galaxy-tab-a9-plus-gallery-3.jpg,https://images.samsung.com/is/image/samsung/p6pim/us/samsung-galaxy-tab-a9-plus/samsung-galaxy-tab-a9-plus-gallery-4.jpg,https://images.samsung.com/is/image/samsung/p6pim/us/samsung-galaxy-tab-a9-plus/samsung-galaxy-tab-a9-plus-gallery-5.jpg
50,oneplus-pad-2,OnePlus Pad 2,"<p>Redefine what a tablet can do with a stunning Liquid Retina display, pro-level performance, and an ecosystem of accessories built for creators, students, and professionals alike.</p><ul><li>Brilliant display with ProMotion adaptive refresh and P3 wide color</li><li>All-day battery life in a thin lightweight design</li><li>Powerful chip handles creative workloads with ease</li><li>Support for Apple Pencil and keyboard accessories</li><li>Wi-Fi 6E and optional 5G cellular connectivity</li></ul>",OnePlus,Electronics > Computers > Tablets,Tablet,"[""oneplus"",""pad""]",549.0,,,,OnePlus Pad 2 | AllGoodsCo Electronics,"Redefine what a tablet can do with a stunning Liquid Retina display, pro-level performance, and an ecosystem of accessories built for creators, students, a",True,False,"""2026-07-28T01:07:38.933Z""","""2026-07-28T01:07:38.933Z""",https://m.media-amazon.com/images/I/oneplus-pad-2-pic-1.jpg,https://m.media-amazon.com/images/I/oneplus-pad-2-pic-2.jpg,https://m.media-amazon.com/images/I/oneplus-pad-2-pic-3.jpg,https://m.media-amazon.com/images/I/oneplus-pad-2-pic-4.jpg,https://m.media-amazon.com/images/I/oneplus-pad-2-pic-5.jpg
51,apple-macbook-pro-16-m4-pro,"Apple MacBook Pro 16"" M4 Pro","<p>Tackle any challenge with a powerful portable laptop featuring a vibrant display, exceptional battery life, and the processing power for creative work, gaming, and productivity.</p><ul><li>Latest-generation processor paired with dedicated graphics</li><li>High-resolution anti-glare display with wide color gamut</li><li>Up to 32GB DDR5 RAM and 1TB NVMe SSD storage</li><li>Up to 14 hours battery life with fast charging support</li><li>Thunderbolt 4 and USB4 for maximum connectivity</li></ul>",Apple,Electronics > Computers > Laptops,Laptop,"[""apple"",""macbook"",""M4"",""ProMotion""]",2499.0,,,,"Apple MacBook Pro 16"" M4 Pro | AllGoodsCo Electronics","Tackle any challenge with a powerful portable laptop featuring a vibrant display, exceptional battery life, and the processing power for creative work, gam",True,True,"""2026-07-28T01:07:38.938Z""","""2026-07-28T01:07:38.938Z""",https://store.storeimages.cdn-apple.com/as-images.apple.com/is/apple-macbook-pro-16-m4-pro-gallery-1?wid=1000,https://store.storeimages.cdn-apple.com/as-images.apple.com/is/apple-macbook-pro-16-m4-pro-gallery-2?wid=1000,https://store.storeimages.cdn-apple.com/as-images.apple.com/is/apple-macbook-pro-16-m4-pro-gallery-3?wid=1000,https://store.storeimages.cdn-apple.com/as-images.apple.com/is/apple-macbook-pro-16-m4-pro-gallery-4?wid=1000,https://store.storeimages.cdn-apple.com/as-images.apple.com/is/apple-macbook-pro-16-m4-pro-gallery-5?wid=1000
52,apple-macbook-pro-14-m4-pro,"Apple MacBook Pro 14"" M4 Pro","<p>Tackle any challenge with a powerful portable laptop featuring a vibrant display, exceptional battery life, and the processing power for creative work, gaming, and productivity.</p><ul><li>Latest-generation processor paired with dedicated graphics</li><li>High-resolution anti-glare display with wide color gamut</li><li>Up to 32GB DDR5 RAM and 1TB NVMe SSD storage</li><li>Up to 14 hours battery life with fast charging support</li><li>Thunderbolt 4 and USB4 for maximum connectivity</li></ul>",Apple,Electronics > Computers > Laptops,Laptop,"[""apple"",""macbook"",""M4""]",1999.0,,,,"Apple MacBook Pro 14"" M4 Pro | AllGoodsCo Electronics","Tackle any challenge with a powerful portable laptop featuring a vibrant display, exceptional battery life, and the processing power for creative work, gam",True,True,"""2026-07-28T01:07:38.940Z""","""2026-07-28T01:07:38.940Z""",https://store.storeimages.cdn-apple.com/as-images.apple.com/is/apple-macbook-pro-14-m4-pro-gallery-1?wid=1000,https://store.storeimages.cdn-apple.com/as-images.apple.com/is/apple-macbook-pro-14-m4-pro-gallery-2?wid=1000,https://store.storeimages.cdn-apple.com/as-images.apple.com/is/apple-macbook-pro-14-m4-pro-gallery-3?wid=1000,https://store.storeimages.cdn-apple.com/as-images.apple.com/is/apple-macbook-pro-14-m4-pro-gallery-4?wid=1000,https://store.storeimages.cdn-apple.com/as-images.apple.com/is/apple-macbook-pro-14-m4-pro-gallery-5?wid=1000
53,apple-macbook-pro-14-m4,"Apple MacBook Pro 14"" M4","<p>Tackle any challenge with a powerful portable laptop featuring a vibrant display, exceptional battery life, and the processing power for creative work, gaming, and productivity.</p><ul><li>Latest-generation processor paired with dedicated graphics</li><li>High-resolution anti-glare display with wide color gamut</li><li>Up to 32GB DDR5 RAM and 1TB NVMe SSD storage</li><li>Up to 14 hours battery life with fast charging support</li><li>Thunderbolt 4 and USB4 for maximum connectivity</li></ul>",Apple,Electronics > Computers > Laptops,Laptop,"[""apple"",""macbook"",""M4""]",1599.0,,,,"Apple MacBook Pro 14"" M4 | AllGoodsCo Electronics","Tackle any challenge with a powerful portable laptop featuring a vibrant display, exceptional battery life, and the processing power for creative work, gam",True,False,"""2026-07-28T01:07:38.942Z""","""2026-07-28T01:07:38.942Z""",https://store.storeimages.cdn-apple.com/as-images.apple.com/is/apple-macbook-pro-14-m4-gallery-1?wid=1000,https://store.storeimages.cdn-apple.com/as-images.apple.com/is/apple-macbook-pro-14-m4-gallery-2?wid=1000,https://store.storeimages.cdn-apple.com/as-images.apple.com/is/apple-macbook-pro-14-m4-gallery-3?wid=1000,https://store.storeimages.cdn-apple.com/as-images.apple.com/is/apple-macbook-pro-14-m4-gallery-4?wid=1000,https://store.storeimages.cdn-apple.com/as-images.apple.com/is/apple-macbook-pro-14-m4-gallery-5?wid=1000
54,apple-macbook-air-15-m3,"Apple MacBook Air 15"" M3","<p>Tackle any challenge with a powerful portable laptop featuring a vibrant display, exceptional battery life, and the processing power for creative work, gaming, and productivity.</p><ul><li>Latest-generation processor paired with dedicated graphics</li><li>High-resolution anti-glare display with wide color gamut</li><li>Up to 32GB DDR5 RAM and 1TB NVMe SSD storage</li><li>Up to 14 hours battery life with fast charging support</li><li>Thunderbolt 4 and USB4 for maximum connectivity</li></ul>",Apple,Electronics > Computers > Laptops,Laptop,"[""apple"",""macbook"",""M3""]",1299.0,,,,"Apple MacBook Air 15"" M3 | AllGoodsCo Electronics","Tackle any challenge with a powerful portable laptop featuring a vibrant display, exceptional battery life, and the processing power for creative work, gam",True,True,"""2026-07-28T01:07:38.944Z""","""2026-07-28T01:07:38.944Z""",https://store.storeimages.cdn-apple.com/as-images.apple.com/is/apple-macbook-air-15-m3-gallery-1?wid=1000,https://store.storeimages.cdn-apple.com/as-images.apple.com/is/apple-macbook-air-15-m3-gallery-2?wid=1000,https://store.storeimages.cdn-apple.com/as-images.apple.com/is/apple-macbook-air-15-m3-gallery-3?wid=1000,https://store.storeimages.cdn-apple.com/as-images.apple.com/is/apple-macbook-air-15-m3-gallery-4?wid=1000,https://store.storeimages.cdn-apple.com/as-images.apple.com/is/apple-macbook-air-15-m3-gallery-5?wid=1000
55,apple-macbook-air-13-m3,"Apple MacBook Air 13"" M3","<p>Tackle any challenge with a powerful portable laptop featuring a vibrant display, exceptional battery life, and the processing power for creative work, gaming, and productivity.</p><ul><li>Latest-generation processor paired with dedicated graphics</li><li>High-resolution anti-glare display with wide color gamut</li><li>Up to 32GB DDR5 RAM and 1TB NVMe SSD storage</li><li>Up to 14 hours battery life with fast charging support</li><li>Thunderbolt 4 and USB4 for maximum connectivity</li></ul>",Apple,Electronics > Computers > Laptops,Laptop,"[""apple"",""macbook"",""M3""]",1099.0,,,,"Apple MacBook Air 13"" M3 | AllGoodsCo Electronics","Tackle any challenge with a powerful portable laptop featuring a vibrant display, exceptional battery life, and the processing power for creative work, gam",True,False,"""2026-07-28T01:07:38.946Z""","""2026-07-28T01:07:38.946Z""",https://store.storeimages.cdn-apple.com/as-images.apple.com/is/apple-macbook-air-13-m3-gallery-1?wid=1000,https://store.storeimages.cdn-apple.com/as-images.apple.com/is/apple-macbook-air-13-m3-gallery-2?wid=1000,https://store.storeimages.cdn-apple.com/as-images.apple.com/is/apple-macbook-air-13-m3-gallery-3?wid=1000,https://store.storeimages.cdn-apple.com/as-images.apple.com/is/apple-macbook-air-13-m3-gallery-4?wid=1000,https://store.storeimages.cdn-apple.com/as-images.apple.com/is/apple-macbook-air-13-m3-gallery-5?wid=1000
56,dell-xps-15-9530,Dell XPS 15 9530,"<p>Tackle any challenge with a powerful portable laptop featuring a vibrant display, exceptional battery life, and the processing power for creative work, gaming, and productivity.</p><ul><li>Latest-generation processor paired with dedicated graphics</li><li>High-resolution anti-glare display with wide color gamut</li><li>Up to 32GB DDR5 RAM and 1TB NVMe SSD storage</li><li>Up to 14 hours battery life with fast charging support</li><li>Thunderbolt 4 and USB4 for maximum connectivity</li></ul>",Dell,Electronics > Computers > Laptops,Laptop,"[""dell"",""xps"",""OLED""]",1799.0,,,,Dell XPS 15 9530 | AllGoodsCo Electronics,"Tackle any challenge with a powerful portable laptop featuring a vibrant display, exceptional battery life, and the processing power for creative work, gam",True,False,"""2026-07-28T01:07:38.948Z""","""2026-07-28T01:07:38.948Z""",https://m.media-amazon.com/images/I/dell-xps-15-9530-pic-1.jpg,https://m.media-amazon.com/images/I/dell-xps-15-9530-pic-2.jpg,https://m.media-amazon.com/images/I/dell-xps-15-9530-pic-3.jpg,https://m.media-amazon.com/images/I/dell-xps-15-9530-pic-4.jpg,https://m.media-amazon.com/images/I/dell-xps-15-9530-pic-5.jpg
57,dell-xps-13-9340,Dell XPS 13 9340,"<p>Tackle any challenge with a powerful portable laptop featuring a vibrant display, exceptional battery life, and the processing power for creative work, gaming, and productivity.</p><ul><li>Latest-generation processor paired with dedicated graphics</li><li>High-resolution anti-glare display with wide color gamut</li><li>Up to 32GB DDR5 RAM and 1TB NVMe SSD storage</li><li>Up to 14 hours battery life with fast charging support</li><li>Thunderbolt 4 and USB4 for maximum connectivity</li></ul>",Dell,Electronics > Computers > Laptops,Laptop,"[""dell"",""xps""]",1299.0,,,,Dell XPS 13 9340 | AllGoodsCo Electronics,"Tackle any challenge with a powerful portable laptop featuring a vibrant display, exceptional battery life, and the processing power for creative work, gam",True,False,"""2026-07-28T01:07:38.951Z""","""2026-07-28T01:07:38.951Z""",https://m.media-amazon.com/images/I/dell-xps-13-9340-pic-1.jpg,https://m.media-amazon.com/images/I/dell-xps-13-9340-pic-2.jpg,https://m.media-amazon.com/images/I/dell-xps-13-9340-pic-3.jpg,https://m.media-amazon.com/images/I/dell-xps-13-9340-pic-4.jpg,https://m.media-amazon.com/images/I/dell-xps-13-9340-pic-5.jpg
58,hp-spectre-x360-14,HP Spectre x360 14,"<p>Tackle any challenge with a powerful portable laptop featuring a vibrant display, exceptional battery life, and the processing power for creative work, gaming, and productivity.</p><ul><li>Latest-generation processor paired with dedicated graphics</li><li>High-resolution anti-glare display with wide color gamut</li><li>Up to 32GB DDR5 RAM and 1TB NVMe SSD storage</li><li>Up to 14 hours battery life with fast charging support</li><li>Thunderbolt 4 and USB4 for maximum connectivity</li></ul>",HP,Electronics > Computers > Laptops,Laptop,"[""hp"",""spectre"",""2-in-1""]",1499.0,,,,HP Spectre x360 14 | AllGoodsCo Electronics,"Tackle any challenge with a powerful portable laptop featuring a vibrant display, exceptional battery life, and the processing power for creative work, gam",True,False,"""2026-07-28T01:07:38.953Z""","""2026-07-28T01:07:38.953Z""",https://m.media-amazon.com/images/I/hp-spectre-x360-14-pic-1.jpg,https://m.media-amazon.com/images/I/hp-spectre-x360-14-pic-2.jpg,https://m.media-amazon.com/images/I/hp-spectre-x360-14-pic-3.jpg,https://m.media-amazon.com/images/I/hp-spectre-x360-14-pic-4.jpg,https://m.media-amazon.com/images/I/hp-spectre-x360-14-pic-5.jpg
59,hp-envy-17-touch,HP Envy 17 Touch,"<p>Tackle any challenge with a powerful portable laptop featuring a vibrant display, exceptional battery life, and the processing power for creative work, gaming, and productivity.</p><ul><li>Latest-generation processor paired with dedicated graphics</li><li>High-resolution anti-glare display with wide color gamut</li><li>Up to 32GB DDR5 RAM and 1TB NVMe SSD storage</li><li>Up to 14 hours battery life with fast charging support</li><li>Thunderbolt 4 and USB4 for maximum connectivity</li></ul>",HP,Electronics > Computers > Laptops,Laptop,"[""hp"",""envy""]",1199.0,,,,HP Envy 17 Touch | AllGoodsCo Electronics,"Tackle any challenge with a powerful portable laptop featuring a vibrant display, exceptional battery life, and the processing power for creative work, gam",True,False,"""2026-07-28T01:07:38.958Z""","""2026-07-28T01:07:38.958Z""",https://m.media-amazon.com/images/I/hp-envy-17-touch-pic-1.jpg,https://m.media-amazon.com/images/I/hp-envy-17-touch-pic-2.jpg,https://m.media-amazon.com/images/I/hp-envy-17-touch-pic-3.jpg,https://m.media-amazon.com/images/I/hp-envy-17-touch-pic-4.jpg,https://m.media-amazon.com/images/I/hp-envy-17-touch-pic-5.jpg
60,lenovo-thinkpad-x1-carbon-gen-12,Lenovo ThinkPad X1 Carbon Gen 12,"<p>Tackle any challenge with a powerful portable laptop featuring a vibrant display, exceptional battery life, and the processing power for creative work, gaming, and productivity.</p><ul><li>Latest-generation processor paired with dedicated graphics</li><li>High-resolution anti-glare display with wide color gamut</li><li>Up to 32GB DDR5 RAM and 1TB NVMe SSD storage</li><li>Up to 14 hours battery life with fast charging support</li><li>Thunderbolt 4 and USB4 for maximum connectivity</li></ul>",Lenovo,Electronics > Computers > Laptops,Laptop,"[""lenovo"",""thinkpad"",""business""]",1799.0,,,,Lenovo ThinkPad X1 Carbon Gen 12 | AllGoodsCo Electronics,"Tackle any challenge with a powerful portable laptop featuring a vibrant display, exceptional battery life, and the processing power for creative work, gam",True,False,"""2026-07-28T01:07:38.960Z""","""2026-07-28T01:07:38.960Z""",https://m.media-amazon.com/images/I/lenovo-thinkpad-x1-carbon-gen-12-pic-1.jpg,https://m.media-amazon.com/images/I/lenovo-thinkpad-x1-carbon-gen-12-pic-2.jpg,https://m.media-amazon.com/images/I/lenovo-thinkpad-x1-carbon-gen-12-pic-3.jpg,https://m.media-amazon.com/images/I/lenovo-thinkpad-x1-carbon-gen-12-pic-4.jpg,https://m.media-amazon.com/images/I/lenovo-thinkpad-x1-carbon-gen-12-pic-5.jpg
61,lenovo-ideapad-5-pro-16,Lenovo IdeaPad 5 Pro 16,"<p>Tackle any challenge with a powerful portable laptop featuring a vibrant display, exceptional battery life, and the processing power for creative work, gaming, and productivity.</p><ul><li>Latest-generation processor paired with dedicated graphics</li><li>High-resolution anti-glare display with wide color gamut</li><li>Up to 32GB DDR5 RAM and 1TB NVMe SSD storage</li><li>Up to 14 hours battery life with fast charging support</li><li>Thunderbolt 4 and USB4 for maximum connectivity</li></ul>",Lenovo,Electronics > Computers > Laptops,Laptop,"[""lenovo"",""ideapad""]",999.0,,,,Lenovo IdeaPad 5 Pro 16 | AllGoodsCo Electronics,"Tackle any challenge with a powerful portable laptop featuring a vibrant display, exceptional battery life, and the processing power for creative work, gam",True,False,"""2026-07-28T01:07:38.962Z""","""2026-07-28T01:07:38.962Z""",https://m.media-amazon.com/images/I/lenovo-ideapad-5-pro-16-pic-1.jpg,https://m.media-amazon.com/images/I/lenovo-ideapad-5-pro-16-pic-2.jpg,https://m.media-amazon.com/images/I/lenovo-ideapad-5-pro-16-pic-3.jpg,https://m.media-amazon.com/images/I/lenovo-ideapad-5-pro-16-pic-4.jpg,https://m.media-amazon.com/images/I/lenovo-ideapad-5-pro-16-pic-5.jpg
62,asus-zenbook-14-oled,ASUS ZenBook 14 OLED,"<p>Tackle any challenge with a powerful portable laptop featuring a vibrant display, exceptional battery life, and the processing power for creative work, gaming, and productivity.</p><ul><li>Latest-generation processor paired with dedicated graphics</li><li>High-resolution anti-glare display with wide color gamut</li><li>Up to 32GB DDR5 RAM and 1TB NVMe SSD storage</li><li>Up to 14 hours battery life with fast charging support</li><li>Thunderbolt 4 and USB4 for maximum connectivity</li></ul>",ASUS,Electronics > Computers > Laptops,Laptop,"[""asus"",""zenbook"",""OLED""]",999.0,,,,ASUS ZenBook 14 OLED | AllGoodsCo Electronics,"Tackle any challenge with a powerful portable laptop featuring a vibrant display, exceptional battery life, and the processing power for creative work, gam",True,False,"""2026-07-28T01:07:38.964Z""","""2026-07-28T01:07:38.964Z""",https://m.media-amazon.com/images/I/asus-zenbook-14-oled-pic-1.jpg,https://m.media-amazon.com/images/I/asus-zenbook-14-oled-pic-2.jpg,https://m.media-amazon.com/images/I/asus-zenbook-14-oled-pic-3.jpg,https://m.media-amazon.com/images/I/asus-zenbook-14-oled-pic-4.jpg,https://m.media-amazon.com/images/I/asus-zenbook-14-oled-pic-5.jpg
63,asus-rog-zephyrus-g14,ASUS ROG Zephyrus G14,"<p>Tackle any challenge with a powerful portable laptop featuring a vibrant display, exceptional battery life, and the processing power for creative work, gaming, and productivity.</p><ul><li>Latest-generation processor paired with dedicated graphics</li><li>High-resolution anti-glare display with wide color gamut</li><li>Up to 32GB DDR5 RAM and 1TB NVMe SSD storage</li><li>Up to 14 hours battery life with fast charging support</li><li>Thunderbolt 4 and USB4 for maximum connectivity</li></ul>",ASUS,Electronics > Computers > Laptops,Laptop,"[""asus"",""rog"",""gaming""]",1499.0,,,,ASUS ROG Zephyrus G14 | AllGoodsCo Electronics,"Tackle any challenge with a powerful portable laptop featuring a vibrant display, exceptional battery life, and the processing power for creative work, gam",True,False,"""2026-07-28T01:07:38.967Z""","""2026-07-28T01:07:38.967Z""",https://m.media-amazon.com/images/I/asus-rog-zephyrus-g14-pic-1.jpg,https://m.media-amazon.com/images/I/asus-rog-zephyrus-g14-pic-2.jpg,https://m.media-amazon.com/images/I/asus-rog-zephyrus-g14-pic-3.jpg,https://m.media-amazon.com/images/I/asus-rog-zephyrus-g14-pic-4.jpg,https://m.media-amazon.com/images/I/asus-rog-zephyrus-g14-pic-5.jpg
64,asus-rog-strix-g18,ASUS ROG Strix G18,"<p>Tackle any challenge with a powerful portable laptop featuring a vibrant display, exceptional battery life, and the processing power for creative work, gaming, and productivity.</p><ul><li>Latest-generation processor paired with dedicated graphics</li><li>High-resolution anti-glare display with wide color gamut</li><li>Up to 32GB DDR5 RAM and 1TB NVMe SSD storage</li><li>Up to 14 hours battery life with fast charging support</li><li>Thunderbolt 4 and USB4 for maximum connectivity</li></ul>",ASUS,Electronics > Computers > Laptops,Laptop,"[""asus"",""rog"",""gaming""]",1799.0,,,,ASUS ROG Strix G18 | AllGoodsCo Electronics,"Tackle any challenge with a powerful portable laptop featuring a vibrant display, exceptional battery life, and the processing power for creative work, gam",True,False,"""2026-07-28T01:07:38.969Z""","""2026-07-28T01:07:38.969Z""",https://m.media-amazon.com/images/I/asus-rog-strix-g18-pic-1.jpg,https://m.media-amazon.com/images/I/asus-rog-strix-g18-pic-2.jpg,https://m.media-amazon.com/images/I/asus-rog-strix-g18-pic-3.jpg,https://m.media-amazon.com/images/I/asus-rog-strix-g18-pic-4.jpg,https://m.media-amazon.com/images/I/asus-rog-strix-g18-pic-5.jpg
65,microsoft-surface-laptop-6-13,"Microsoft Surface Laptop 6 13.5""","<p>Tackle any challenge with a powerful portable laptop featuring a vibrant display, exceptional battery life, and the processing power for creative work, gaming, and productivity.</p><ul><li>Latest-generation processor paired with dedicated graphics</li><li>High-resolution anti-glare display with wide color gamut</li><li>Up to 32GB DDR5 RAM and 1TB NVMe SSD storage</li><li>Up to 14 hours battery life with fast charging support</li><li>Thunderbolt 4 and USB4 for maximum connectivity</li></ul>",Microsoft,Electronics > Computers > Laptops,Laptop,"[""microsoft"",""surface""]",1299.0,,,,"Microsoft Surface Laptop 6 13.5"" | AllGoodsCo Electronics","Tackle any challenge with a powerful portable laptop featuring a vibrant display, exceptional battery life, and the processing power for creative work, gam",True,False,"""2026-07-28T01:07:38.971Z""","""2026-07-28T01:07:38.971Z""",https://m.media-amazon.com/images/I/microsoft-surface-laptop-6-13-pic-1.jpg,https://m.media-amazon.com/images/I/microsoft-surface-laptop-6-13-pic-2.jpg,https://m.media-amazon.com/images/I/microsoft-surface-laptop-6-13-pic-3.jpg,https://m.media-amazon.com/images/I/microsoft-surface-laptop-6-13-pic-4.jpg,https://m.media-amazon.com/images/I/microsoft-surface-laptop-6-13-pic-5.jpg
66,microsoft-surface-laptop-6-15,"Microsoft Surface Laptop 6 15""","<p>Tackle any challenge with a powerful portable laptop featuring a vibrant display, exceptional battery life, and the processing power for creative work, gaming, and productivity.</p><ul><li>Latest-generation processor paired with dedicated graphics</li><li>High-resolution anti-glare display with wide color gamut</li><li>Up to 32GB DDR5 RAM and 1TB NVMe SSD storage</li><li>Up to 14 hours battery life with fast charging support</li><li>Thunderbolt 4 and USB4 for maximum connectivity</li></ul>",Microsoft,Electronics > Computers > Laptops,Laptop,"[""microsoft"",""surface""]",1599.0,,,,"Microsoft Surface Laptop 6 15"" | AllGoodsCo Electronics","Tackle any challenge with a powerful portable laptop featuring a vibrant display, exceptional battery life, and the processing power for creative work, gam",True,False,"""2026-07-28T01:07:38.974Z""","""2026-07-28T01:07:38.974Z""",https://m.media-amazon.com/images/I/microsoft-surface-laptop-6-15-pic-1.jpg,https://m.media-amazon.com/images/I/microsoft-surface-laptop-6-15-pic-2.jpg,https://m.media-amazon.com/images/I/microsoft-surface-laptop-6-15-pic-3.jpg,https://m.media-amazon.com/images/I/microsoft-surface-laptop-6-15-pic-4.jpg,https://m.media-amazon.com/images/I/microsoft-surface-laptop-6-15-pic-5.jpg
67,razer-blade-16-2025,Razer Blade 16 (2025),"<p>Tackle any challenge with a powerful portable laptop featuring a vibrant display, exceptional battery life, and the processing power for creative work, gaming, and productivity.</p><ul><li>Latest-generation processor paired with dedicated graphics</li><li>High-resolution anti-glare display with wide color gamut</li><li>Up to 32GB DDR5 RAM and 1TB NVMe SSD storage</li><li>Up to 14 hours battery life with fast charging support</li><li>Thunderbolt 4 and USB4 for maximum connectivity</li></ul>",Razer,Electronics > Computers > Laptops,Laptop,"[""razer"",""gaming""]",2999.0,,,,Razer Blade 16 (2025) | AllGoodsCo Electronics,"Tackle any challenge with a powerful portable laptop featuring a vibrant display, exceptional battery life, and the processing power for creative work, gam",True,False,"""2026-07-28T01:07:38.977Z""","""2026-07-28T01:07:38.977Z""",https://m.media-amazon.com/images/I/razer-blade-16-2025-pic-1.jpg,https://m.media-amazon.com/images/I/razer-blade-16-2025-pic-2.jpg,https://m.media-amazon.com/images/I/razer-blade-16-2025-pic-3.jpg,https://m.media-amazon.com/images/I/razer-blade-16-2025-pic-4.jpg,https://m.media-amazon.com/images/I/razer-blade-16-2025-pic-5.jpg
68,razer-blade-14-2025,Razer Blade 14 (2025),"<p>Tackle any challenge with a powerful portable laptop featuring a vibrant display, exceptional battery life, and the processing power for creative work, gaming, and productivity.</p><ul><li>Latest-generation processor paired with dedicated graphics</li><li>High-resolution anti-glare display with wide color gamut</li><li>Up to 32GB DDR5 RAM and 1TB NVMe SSD storage</li><li>Up to 14 hours battery life with fast charging support</li><li>Thunderbolt 4 and USB4 for maximum connectivity</li></ul>",Razer,Electronics > Computers > Laptops,Laptop,"[""razer"",""gaming""]",2299.0,,,,Razer Blade 14 (2025) | AllGoodsCo Electronics,"Tackle any challenge with a powerful portable laptop featuring a vibrant display, exceptional battery life, and the processing power for creative work, gam",True,False,"""2026-07-28T01:07:38.979Z""","""2026-07-28T01:07:38.979Z""",https://m.media-amazon.com/images/I/razer-blade-14-2025-pic-1.jpg,https://m.media-amazon.com/images/I/razer-blade-14-2025-pic-2.jpg,https://m.media-amazon.com/images/I/razer-blade-14-2025-pic-3.jpg,https://m.media-amazon.com/images/I/razer-blade-14-2025-pic-4.jpg,https://m.media-amazon.com/images/I/razer-blade-14-2025-pic-5.jpg
69,acer-predator-helios-18,Acer Predator Helios 18,"<p>Tackle any challenge with a powerful portable laptop featuring a vibrant display, exceptional battery life, and the processing power for creative work, gaming, and productivity.</p><ul><li>Latest-generation processor paired with dedicated graphics</li><li>High-resolution anti-glare display with wide color gamut</li><li>Up to 32GB DDR5 RAM and 1TB NVMe SSD storage</li><li>Up to 14 hours battery life with fast charging support</li><li>Thunderbolt 4 and USB4 for maximum connectivity</li></ul>",Acer,Electronics > Computers > Laptops,Laptop,"[""acer"",""predator"",""gaming""]",1699.0,,,,Acer Predator Helios 18 | AllGoodsCo Electronics,"Tackle any challenge with a powerful portable laptop featuring a vibrant display, exceptional battery life, and the processing power for creative work, gam",True,False,"""2026-07-28T01:07:38.981Z""","""2026-07-28T01:07:38.981Z""",https://m.media-amazon.com/images/I/acer-predator-helios-18-pic-1.jpg,https://m.media-amazon.com/images/I/acer-predator-helios-18-pic-2.jpg,https://m.media-amazon.com/images/I/acer-predator-helios-18-pic-3.jpg,https://m.media-amazon.com/images/I/acer-predator-helios-18-pic-4.jpg,https://m.media-amazon.com/images/I/acer-predator-helios-18-pic-5.jpg
70,acer-swift-14-ai,Acer Swift 14 AI,"<p>Tackle any challenge with a powerful portable laptop featuring a vibrant display, exceptional battery life, and the processing power for creative work, gaming, and productivity.</p><ul><li>Latest-generation processor paired with dedicated graphics</li><li>High-resolution anti-glare display with wide color gamut</li><li>Up to 32GB DDR5 RAM and 1TB NVMe SSD storage</li><li>Up to 14 hours battery life with fast charging support</li><li>Thunderbolt 4 and USB4 for maximum connectivity</li></ul>",Acer,Electronics > Computers > Laptops,Laptop,"[""acer"",""swift""]",999.0,,,,Acer Swift 14 AI | AllGoodsCo Electronics,"Tackle any challenge with a powerful portable laptop featuring a vibrant display, exceptional battery life, and the processing power for creative work, gam",True,False,"""2026-07-28T01:07:38.983Z""","""2026-07-28T01:07:38.983Z""",https://m.media-amazon.com/images/I/acer-swift-14-ai-pic-1.jpg,https://m.media-amazon.com/images/I/acer-swift-14-ai-pic-2.jpg,https://m.media-amazon.com/images/I/acer-swift-14-ai-pic-3.jpg,https://m.media-amazon.com/images/I/acer-swift-14-ai-pic-4.jpg,https://m.media-amazon.com/images/I/acer-swift-14-ai-pic-5.jpg
71,samsung-galaxy-book4-ultra,Samsung Galaxy Book4 Ultra,"<p>Tackle any challenge with a powerful portable laptop featuring a vibrant display, exceptional battery life, and the processing power for creative work, gaming, and productivity.</p><ul><li>Latest-generation processor paired with dedicated graphics</li><li>High-resolution anti-glare display with wide color gamut</li><li>Up to 32GB DDR5 RAM and 1TB NVMe SSD storage</li><li>Up to 14 hours battery life with fast charging support</li><li>Thunderbolt 4 and USB4 for maximum connectivity</li></ul>",Samsung,Electronics > Computers > Laptops,Laptop,"[""samsung"",""galaxy-book""]",2499.0,,,,Samsung Galaxy Book4 Ultra | AllGoodsCo Electronics,"Tackle any challenge with a powerful portable laptop featuring a vibrant display, exceptional battery life, and the processing power for creative work, gam",True,False,"""2026-07-28T01:07:38.986Z""","""2026-07-28T01:07:38.986Z""",https://images.samsung.com/is/image/samsung/p6pim/us/samsung-galaxy-book4-ultra/samsung-galaxy-book4-ultra-gallery-1.jpg,https://images.samsung.com/is/image/samsung/p6pim/us/samsung-galaxy-book4-ultra/samsung-galaxy-book4-ultra-gallery-2.jpg,https://images.samsung.com/is/image/samsung/p6pim/us/samsung-galaxy-book4-ultra/samsung-galaxy-book4-ultra-gallery-3.jpg,https://images.samsung.com/is/image/samsung/p6pim/us/samsung-galaxy-book4-ultra/samsung-galaxy-book4-ultra-gallery-4.jpg,https://images.samsung.com/is/image/samsung/p6pim/us/samsung-galaxy-book4-ultra/samsung-galaxy-book4-ultra-gallery-5.jpg
72,lg-gram-16,LG Gram 16,"<p>Tackle any challenge with a powerful portable laptop featuring a vibrant display, exceptional battery life, and the processing power for creative work, gaming, and productivity.</p><ul><li>Latest-generation processor paired with dedicated graphics</li><li>High-resolution anti-glare display with wide color gamut</li><li>Up to 32GB DDR5 RAM and 1TB NVMe SSD storage</li><li>Up to 14 hours battery life with fast charging support</li><li>Thunderbolt 4 and USB4 for maximum connectivity</li></ul>",LG,Electronics > Computers > Laptops,Laptop,"[""lg"",""gram"",""lightweight""]",1399.0,,,,LG Gram 16 | AllGoodsCo Electronics,"Tackle any challenge with a powerful portable laptop featuring a vibrant display, exceptional battery life, and the processing power for creative work, gam",True,False,"""2026-07-28T01:07:38.988Z""","""2026-07-28T01:07:38.988Z""",https://m.media-amazon.com/images/I/lg-gram-16-pic-1.jpg,https://m.media-amazon.com/images/I/lg-gram-16-pic-2.jpg,https://m.media-amazon.com/images/I/lg-gram-16-pic-3.jpg,https://m.media-amazon.com/images/I/lg-gram-16-pic-4.jpg,https://m.media-amazon.com/images/I/lg-gram-16-pic-5.jpg
73,msi-titan-gt77-hx,MSI Titan GT77 HX,"<p>Tackle any challenge with a powerful portable laptop featuring a vibrant display, exceptional battery life, and the processing power for creative work, gaming, and productivity.</p><ul><li>Latest-generation processor paired with dedicated graphics</li><li>High-resolution anti-glare display with wide color gamut</li><li>Up to 32GB DDR5 RAM and 1TB NVMe SSD storage</li><li>Up to 14 hours battery life with fast charging support</li><li>Thunderbolt 4 and USB4 for maximum connectivity</li></ul>",MSI,Electronics > Computers > Laptops,Laptop,"[""msi"",""titan"",""gaming""]",2999.0,,,,MSI Titan GT77 HX | AllGoodsCo Electronics,"Tackle any challenge with a powerful portable laptop featuring a vibrant display, exceptional battery life, and the processing power for creative work, gam",True,False,"""2026-07-28T01:07:38.995Z""","""2026-07-28T01:07:38.995Z""",https://m.media-amazon.com/images/I/msi-titan-gt77-hx-pic-1.jpg,https://m.media-amazon.com/images/I/msi-titan-gt77-hx-pic-2.jpg,https://m.media-amazon.com/images/I/msi-titan-gt77-hx-pic-3.jpg,https://m.media-amazon.com/images/I/msi-titan-gt77-hx-pic-4.jpg,https://m.media-amazon.com/images/I/msi-titan-gt77-hx-pic-5.jpg
74,gigabyte-aorus-17x,Gigabyte AORUS 17X,"<p>Tackle any challenge with a powerful portable laptop featuring a vibrant display, exceptional battery life, and the processing power for creative work, gaming, and productivity.</p><ul><li>Latest-generation processor paired with dedicated graphics</li><li>High-resolution anti-glare display with wide color gamut</li><li>Up to 32GB DDR5 RAM and 1TB NVMe SSD storage</li><li>Up to 14 hours battery life with fast charging support</li><li>Thunderbolt 4 and USB4 for maximum connectivity</li></ul>",Gigabyte,Electronics > Computers > Laptops,Laptop,"[""gigabyte"",""aorus"",""gaming""]",2199.0,,,,Gigabyte AORUS 17X | AllGoodsCo Electronics,"Tackle any challenge with a powerful portable laptop featuring a vibrant display, exceptional battery life, and the processing power for creative work, gam",True,False,"""2026-07-28T01:07:38.999Z""","""2026-07-28T01:07:38.999Z""",https://m.media-amazon.com/images/I/gigabyte-aorus-17x-pic-1.jpg,https://m.media-amazon.com/images/I/gigabyte-aorus-17x-pic-2.jpg,https://m.media-amazon.com/images/I/gigabyte-aorus-17x-pic-3.jpg,https://m.media-amazon.com/images/I/gigabyte-aorus-17x-pic-4.jpg,https://m.media-amazon.com/images/I/gigabyte-aorus-17x-pic-5.jpg
75,hp-omen-17,HP Omen 17,"<p>Tackle any challenge with a powerful portable laptop featuring a vibrant display, exceptional battery life, and the processing power for creative work, gaming, and productivity.</p><ul><li>Latest-generation processor paired with dedicated graphics</li><li>High-resolution anti-glare display with wide color gamut</li><li>Up to 32GB DDR5 RAM and 1TB NVMe SSD storage</li><li>Up to 14 hours battery life with fast charging support</li><li>Thunderbolt 4 and USB4 for maximum connectivity</li></ul>",HP,Electronics > Computers > Laptops,Laptop,"[""hp"",""omen"",""gaming""]",1499.0,,,,HP Omen 17 | AllGoodsCo Electronics,"Tackle any challenge with a powerful portable laptop featuring a vibrant display, exceptional battery life, and the processing power for creative work, gam",True,False,"""2026-07-28T01:07:39.001Z""","""2026-07-28T01:07:39.001Z""",https://m.media-amazon.com/images/I/hp-omen-17-pic-1.jpg,https://m.media-amazon.com/images/I/hp-omen-17-pic-2.jpg,https://m.media-amazon.com/images/I/hp-omen-17-pic-3.jpg,https://m.media-amazon.com/images/I/hp-omen-17-pic-4.jpg,https://m.media-amazon.com/images/I/hp-omen-17-pic-5.jpg
76,dell-inspiron-16-plus,Dell Inspiron 16 Plus,"<p>Tackle any challenge with a powerful portable laptop featuring a vibrant display, exceptional battery life, and the processing power for creative work, gaming, and productivity.</p><ul><li>Latest-generation processor paired with dedicated graphics</li><li>High-resolution anti-glare display with wide color gamut</li><li>Up to 32GB DDR5 RAM and 1TB NVMe SSD storage</li><li>Up to 14 hours battery life with fast charging support</li><li>Thunderbolt 4 and USB4 for maximum connectivity</li></ul>",Dell,Electronics > Computers > Laptops,Laptop,"[""dell"",""inspiron""]",1199.0,,,,Dell Inspiron 16 Plus | AllGoodsCo Electronics,"Tackle any challenge with a powerful portable laptop featuring a vibrant display, exceptional battery life, and the processing power for creative work, gam",True,False,"""2026-07-28T01:07:39.003Z""","""2026-07-28T01:07:39.003Z""",https://m.media-amazon.com/images/I/dell-inspiron-16-plus-pic-1.jpg,https://m.media-amazon.com/images/I/dell-inspiron-16-plus-pic-2.jpg,https://m.media-amazon.com/images/I/dell-inspiron-16-plus-pic-3.jpg,https://m.media-amazon.com/images/I/dell-inspiron-16-plus-pic-4.jpg,https://m.media-amazon.com/images/I/dell-inspiron-16-plus-pic-5.jpg
77,lenovo-legion-pro-7i-gen9,Lenovo Legion Pro 7i Gen 9,"<p>Tackle any challenge with a powerful portable laptop featuring a vibrant display, exceptional battery life, and the processing power for creative work, gaming, and productivity.</p><ul><li>Latest-generation processor paired with dedicated graphics</li><li>High-resolution anti-glare display with wide color gamut</li><li>Up to 32GB DDR5 RAM and 1TB NVMe SSD storage</li><li>Up to 14 hours battery life with fast charging support</li><li>Thunderbolt 4 and USB4 for maximum connectivity</li></ul>",Lenovo,Electronics > Computers > Laptops,Laptop,"[""lenovo"",""legion"",""gaming""]",2299.0,,,,Lenovo Legion Pro 7i Gen 9 | AllGoodsCo Electronics,"Tackle any challenge with a powerful portable laptop featuring a vibrant display, exceptional battery life, and the processing power for creative work, gam",True,False,"""2026-07-28T01:07:39.005Z""","""2026-07-28T01:07:39.005Z""",https://m.media-amazon.com/images/I/lenovo-legion-pro-7i-gen9-pic-1.jpg,https://m.media-amazon.com/images/I/lenovo-legion-pro-7i-gen9-pic-2.jpg,https://m.media-amazon.com/images/I/lenovo-legion-pro-7i-gen9-pic-3.jpg,https://m.media-amazon.com/images/I/lenovo-legion-pro-7i-gen9-pic-4.jpg,https://m.media-amazon.com/images/I/lenovo-legion-pro-7i-gen9-pic-5.jpg
78,asus-proart-studiobook-16,ASUS ProArt Studiobook 16,"<p>Tackle any challenge with a powerful portable laptop featuring a vibrant display, exceptional battery life, and the processing power for creative work, gaming, and productivity.</p><ul><li>Latest-generation processor paired with dedicated graphics</li><li>High-resolution anti-glare display with wide color gamut</li><li>Up to 32GB DDR5 RAM and 1TB NVMe SSD storage</li><li>Up to 14 hours battery life with fast charging support</li><li>Thunderbolt 4 and USB4 for maximum connectivity</li></ul>",ASUS,Electronics > Computers > Laptops,Laptop,"[""asus"",""proart"",""creator""]",1999.0,,,,ASUS ProArt Studiobook 16 | AllGoodsCo Electronics,"Tackle any challenge with a powerful portable laptop featuring a vibrant display, exceptional battery life, and the processing power for creative work, gam",True,False,"""2026-07-28T01:07:39.007Z""","""2026-07-28T01:07:39.007Z""",https://m.media-amazon.com/images/I/asus-proart-studiobook-16-pic-1.jpg,https://m.media-amazon.com/images/I/asus-proart-studiobook-16-pic-2.jpg,https://m.media-amazon.com/images/I/asus-proart-studiobook-16-pic-3.jpg,https://m.media-amazon.com/images/I/asus-proart-studiobook-16-pic-4.jpg,https://m.media-amazon.com/images/I/asus-proart-studiobook-16-pic-5.jpg
79,framework-laptop-16,Framework Laptop 16,"<p>Tackle any challenge with a powerful portable laptop featuring a vibrant display, exceptional battery life, and the processing power for creative work, gaming, and productivity.</p><ul><li>Latest-generation processor paired with dedicated graphics</li><li>High-resolution anti-glare display with wide color gamut</li><li>Up to 32GB DDR5 RAM and 1TB NVMe SSD storage</li><li>Up to 14 hours battery life with fast charging support</li><li>Thunderbolt 4 and USB4 for maximum connectivity</li></ul>",Framework,Electronics > Computers > Laptops,Laptop,"[""framework"",""modular""]",1049.0,,,,Framework Laptop 16 | AllGoodsCo Electronics,"Tackle any challenge with a powerful portable laptop featuring a vibrant display, exceptional battery life, and the processing power for creative work, gam",True,False,"""2026-07-28T01:07:39.010Z""","""2026-07-28T01:07:39.010Z""",https://m.media-amazon.com/images/I/framework-laptop-16-pic-1.jpg,https://m.media-amazon.com/images/I/framework-laptop-16-pic-2.jpg,https://m.media-amazon.com/images/I/framework-laptop-16-pic-3.jpg,https://m.media-amazon.com/images/I/framework-laptop-16-pic-4.jpg,https://m.media-amazon.com/images/I/framework-laptop-16-pic-5.jpg
80,huawei-matebook-x-pro-2024,Huawei MateBook X Pro 2024,"<p>Tackle any challenge with a powerful portable laptop featuring a vibrant display, exceptional battery life, and the processing power for creative work, gaming, and productivity.</p><ul><li>Latest-generation processor paired with dedicated graphics</li><li>High-resolution anti-glare display with wide color gamut</li><li>Up to 32GB DDR5 RAM and 1TB NVMe SSD storage</li><li>Up to 14 hours battery life with fast charging support</li><li>Thunderbolt 4 and USB4 for maximum connectivity</li></ul>",Huawei,Electronics > Computers > Laptops,Laptop,"[""huawei"",""matebook""]",1799.0,,,,Huawei MateBook X Pro 2024 | AllGoodsCo Electronics,"Tackle any challenge with a powerful portable laptop featuring a vibrant display, exceptional battery life, and the processing power for creative work, gam",True,False,"""2026-07-28T01:07:39.012Z""","""2026-07-28T01:07:39.012Z""",https://m.media-amazon.com/images/I/huawei-matebook-x-pro-2024-pic-1.jpg,https://m.media-amazon.com/images/I/huawei-matebook-x-pro-2024-pic-2.jpg,https://m.media-amazon.com/images/I/huawei-matebook-x-pro-2024-pic-3.jpg,https://m.media-amazon.com/images/I/huawei-matebook-x-pro-2024-pic-4.jpg,https://m.media-amazon.com/images/I/huawei-matebook-x-pro-2024-pic-5.jpg
81,acer-chromebook-plus-516-ge,Acer Chromebook Plus 516 GE,"<p>Tackle any challenge with a powerful portable laptop featuring a vibrant display, exceptional battery life, and the processing power for creative work, gaming, and productivity.</p><ul><li>Latest-generation processor paired with dedicated graphics</li><li>High-resolution anti-glare display with wide color gamut</li><li>Up to 32GB DDR5 RAM and 1TB NVMe SSD storage</li><li>Up to 14 hours battery life with fast charging support</li><li>Thunderbolt 4 and USB4 for maximum connectivity</li></ul>",Acer,Electronics > Computers > Laptops,Laptop,"[""acer"",""chromebook"",""gaming""]",699.0,,,,Acer Chromebook Plus 516 GE | AllGoodsCo Electronics,"Tackle any challenge with a powerful portable laptop featuring a vibrant display, exceptional battery life, and the processing power for creative work, gam",True,False,"""2026-07-28T01:07:39.014Z""","""2026-07-28T01:07:39.014Z""",https://m.media-amazon.com/images/I/acer-chromebook-plus-516-ge-pic-1.jpg,https://m.media-amazon.com/images/I/acer-chromebook-plus-516-ge-pic-2.jpg,https://m.media-amazon.com/images/I/acer-chromebook-plus-516-ge-pic-3.jpg,https://m.media-amazon.com/images/I/acer-chromebook-plus-516-ge-pic-4.jpg,https://m.media-amazon.com/images/I/acer-chromebook-plus-516-ge-pic-5.jpg
82,hp-pavilion-plus-14,HP Pavilion Plus 14,"<p>Tackle any challenge with a powerful portable laptop featuring a vibrant display, exceptional battery life, and the processing power for creative work, gaming, and productivity.</p><ul><li>Latest-generation processor paired with dedicated graphics</li><li>High-resolution anti-glare display with wide color gamut</li><li>Up to 32GB DDR5 RAM and 1TB NVMe SSD storage</li><li>Up to 14 hours battery life with fast charging support</li><li>Thunderbolt 4 and USB4 for maximum connectivity</li></ul>",HP,Electronics > Computers > Laptops,Laptop,"[""hp"",""pavilion""]",799.0,,,,HP Pavilion Plus 14 | AllGoodsCo Electronics,"Tackle any challenge with a powerful portable laptop featuring a vibrant display, exceptional battery life, and the processing power for creative work, gam",True,False,"""2026-07-28T01:07:39.016Z""","""2026-07-28T01:07:39.016Z""",https://m.media-amazon.com/images/I/hp-pavilion-plus-14-pic-1.jpg,https://m.media-amazon.com/images/I/hp-pavilion-plus-14-pic-2.jpg,https://m.media-amazon.com/images/I/hp-pavilion-plus-14-pic-3.jpg,https://m.media-amazon.com/images/I/hp-pavilion-plus-14-pic-4.jpg,https://m.media-amazon.com/images/I/hp-pavilion-plus-14-pic-5.jpg
83,lenovo-yoga-9i-gen9,Lenovo Yoga 9i Gen 9,"<p>Tackle any challenge with a powerful portable laptop featuring a vibrant display, exceptional battery life, and the processing power for creative work, gaming, and productivity.</p><ul><li>Latest-generation processor paired with dedicated graphics</li><li>High-resolution anti-glare display with wide color gamut</li><li>Up to 32GB DDR5 RAM and 1TB NVMe SSD storage</li><li>Up to 14 hours battery life with fast charging support</li><li>Thunderbolt 4 and USB4 for maximum connectivity</li></ul>",Lenovo,Electronics > Computers > Laptops,Laptop,"[""lenovo"",""yoga"",""2-in-1""]",1499.0,,,,Lenovo Yoga 9i Gen 9 | AllGoodsCo Electronics,"Tackle any challenge with a powerful portable laptop featuring a vibrant display, exceptional battery life, and the processing power for creative work, gam",True,False,"""2026-07-28T01:07:39.019Z""","""2026-07-28T01:07:39.019Z""",https://m.media-amazon.com/images/I/lenovo-yoga-9i-gen9-pic-1.jpg,https://m.media-amazon.com/images/I/lenovo-yoga-9i-gen9-pic-2.jpg,https://m.media-amazon.com/images/I/lenovo-yoga-9i-gen9-pic-3.jpg,https://m.media-amazon.com/images/I/lenovo-yoga-9i-gen9-pic-4.jpg,https://m.media-amazon.com/images/I/lenovo-yoga-9i-gen9-pic-5.jpg
84,samsung-galaxy-book4-pro-360,Samsung Galaxy Book4 Pro 360,"<p>Tackle any challenge with a powerful portable laptop featuring a vibrant display, exceptional battery life, and the processing power for creative work, gaming, and productivity.</p><ul><li>Latest-generation processor paired with dedicated graphics</li><li>High-resolution anti-glare display with wide color gamut</li><li>Up to 32GB DDR5 RAM and 1TB NVMe SSD storage</li><li>Up to 14 hours battery life with fast charging support</li><li>Thunderbolt 4 and USB4 for maximum connectivity</li></ul>",Samsung,Electronics > Computers > Laptops,Laptop,"[""samsung"",""galaxy-book"",""2-in-1""]",1799.0,,,,Samsung Galaxy Book4 Pro 360 | AllGoodsCo Electronics,"Tackle any challenge with a powerful portable laptop featuring a vibrant display, exceptional battery life, and the processing power for creative work, gam",True,False,"""2026-07-28T01:07:39.021Z""","""2026-07-28T01:07:39.021Z""",https://images.samsung.com/is/image/samsung/p6pim/us/samsung-galaxy-book4-pro-360/samsung-galaxy-book4-pro-360-gallery-1.jpg,https://images.samsung.com/is/image/samsung/p6pim/us/samsung-galaxy-book4-pro-360/samsung-galaxy-book4-pro-360-gallery-2.jpg,https://images.samsung.com/is/image/samsung/p6pim/us/samsung-galaxy-book4-pro-360/samsung-galaxy-book4-pro-360-gallery-3.jpg,https://images.samsung.com/is/image/samsung/p6pim/us/samsung-galaxy-book4-pro-360/samsung-galaxy-book4-pro-360-gallery-4.jpg,https://images.samsung.com/is/image/samsung/p6pim/us/samsung-galaxy-book4-pro-360/samsung-galaxy-book4-pro-360-gallery-5.jpg
85,microsoft-surface-laptop-studio-2,Microsoft Surface Laptop Studio 2,"<p>Tackle any challenge with a powerful portable laptop featuring a vibrant display, exceptional battery life, and the processing power for creative work, gaming, and productivity.</p><ul><li>Latest-generation processor paired with dedicated graphics</li><li>High-resolution anti-glare display with wide color gamut</li><li>Up to 32GB DDR5 RAM and 1TB NVMe SSD storage</li><li>Up to 14 hours battery life with fast charging support</li><li>Thunderbolt 4 and USB4 for maximum connectivity</li></ul>",Microsoft,Electronics > Computers > Laptops,Laptop,"[""microsoft"",""surface"",""studio""]",1999.0,,,,Microsoft Surface Laptop Studio 2 | AllGoodsCo Electronics,"Tackle any challenge with a powerful portable laptop featuring a vibrant display, exceptional battery life, and the processing power for creative work, gam",True,False,"""2026-07-28T01:07:39.023Z""","""2026-07-28T01:07:39.023Z""",https://m.media-amazon.com/images/I/microsoft-surface-laptop-studio-2-pic-1.jpg,https://m.media-amazon.com/images/I/microsoft-surface-laptop-studio-2-pic-2.jpg,https://m.media-amazon.com/images/I/microsoft-surface-laptop-studio-2-pic-3.jpg,https://m.media-amazon.com/images/I/microsoft-surface-laptop-studio-2-pic-4.jpg,https://m.media-amazon.com/images/I/microsoft-surface-laptop-studio-2-pic-5.jpg
86,playstation-5-pro,PlayStation 5 Pro,"<p>Unleash next-generation gaming with blazing-fast SSD, hardware-accelerated ray tracing, and 4K gameplay at high frame rates — your gateway to an immersive gaming world.</p><ul><li>4K gaming at up to 120fps with full HDR support</li><li>Hardware-accelerated ray tracing for realistic lighting and shadows</li><li>Ultra-fast SSD virtually eliminates load times</li><li>Backward compatibility with previous generation titles</li><li>Immersive haptic feedback and adaptive triggers in the controller</li></ul>",PlayStation,Electronics > Video Game Consoles,Gaming Console,"[""sony"",""PS5"",""4K""]",699.0,,,,PlayStation 5 Pro | AllGoodsCo Electronics,"Unleash next-generation gaming with blazing-fast SSD, hardware-accelerated ray tracing, and 4K gameplay at high frame rates — your gateway to an immersive",True,False,"""2026-07-28T01:07:39.025Z""","""2026-07-28T01:07:39.025Z""",https://m.media-amazon.com/images/I/playstation-5-pro-pic-1.jpg,https://m.media-amazon.com/images/I/playstation-5-pro-pic-2.jpg,https://m.media-amazon.com/images/I/playstation-5-pro-pic-3.jpg,https://m.media-amazon.com/images/I/playstation-5-pro-pic-4.jpg,https://m.media-amazon.com/images/I/playstation-5-pro-pic-5.jpg
87,playstation-5-slim,PlayStation 5 Slim,"<p>Unleash next-generation gaming with blazing-fast SSD, hardware-accelerated ray tracing, and 4K gameplay at high frame rates — your gateway to an immersive gaming world.</p><ul><li>4K gaming at up to 120fps with full HDR support</li><li>Hardware-accelerated ray tracing for realistic lighting and shadows</li><li>Ultra-fast SSD virtually eliminates load times</li><li>Backward compatibility with previous generation titles</li><li>Immersive haptic feedback and adaptive triggers in the controller</li></ul>",PlayStation,Electronics > Video Game Consoles,Gaming Console,"[""sony"",""PS5"",""4K""]",499.0,,,,PlayStation 5 Slim | AllGoodsCo Electronics,"Unleash next-generation gaming with blazing-fast SSD, hardware-accelerated ray tracing, and 4K gameplay at high frame rates — your gateway to an immersive",True,False,"""2026-07-28T01:07:39.028Z""","""2026-07-28T01:07:39.028Z""",https://m.media-amazon.com/images/I/playstation-5-slim-pic-1.jpg,https://m.media-amazon.com/images/I/playstation-5-slim-pic-2.jpg,https://m.media-amazon.com/images/I/playstation-5-slim-pic-3.jpg,https://m.media-amazon.com/images/I/playstation-5-slim-pic-4.jpg,https://m.media-amazon.com/images/I/playstation-5-slim-pic-5.jpg
88,xbox-series-x,Xbox Series X,"<p>Unleash next-generation gaming with blazing-fast SSD, hardware-accelerated ray tracing, and 4K gameplay at high frame rates — your gateway to an immersive gaming world.</p><ul><li>4K gaming at up to 120fps with full HDR support</li><li>Hardware-accelerated ray tracing for realistic lighting and shadows</li><li>Ultra-fast SSD virtually eliminates load times</li><li>Backward compatibility with previous generation titles</li><li>Immersive haptic feedback and adaptive triggers in the controller</li></ul>",Microsoft,Electronics > Video Game Consoles,Gaming Console,"[""microsoft"",""xbox"",""4K""]",499.0,,,,Xbox Series X | AllGoodsCo Electronics,"Unleash next-generation gaming with blazing-fast SSD, hardware-accelerated ray tracing, and 4K gameplay at high frame rates — your gateway to an immersive",True,True,"""2026-07-28T01:07:39.030Z""","""2026-07-28T01:07:39.030Z""",https://m.media-amazon.com/images/I/xbox-series-x-pic-1.jpg,https://m.media-amazon.com/images/I/xbox-series-x-pic-2.jpg,https://m.media-amazon.com/images/I/xbox-series-x-pic-3.jpg,https://m.media-amazon.com/images/I/xbox-series-x-pic-4.jpg,https://m.media-amazon.com/images/I/xbox-series-x-pic-5.jpg
89,xbox-series-s,Xbox Series S,"<p>Unleash next-generation gaming with blazing-fast SSD, hardware-accelerated ray tracing, and 4K gameplay at high frame rates — your gateway to an immersive gaming world.</p><ul><li>4K gaming at up to 120fps with full HDR support</li><li>Hardware-accelerated ray tracing for realistic lighting and shadows</li><li>Ultra-fast SSD virtually eliminates load times</li><li>Backward compatibility with previous generation titles</li><li>Immersive haptic feedback and adaptive triggers in the controller</li></ul>",Microsoft,Electronics > Video Game Consoles,Gaming Console,"[""microsoft"",""xbox""]",299.0,,,,Xbox Series S | AllGoodsCo Electronics,"Unleash next-generation gaming with blazing-fast SSD, hardware-accelerated ray tracing, and 4K gameplay at high frame rates — your gateway to an immersive",True,False,"""2026-07-28T01:07:39.032Z""","""2026-07-28T01:07:39.032Z""",https://m.media-amazon.com/images/I/xbox-series-s-pic-1.jpg,https://m.media-amazon.com/images/I/xbox-series-s-pic-2.jpg,https://m.media-amazon.com/images/I/xbox-series-s-pic-3.jpg,https://m.media-amazon.com/images/I/xbox-series-s-pic-4.jpg,https://m.media-amazon.com/images/I/xbox-series-s-pic-5.jpg
90,nintendo-switch-2,Nintendo Switch 2,"<p>Unleash next-generation gaming with blazing-fast SSD, hardware-accelerated ray tracing, and 4K gameplay at high frame rates — your gateway to an immersive gaming world.</p><ul><li>4K gaming at up to 120fps with full HDR support</li><li>Hardware-accelerated ray tracing for realistic lighting and shadows</li><li>Ultra-fast SSD virtually eliminates load times</li><li>Backward compatibility with previous generation titles</li><li>Immersive haptic feedback and adaptive triggers in the controller</li></ul>",Nintendo,Electronics > Video Game Consoles,Gaming Console,"[""nintendo"",""switch""]",449.0,,,,Nintendo Switch 2 | AllGoodsCo Electronics,"Unleash next-generation gaming with blazing-fast SSD, hardware-accelerated ray tracing, and 4K gameplay at high frame rates — your gateway to an immersive",True,False,"""2026-07-28T01:07:39.034Z""","""2026-07-28T01:07:39.034Z""",https://m.media-amazon.com/images/I/nintendo-switch-2-pic-1.jpg,https://m.media-amazon.com/images/I/nintendo-switch-2-pic-2.jpg,https://m.media-amazon.com/images/I/nintendo-switch-2-pic-3.jpg,https://m.media-amazon.com/images/I/nintendo-switch-2-pic-4.jpg,https://m.media-amazon.com/images/I/nintendo-switch-2-pic-5.jpg
91,nintendo-switch-oled,Nintendo Switch OLED,"<p>Unleash next-generation gaming with blazing-fast SSD, hardware-accelerated ray tracing, and 4K gameplay at high frame rates — your gateway to an immersive gaming world.</p><ul><li>4K gaming at up to 120fps with full HDR support</li><li>Hardware-accelerated ray tracing for realistic lighting and shadows</li><li>Ultra-fast SSD virtually eliminates load times</li><li>Backward compatibility with previous generation titles</li><li>Immersive haptic feedback and adaptive triggers in the controller</li></ul>",Nintendo,Electronics > Video Game Consoles,Gaming Console,"[""nintendo"",""switch""]",349.0,,,,Nintendo Switch OLED | AllGoodsCo Electronics,"Unleash next-generation gaming with blazing-fast SSD, hardware-accelerated ray tracing, and 4K gameplay at high frame rates — your gateway to an immersive",True,False,"""2026-07-28T01:07:39.037Z""","""2026-07-28T01:07:39.037Z""",https://m.media-amazon.com/images/I/nintendo-switch-oled-pic-1.jpg,https://m.media-amazon.com/images/I/nintendo-switch-oled-pic-2.jpg,https://m.media-amazon.com/images/I/nintendo-switch-oled-pic-3.jpg,https://m.media-amazon.com/images/I/nintendo-switch-oled-pic-4.jpg,https://m.media-amazon.com/images/I/nintendo-switch-oled-pic-5.jpg
92,steam-deck-oled-512,Steam Deck OLED 512GB,"<p>Experience desktop-class gaming performance in the ultimate portable device — take your entire game library anywhere without compromise.</p><ul><li>High-performance AMD APU delivers console-quality gaming on the go</li><li>7-inch high-refresh display with HDR support</li><li>Up to 2TB fast NVMe SSD storage for your full library</li><li>Ergonomic grip with precise responsive analog controls</li><li>Compatible with your full PC game library via Steam, Xbox, and Epic Games</li></ul>",Valve,Electronics > Video Games > Gaming PCs,Gaming Handheld,"[""valve"",""steam"",""portable""]",549.0,,,,Steam Deck OLED 512GB | AllGoodsCo Electronics,Experience desktop-class gaming performance in the ultimate portable device — take your entire game library anywhere without compromise. High-performance A,True,False,"""2026-07-28T01:07:39.039Z""","""2026-07-28T01:07:39.039Z""",https://m.media-amazon.com/images/I/steam-deck-oled-512-pic-1.jpg,https://m.media-amazon.com/images/I/steam-deck-oled-512-pic-2.jpg,https://m.media-amazon.com/images/I/steam-deck-oled-512-pic-3.jpg,https://m.media-amazon.com/images/I/steam-deck-oled-512-pic-4.jpg,https://m.media-amazon.com/images/I/steam-deck-oled-512-pic-5.jpg
93,steam-deck-oled-1tb,Steam Deck OLED 1TB,"<p>Experience desktop-class gaming performance in the ultimate portable device — take your entire game library anywhere without compromise.</p><ul><li>High-performance AMD APU delivers console-quality gaming on the go</li><li>7-inch high-refresh display with HDR support</li><li>Up to 2TB fast NVMe SSD storage for your full library</li><li>Ergonomic grip with precise responsive analog controls</li><li>Compatible with your full PC game library via Steam, Xbox, and Epic Games</li></ul>",Valve,Electronics > Video Games > Gaming PCs,Gaming Handheld,"[""valve"",""steam"",""portable""]",649.0,,,,Steam Deck OLED 1TB | AllGoodsCo Electronics,Experience desktop-class gaming performance in the ultimate portable device — take your entire game library anywhere without compromise. High-performance A,True,True,"""2026-07-28T01:07:39.041Z""","""2026-07-28T01:07:39.041Z""",https://m.media-amazon.com/images/I/steam-deck-oled-1tb-pic-1.jpg,https://m.media-amazon.com/images/I/steam-deck-oled-1tb-pic-2.jpg,https://m.media-amazon.com/images/I/steam-deck-oled-1tb-pic-3.jpg,https://m.media-amazon.com/images/I/steam-deck-oled-1tb-pic-4.jpg,https://m.media-amazon.com/images/I/steam-deck-oled-1tb-pic-5.jpg
94,asus-rog-ally-x,ASUS ROG Ally X,"<p>Experience desktop-class gaming performance in the ultimate portable device — take your entire game library anywhere without compromise.</p><ul><li>High-performance AMD APU delivers console-quality gaming on the go</li><li>7-inch high-refresh display with HDR support</li><li>Up to 2TB fast NVMe SSD storage for your full library</li><li>Ergonomic grip with precise responsive analog controls</li><li>Compatible with your full PC game library via Steam, Xbox, and Epic Games</li></ul>",ASUS,Electronics > Video Games > Gaming PCs,Gaming Handheld,"[""asus"",""rog"",""portable""]",799.0,,,,ASUS ROG Ally X | AllGoodsCo Electronics,Experience desktop-class gaming performance in the ultimate portable device — take your entire game library anywhere without compromise. High-performance A,True,True,"""2026-07-28T01:07:39.043Z""","""2026-07-28T01:07:39.043Z""",https://m.media-amazon.com/images/I/asus-rog-ally-x-pic-1.jpg,https://m.media-amazon.com/images/I/asus-rog-ally-x-pic-2.jpg,https://m.media-amazon.com/images/I/asus-rog-ally-x-pic-3.jpg,https://m.media-amazon.com/images/I/asus-rog-ally-x-pic-4.jpg,https://m.media-amazon.com/images/I/asus-rog-ally-x-pic-5.jpg
95,asus-rog-ally,ASUS ROG Ally,"<p>Experience desktop-class gaming performance in the ultimate portable device — take your entire game library anywhere without compromise.</p><ul><li>High-performance AMD APU delivers console-quality gaming on the go</li><li>7-inch high-refresh display with HDR support</li><li>Up to 2TB fast NVMe SSD storage for your full library</li><li>Ergonomic grip with precise responsive analog controls</li><li>Compatible with your full PC game library via Steam, Xbox, and Epic Games</li></ul>",ASUS,Electronics > Video Games > Gaming PCs,Gaming Handheld,"[""asus"",""rog"",""portable""]",599.0,,,,ASUS ROG Ally | AllGoodsCo Electronics,Experience desktop-class gaming performance in the ultimate portable device — take your entire game library anywhere without compromise. High-performance A,True,False,"""2026-07-28T01:07:39.046Z""","""2026-07-28T01:07:39.046Z""",https://m.media-amazon.com/images/I/asus-rog-ally-pic-1.jpg,https://m.media-amazon.com/images/I/asus-rog-ally-pic-2.jpg,https://m.media-amazon.com/images/I/asus-rog-ally-pic-3.jpg,https://m.media-amazon.com/images/I/asus-rog-ally-pic-4.jpg,https://m.media-amazon.com/images/I/asus-rog-ally-pic-5.jpg
96,lenovo-legion-go-2,Lenovo Legion Go 2,"<p>Experience desktop-class gaming performance in the ultimate portable device — take your entire game library anywhere without compromise.</p><ul><li>High-performance AMD APU delivers console-quality gaming on the go</li><li>7-inch high-refresh display with HDR support</li><li>Up to 2TB fast NVMe SSD storage for your full library</li><li>Ergonomic grip with precise responsive analog controls</li><li>Compatible with your full PC game library via Steam, Xbox, and Epic Games</li></ul>",Lenovo,Electronics > Video Games > Gaming PCs,Gaming Handheld,"[""lenovo"",""legion"",""portable""]",749.0,,,,Lenovo Legion Go 2 | AllGoodsCo Electronics,Experience desktop-class gaming performance in the ultimate portable device — take your entire game library anywhere without compromise. High-performance A,True,False,"""2026-07-28T01:07:39.048Z""","""2026-07-28T01:07:39.048Z""",https://m.media-amazon.com/images/I/lenovo-legion-go-2-pic-1.jpg,https://m.media-amazon.com/images/I/lenovo-legion-go-2-pic-2.jpg,https://m.media-amazon.com/images/I/lenovo-legion-go-2-pic-3.jpg,https://m.media-amazon.com/images/I/lenovo-legion-go-2-pic-4.jpg,https://m.media-amazon.com/images/I/lenovo-legion-go-2-pic-5.jpg
97,lenovo-legion-go,Lenovo Legion Go,"<p>Experience desktop-class gaming performance in the ultimate portable device — take your entire game library anywhere without compromise.</p><ul><li>High-performance AMD APU delivers console-quality gaming on the go</li><li>7-inch high-refresh display with HDR support</li><li>Up to 2TB fast NVMe SSD storage for your full library</li><li>Ergonomic grip with precise responsive analog controls</li><li>Compatible with your full PC game library via Steam, Xbox, and Epic Games</li></ul>",Lenovo,Electronics > Video Games > Gaming PCs,Gaming Handheld,"[""lenovo"",""legion"",""portable""]",599.0,,,,Lenovo Legion Go | AllGoodsCo Electronics,Experience desktop-class gaming performance in the ultimate portable device — take your entire game library anywhere without compromise. High-performance A,True,False,"""2026-07-28T01:07:39.053Z""","""2026-07-28T01:07:39.053Z""",https://m.media-amazon.com/images/I/lenovo-legion-go-pic-1.jpg,https://m.media-amazon.com/images/I/lenovo-legion-go-pic-2.jpg,https://m.media-amazon.com/images/I/lenovo-legion-go-pic-3.jpg,https://m.media-amazon.com/images/I/lenovo-legion-go-pic-4.jpg,https://m.media-amazon.com/images/I/lenovo-legion-go-pic-5.jpg
98,apple-watch-series-10-46mm,Apple Watch Series 10 46mm,"<p>Stay connected and in control of your wellbeing with a premium smartwatch combining beautiful design with comprehensive health tracking and smart notifications.</p><ul><li>Always-On AMOLED display with hundreds of customizable watch faces</li><li>Comprehensive health monitoring: ECG, SpO2, and skin temperature</li><li>Built-in GPS with multi-sport and activity tracking modes</li><li>Up to 3-day battery life with fast wireless charging</li><li>5ATM swim-proof design for pool and open-water use</li></ul>",Apple,Electronics > Wearable Technology > Smart Watches,Smartwatch,"[""apple"",""watch""]",429.0,,,,Apple Watch Series 10 46mm | AllGoodsCo Electronics,Stay connected and in control of your wellbeing with a premium smartwatch combining beautiful design with comprehensive health tracking and smart notificat,True,True,"""2026-07-28T01:07:39.055Z""","""2026-07-28T01:07:39.055Z""",https://store.storeimages.cdn-apple.com/as-images.apple.com/is/apple-watch-series-10-46mm-gallery-1?wid=1000,https://store.storeimages.cdn-apple.com/as-images.apple.com/is/apple-watch-series-10-46mm-gallery-2?wid=1000,https://store.storeimages.cdn-apple.com/as-images.apple.com/is/apple-watch-series-10-46mm-gallery-3?wid=1000,https://store.storeimages.cdn-apple.com/as-images.apple.com/is/apple-watch-series-10-46mm-gallery-4?wid=1000,https://store.storeimages.cdn-apple.com/as-images.apple.com/is/apple-watch-series-10-46mm-gallery-5?wid=1000
99,apple-watch-series-10-42mm,Apple Watch Series 10 42mm,"<p>Stay connected and in control of your wellbeing with a premium smartwatch combining beautiful design with comprehensive health tracking and smart notifications.</p><ul><li>Always-On AMOLED display with hundreds of customizable watch faces</li><li>Comprehensive health monitoring: ECG, SpO2, and skin temperature</li><li>Built-in GPS with multi-sport and activity tracking modes</li><li>Up to 3-day battery life with fast wireless charging</li><li>5ATM swim-proof design for pool and open-water use</li></ul>",Apple,Electronics > Wearable Technology > Smart Watches,Smartwatch,"[""apple"",""watch""]",399.0,,,,Apple Watch Series 10 42mm | AllGoodsCo Electronics,Stay connected and in control of your wellbeing with a premium smartwatch combining beautiful design with comprehensive health tracking and smart notificat,True,False,"""2026-07-28T01:07:39.058Z""","""2026-07-28T01:07:39.058Z""",https://store.storeimages.cdn-apple.com/as-images.apple.com/is/apple-watch-series-10-42mm-gallery-1?wid=1000,https://store.storeimages.cdn-apple.com/as-images.apple.com/is/apple-watch-series-10-42mm-gallery-2?wid=1000,https://store.storeimages.cdn-apple.com/as-images.apple.com/is/apple-watch-series-10-42mm-gallery-3?wid=1000,https://store.storeimages.cdn-apple.com/as-images.apple.com/is/apple-watch-series-10-42mm-gallery-4?wid=1000,https://store.storeimages.cdn-apple.com/as-images.apple.com/is/apple-watch-series-10-42mm-gallery-5?wid=1000
100,apple-watch-ultra-2,Apple Watch Ultra 2,"<p>Stay connected and in control of your wellbeing with a premium smartwatch combining beautiful design with comprehensive health tracking and smart notifications.</p><ul><li>Always-On AMOLED display with hundreds of customizable watch faces</li><li>Comprehensive health monitoring: ECG, SpO2, and skin temperature</li><li>Built-in GPS with multi-sport and activity tracking modes</li><li>Up to 3-day battery life with fast wireless charging</li><li>5ATM swim-proof design for pool and open-water use</li></ul>",Apple,Electronics > Wearable Technology > Smart Watches,Smartwatch,"[""apple"",""watch"",""ultra""]",799.0,,,,Apple Watch Ultra 2 | AllGoodsCo Electronics,Stay connected and in control of your wellbeing with a premium smartwatch combining beautiful design with comprehensive health tracking and smart notificat,True,True,"""2026-07-28T01:07:39.062Z""","""2026-07-28T01:07:39.062Z""",https://store.storeimages.cdn-apple.com/as-images.apple.com/is/apple-watch-ultra-2-gallery-1?wid=1000,https://store.storeimages.cdn-apple.com/as-images.apple.com/is/apple-watch-ultra-2-gallery-2?wid=1000,https://store.storeimages.cdn-apple.com/as-images.apple.com/is/apple-watch-ultra-2-gallery-3?wid=1000,https://store.storeimages.cdn-apple.com/as-images.apple.com/is/apple-watch-ultra-2-gallery-4?wid=1000,https://store.storeimages.cdn-apple.com/as-images.apple.com/is/apple-watch-ultra-2-gallery-5?wid=1000
101,apple-watch-se-3-44mm,Apple Watch SE (3rd Gen) 44mm,"<p>Stay connected and in control of your wellbeing with a premium smartwatch combining beautiful design with comprehensive health tracking and smart notifications.</p><ul><li>Always-On AMOLED display with hundreds of customizable watch faces</li><li>Comprehensive health monitoring: ECG, SpO2, and skin temperature</li><li>Built-in GPS with multi-sport and activity tracking modes</li><li>Up to 3-day battery life with fast wireless charging</li><li>5ATM swim-proof design for pool and open-water use</li></ul>",Apple,Electronics > Wearable Technology > Smart Watches,Smartwatch,"[""apple"",""watch"",""SE""]",279.0,,,,Apple Watch SE (3rd Gen) 44mm | AllGoodsCo Electronics,Stay connected and in control of your wellbeing with a premium smartwatch combining beautiful design with comprehensive health tracking and smart notificat,True,False,"""2026-07-28T01:07:39.070Z""","""2026-07-28T01:07:39.070Z""",https://store.storeimages.cdn-apple.com/as-images.apple.com/is/apple-watch-se-3-44mm-gallery-1?wid=1000,https://store.storeimages.cdn-apple.com/as-images.apple.com/is/apple-watch-se-3-44mm-gallery-2?wid=1000,https://store.storeimages.cdn-apple.com/as-images.apple.com/is/apple-watch-se-3-44mm-gallery-3?wid=1000,https://store.storeimages.cdn-apple.com/as-images.apple.com/is/apple-watch-se-3-44mm-gallery-4?wid=1000,https://store.storeimages.cdn-apple.com/as-images.apple.com/is/apple-watch-se-3-44mm-gallery-5?wid=1000
102,samsung-galaxy-watch-7-44mm,Samsung Galaxy Watch 7 44mm,"<p>Stay connected and in control of your wellbeing with a premium smartwatch combining beautiful design with comprehensive health tracking and smart notifications.</p><ul><li>Always-On AMOLED display with hundreds of customizable watch faces</li><li>Comprehensive health monitoring: ECG, SpO2, and skin temperature</li><li>Built-in GPS with multi-sport and activity tracking modes</li><li>Up to 3-day battery life with fast wireless charging</li><li>5ATM swim-proof design for pool and open-water use</li></ul>",Samsung,Electronics > Wearable Technology > Smart Watches,Smartwatch,"[""samsung"",""galaxy-watch""]",299.0,,,,Samsung Galaxy Watch 7 44mm | AllGoodsCo Electronics,Stay connected and in control of your wellbeing with a premium smartwatch combining beautiful design with comprehensive health tracking and smart notificat,True,False,"""2026-07-28T01:07:39.072Z""","""2026-07-28T01:07:39.072Z""",https://images.samsung.com/is/image/samsung/p6pim/us/samsung-galaxy-watch-7-44mm/samsung-galaxy-watch-7-44mm-gallery-1.jpg,https://images.samsung.com/is/image/samsung/p6pim/us/samsung-galaxy-watch-7-44mm/samsung-galaxy-watch-7-44mm-gallery-2.jpg,https://images.samsung.com/is/image/samsung/p6pim/us/samsung-galaxy-watch-7-44mm/samsung-galaxy-watch-7-44mm-gallery-3.jpg,https://images.samsung.com/is/image/samsung/p6pim/us/samsung-galaxy-watch-7-44mm/samsung-galaxy-watch-7-44mm-gallery-4.jpg,https://images.samsung.com/is/image/samsung/p6pim/us/samsung-galaxy-watch-7-44mm/samsung-galaxy-watch-7-44mm-gallery-5.jpg
103,samsung-galaxy-watch-7-40mm,Samsung Galaxy Watch 7 40mm,"<p>Stay connected and in control of your wellbeing with a premium smartwatch combining beautiful design with comprehensive health tracking and smart notifications.</p><ul><li>Always-On AMOLED display with hundreds of customizable watch faces</li><li>Comprehensive health monitoring: ECG, SpO2, and skin temperature</li><li>Built-in GPS with multi-sport and activity tracking modes</li><li>Up to 3-day battery life with fast wireless charging</li><li>5ATM swim-proof design for pool and open-water use</li></ul>",Samsung,Electronics > Wearable Technology > Smart Watches,Smartwatch,"[""samsung"",""galaxy-watch""]",269.0,,,,Samsung Galaxy Watch 7 40mm | AllGoodsCo Electronics,Stay connected and in control of your wellbeing with a premium smartwatch combining beautiful design with comprehensive health tracking and smart notificat,True,False,"""2026-07-28T01:07:39.075Z""","""2026-07-28T01:07:39.075Z""",https://images.samsung.com/is/image/samsung/p6pim/us/samsung-galaxy-watch-7-40mm/samsung-galaxy-watch-7-40mm-gallery-1.jpg,https://images.samsung.com/is/image/samsung/p6pim/us/samsung-galaxy-watch-7-40mm/samsung-galaxy-watch-7-40mm-gallery-2.jpg,https://images.samsung.com/is/image/samsung/p6pim/us/samsung-galaxy-watch-7-40mm/samsung-galaxy-watch-7-40mm-gallery-3.jpg,https://images.samsung.com/is/image/samsung/p6pim/us/samsung-galaxy-watch-7-40mm/samsung-galaxy-watch-7-40mm-gallery-4.jpg,https://images.samsung.com/is/image/samsung/p6pim/us/samsung-galaxy-watch-7-40mm/samsung-galaxy-watch-7-40mm-gallery-5.jpg
104,samsung-galaxy-watch-ultra,Samsung Galaxy Watch Ultra,"<p>Stay connected and in control of your wellbeing with a premium smartwatch combining beautiful design with comprehensive health tracking and smart notifications.</p><ul><li>Always-On AMOLED display with hundreds of customizable watch faces</li><li>Comprehensive health monitoring: ECG, SpO2, and skin temperature</li><li>Built-in GPS with multi-sport and activity tracking modes</li><li>Up to 3-day battery life with fast wireless charging</li><li>5ATM swim-proof design for pool and open-water use</li></ul>",Samsung,Electronics > Wearable Technology > Smart Watches,Smartwatch,"[""samsung"",""galaxy-watch"",""ultra""]",649.0,,,,Samsung Galaxy Watch Ultra | AllGoodsCo Electronics,Stay connected and in control of your wellbeing with a premium smartwatch combining beautiful design with comprehensive health tracking and smart notificat,True,False,"""2026-07-28T01:07:39.079Z""","""2026-07-28T01:07:39.079Z""",https://images.samsung.com/is/image/samsung/p6pim/us/samsung-galaxy-watch-ultra/samsung-galaxy-watch-ultra-gallery-1.jpg,https://images.samsung.com/is/image/samsung/p6pim/us/samsung-galaxy-watch-ultra/samsung-galaxy-watch-ultra-gallery-2.jpg,https://images.samsung.com/is/image/samsung/p6pim/us/samsung-galaxy-watch-ultra/samsung-galaxy-watch-ultra-gallery-3.jpg,https://images.samsung.com/is/image/samsung/p6pim/us/samsung-galaxy-watch-ultra/samsung-galaxy-watch-ultra-gallery-4.jpg,https://images.samsung.com/is/image/samsung/p6pim/us/samsung-galaxy-watch-ultra/samsung-galaxy-watch-ultra-gallery-5.jpg
105,samsung-galaxy-watch-fe,Samsung Galaxy Watch FE,"<p>Stay connected and in control of your wellbeing with a premium smartwatch combining beautiful design with comprehensive health tracking and smart notifications.</p><ul><li>Always-On AMOLED display with hundreds of customizable watch faces</li><li>Comprehensive health monitoring: ECG, SpO2, and skin temperature</li><li>Built-in GPS with multi-sport and activity tracking modes</li><li>Up to 3-day battery life with fast wireless charging</li><li>5ATM swim-proof design for pool and open-water use</li></ul>",Samsung,Electronics > Wearable Technology > Smart Watches,Smartwatch,"[""samsung"",""galaxy-watch""]",199.0,,,,Samsung Galaxy Watch FE | AllGoodsCo Electronics,Stay connected and in control of your wellbeing with a premium smartwatch combining beautiful design with comprehensive health tracking and smart notificat,True,False,"""2026-07-28T01:07:39.081Z""","""2026-07-28T01:07:39.081Z""",https://images.samsung.com/is/image/samsung/p6pim/us/samsung-galaxy-watch-fe/samsung-galaxy-watch-fe-gallery-1.jpg,https://images.samsung.com/is/image/samsung/p6pim/us/samsung-galaxy-watch-fe/samsung-galaxy-watch-fe-gallery-2.jpg,https://images.samsung.com/is/image/samsung/p6pim/us/samsung-galaxy-watch-fe/samsung-galaxy-watch-fe-gallery-3.jpg,https://images.samsung.com/is/image/samsung/p6pim/us/samsung-galaxy-watch-fe/samsung-galaxy-watch-fe-gallery-4.jpg,https://images.samsung.com/is/image/samsung/p6pim/us/samsung-galaxy-watch-fe/samsung-galaxy-watch-fe-gallery-5.jpg
106,google-pixel-watch-3-45mm,Google Pixel Watch 3 45mm,"<p>Stay connected and in control of your wellbeing with a premium smartwatch combining beautiful design with comprehensive health tracking and smart notifications.</p><ul><li>Always-On AMOLED display with hundreds of customizable watch faces</li><li>Comprehensive health monitoring: ECG, SpO2, and skin temperature</li><li>Built-in GPS with multi-sport and activity tracking modes</li><li>Up to 3-day battery life with fast wireless charging</li><li>5ATM swim-proof design for pool and open-water use</li></ul>",Google,Electronics > Wearable Technology > Smart Watches,Smartwatch,"[""google"",""pixel-watch""]",349.0,,,,Google Pixel Watch 3 45mm | AllGoodsCo Electronics,Stay connected and in control of your wellbeing with a premium smartwatch combining beautiful design with comprehensive health tracking and smart notificat,True,False,"""2026-07-28T01:07:39.083Z""","""2026-07-28T01:07:39.083Z""",https://lh3.googleusercontent.com/product/google-pixel-watch-3-45mm-img-1,https://lh3.googleusercontent.com/product/google-pixel-watch-3-45mm-img-2,https://lh3.googleusercontent.com/product/google-pixel-watch-3-45mm-img-3,https://lh3.googleusercontent.com/product/google-pixel-watch-3-45mm-img-4,https://lh3.googleusercontent.com/product/google-pixel-watch-3-45mm-img-5
107,google-pixel-watch-3-41mm,Google Pixel Watch 3 41mm,"<p>Stay connected and in control of your wellbeing with a premium smartwatch combining beautiful design with comprehensive health tracking and smart notifications.</p><ul><li>Always-On AMOLED display with hundreds of customizable watch faces</li><li>Comprehensive health monitoring: ECG, SpO2, and skin temperature</li><li>Built-in GPS with multi-sport and activity tracking modes</li><li>Up to 3-day battery life with fast wireless charging</li><li>5ATM swim-proof design for pool and open-water use</li></ul>",Google,Electronics > Wearable Technology > Smart Watches,Smartwatch,"[""google"",""pixel-watch""]",299.0,,,,Google Pixel Watch 3 41mm | AllGoodsCo Electronics,Stay connected and in control of your wellbeing with a premium smartwatch combining beautiful design with comprehensive health tracking and smart notificat,True,False,"""2026-07-28T01:07:39.086Z""","""2026-07-28T01:07:39.086Z""",https://lh3.googleusercontent.com/product/google-pixel-watch-3-41mm-img-1,https://lh3.googleusercontent.com/product/google-pixel-watch-3-41mm-img-2,https://lh3.googleusercontent.com/product/google-pixel-watch-3-41mm-img-3,https://lh3.googleusercontent.com/product/google-pixel-watch-3-41mm-img-4,https://lh3.googleusercontent.com/product/google-pixel-watch-3-41mm-img-5
108,garmin-fenix-8-sapphire-solar,Garmin Fenix 8 Sapphire Solar,"<p>Stay connected and in control of your wellbeing with a premium smartwatch combining beautiful design with comprehensive health tracking and smart notifications.</p><ul><li>Always-On AMOLED display with hundreds of customizable watch faces</li><li>Comprehensive health monitoring: ECG, SpO2, and skin temperature</li><li>Built-in GPS with multi-sport and activity tracking modes</li><li>Up to 3-day battery life with fast wireless charging</li><li>5ATM swim-proof design for pool and open-water use</li></ul>",Garmin,Electronics > Wearable Technology > Smart Watches,Smartwatch,"[""garmin"",""fenix"",""GPS""]",999.0,,,,Garmin Fenix 8 Sapphire Solar | AllGoodsCo Electronics,Stay connected and in control of your wellbeing with a premium smartwatch combining beautiful design with comprehensive health tracking and smart notificat,True,False,"""2026-07-28T01:07:39.088Z""","""2026-07-28T01:07:39.088Z""",https://m.media-amazon.com/images/I/garmin-fenix-8-sapphire-solar-pic-1.jpg,https://m.media-amazon.com/images/I/garmin-fenix-8-sapphire-solar-pic-2.jpg,https://m.media-amazon.com/images/I/garmin-fenix-8-sapphire-solar-pic-3.jpg,https://m.media-amazon.com/images/I/garmin-fenix-8-sapphire-solar-pic-4.jpg,https://m.media-amazon.com/images/I/garmin-fenix-8-sapphire-solar-pic-5.jpg
109,garmin-forerunner-965,Garmin Forerunner 965,"<p>Stay connected and in control of your wellbeing with a premium smartwatch combining beautiful design with comprehensive health tracking and smart notifications.</p><ul><li>Always-On AMOLED display with hundreds of customizable watch faces</li><li>Comprehensive health monitoring: ECG, SpO2, and skin temperature</li><li>Built-in GPS with multi-sport and activity tracking modes</li><li>Up to 3-day battery life with fast wireless charging</li><li>5ATM swim-proof design for pool and open-water use</li></ul>",Garmin,Electronics > Wearable Technology > Smart Watches,Smartwatch,"[""garmin"",""forerunner"",""GPS""]",599.0,,,,Garmin Forerunner 965 | AllGoodsCo Electronics,Stay connected and in control of your wellbeing with a premium smartwatch combining beautiful design with comprehensive health tracking and smart notificat,True,False,"""2026-07-28T01:07:39.090Z""","""2026-07-28T01:07:39.090Z""",https://m.media-amazon.com/images/I/garmin-forerunner-965-pic-1.jpg,https://m.media-amazon.com/images/I/garmin-forerunner-965-pic-2.jpg,https://m.media-amazon.com/images/I/garmin-forerunner-965-pic-3.jpg,https://m.media-amazon.com/images/I/garmin-forerunner-965-pic-4.jpg,https://m.media-amazon.com/images/I/garmin-forerunner-965-pic-5.jpg
110,garmin-venu-3,Garmin Venu 3,"<p>Stay connected and in control of your wellbeing with a premium smartwatch combining beautiful design with comprehensive health tracking and smart notifications.</p><ul><li>Always-On AMOLED display with hundreds of customizable watch faces</li><li>Comprehensive health monitoring: ECG, SpO2, and skin temperature</li><li>Built-in GPS with multi-sport and activity tracking modes</li><li>Up to 3-day battery life with fast wireless charging</li><li>5ATM swim-proof design for pool and open-water use</li></ul>",Garmin,Electronics > Wearable Technology > Smart Watches,Smartwatch,"[""garmin"",""venu"",""AMOLED""]",449.0,,,,Garmin Venu 3 | AllGoodsCo Electronics,Stay connected and in control of your wellbeing with a premium smartwatch combining beautiful design with comprehensive health tracking and smart notificat,True,False,"""2026-07-28T01:07:39.092Z""","""2026-07-28T01:07:39.092Z""",https://m.media-amazon.com/images/I/garmin-venu-3-pic-1.jpg,https://m.media-amazon.com/images/I/garmin-venu-3-pic-2.jpg,https://m.media-amazon.com/images/I/garmin-venu-3-pic-3.jpg,https://m.media-amazon.com/images/I/garmin-venu-3-pic-4.jpg,https://m.media-amazon.com/images/I/garmin-venu-3-pic-5.jpg
111,fitbit-charge-6,Fitbit Charge 6,"<p>Stay on top of your health goals with a slim accurate fitness tracker monitoring your activity, heart rate, sleep, and stress levels around the clock.</p><ul><li>24/7 continuous heart rate and blood oxygen monitoring</li><li>Automatic workout detection for 50+ exercise types</li><li>Advanced sleep quality score with personalized recovery insights</li><li>Built-in GPS for accurate outdoor run and cycling tracking</li><li>7+ day battery life in a lightweight comfortable band</li></ul>",Fitbit,Electronics > Wearable Technology > Activity Trackers,Fitness Tracker,"[""fitbit"",""google""]",159.0,,,,Fitbit Charge 6 | AllGoodsCo Electronics,"Stay on top of your health goals with a slim accurate fitness tracker monitoring your activity, heart rate, sleep, and stress levels around the clock. 24/7",True,False,"""2026-07-28T01:07:39.095Z""","""2026-07-28T01:07:39.095Z""",https://m.media-amazon.com/images/I/fitbit-charge-6-pic-1.jpg,https://m.media-amazon.com/images/I/fitbit-charge-6-pic-2.jpg,https://m.media-amazon.com/images/I/fitbit-charge-6-pic-3.jpg,https://m.media-amazon.com/images/I/fitbit-charge-6-pic-4.jpg,https://m.media-amazon.com/images/I/fitbit-charge-6-pic-5.jpg
112,fitbit-sense-2,Fitbit Sense 2,"<p>Stay connected and in control of your wellbeing with a premium smartwatch combining beautiful design with comprehensive health tracking and smart notifications.</p><ul><li>Always-On AMOLED display with hundreds of customizable watch faces</li><li>Comprehensive health monitoring: ECG, SpO2, and skin temperature</li><li>Built-in GPS with multi-sport and activity tracking modes</li><li>Up to 3-day battery life with fast wireless charging</li><li>5ATM swim-proof design for pool and open-water use</li></ul>",Fitbit,Electronics > Wearable Technology > Smart Watches,Smartwatch,"[""fitbit"",""google"",""health""]",249.0,,,,Fitbit Sense 2 | AllGoodsCo Electronics,Stay connected and in control of your wellbeing with a premium smartwatch combining beautiful design with comprehensive health tracking and smart notificat,True,False,"""2026-07-28T01:07:39.097Z""","""2026-07-28T01:07:39.097Z""",https://m.media-amazon.com/images/I/fitbit-sense-2-pic-1.jpg,https://m.media-amazon.com/images/I/fitbit-sense-2-pic-2.jpg,https://m.media-amazon.com/images/I/fitbit-sense-2-pic-3.jpg,https://m.media-amazon.com/images/I/fitbit-sense-2-pic-4.jpg,https://m.media-amazon.com/images/I/fitbit-sense-2-pic-5.jpg
113,amazfit-balance,Amazfit Balance,"<p>Stay connected and in control of your wellbeing with a premium smartwatch combining beautiful design with comprehensive health tracking and smart notifications.</p><ul><li>Always-On AMOLED display with hundreds of customizable watch faces</li><li>Comprehensive health monitoring: ECG, SpO2, and skin temperature</li><li>Built-in GPS with multi-sport and activity tracking modes</li><li>Up to 3-day battery life with fast wireless charging</li><li>5ATM swim-proof design for pool and open-water use</li></ul>",Amazfit,Electronics > Wearable Technology > Smart Watches,Smartwatch,"[""amazfit"",""health""]",249.0,,,,Amazfit Balance | AllGoodsCo Electronics,Stay connected and in control of your wellbeing with a premium smartwatch combining beautiful design with comprehensive health tracking and smart notificat,True,False,"""2026-07-28T01:07:39.099Z""","""2026-07-28T01:07:39.099Z""",https://m.media-amazon.com/images/I/amazfit-balance-pic-1.jpg,https://m.media-amazon.com/images/I/amazfit-balance-pic-2.jpg,https://m.media-amazon.com/images/I/amazfit-balance-pic-3.jpg,https://m.media-amazon.com/images/I/amazfit-balance-pic-4.jpg,https://m.media-amazon.com/images/I/amazfit-balance-pic-5.jpg
114,amazfit-gtr-mini,Amazfit GTR Mini,"<p>Stay connected and in control of your wellbeing with a premium smartwatch combining beautiful design with comprehensive health tracking and smart notifications.</p><ul><li>Always-On AMOLED display with hundreds of customizable watch faces</li><li>Comprehensive health monitoring: ECG, SpO2, and skin temperature</li><li>Built-in GPS with multi-sport and activity tracking modes</li><li>Up to 3-day battery life with fast wireless charging</li><li>5ATM swim-proof design for pool and open-water use</li></ul>",Amazfit,Electronics > Wearable Technology > Smart Watches,Smartwatch,"[""amazfit""]",99.0,,,,Amazfit GTR Mini | AllGoodsCo Electronics,Stay connected and in control of your wellbeing with a premium smartwatch combining beautiful design with comprehensive health tracking and smart notificat,True,False,"""2026-07-28T01:07:39.101Z""","""2026-07-28T01:07:39.101Z""",https://m.media-amazon.com/images/I/amazfit-gtr-mini-pic-1.jpg,https://m.media-amazon.com/images/I/amazfit-gtr-mini-pic-2.jpg,https://m.media-amazon.com/images/I/amazfit-gtr-mini-pic-3.jpg,https://m.media-amazon.com/images/I/amazfit-gtr-mini-pic-4.jpg,https://m.media-amazon.com/images/I/amazfit-gtr-mini-pic-5.jpg
115,withings-scanwatch-2,Withings ScanWatch 2,"<p>Stay connected and in control of your wellbeing with a premium smartwatch combining beautiful design with comprehensive health tracking and smart notifications.</p><ul><li>Always-On AMOLED display with hundreds of customizable watch faces</li><li>Comprehensive health monitoring: ECG, SpO2, and skin temperature</li><li>Built-in GPS with multi-sport and activity tracking modes</li><li>Up to 3-day battery life with fast wireless charging</li><li>5ATM swim-proof design for pool and open-water use</li></ul>",Withings,Electronics > Wearable Technology > Smart Watches,Smartwatch,"[""withings"",""ECG""]",299.0,,,,Withings ScanWatch 2 | AllGoodsCo Electronics,Stay connected and in control of your wellbeing with a premium smartwatch combining beautiful design with comprehensive health tracking and smart notificat,True,False,"""2026-07-28T01:07:39.105Z""","""2026-07-28T01:07:39.105Z""",https://m.media-amazon.com/images/I/withings-scanwatch-2-pic-1.jpg,https://m.media-amazon.com/images/I/withings-scanwatch-2-pic-2.jpg,https://m.media-amazon.com/images/I/withings-scanwatch-2-pic-3.jpg,https://m.media-amazon.com/images/I/withings-scanwatch-2-pic-4.jpg,https://m.media-amazon.com/images/I/withings-scanwatch-2-pic-5.jpg
116,oura-ring-gen-3,Oura Ring Gen 3,"<p>Track your health and wellness discreetly with a premium smart ring that continuously monitors heart rate, sleep quality, activity, and recovery — all from your finger.</p><ul><li>Continuous 24/7 heart rate and blood oxygen monitoring</li><li>Advanced sleep tracking with REM, deep, and light stage analysis</li><li>Accurate calorie, steps, and activity tracking throughout the day</li><li>Up to 7-day battery life in an ultra-lightweight titanium ring</li><li>IPX8 waterproof — safe for swimming and showering</li></ul>",Oura,Electronics > Wearable Technology,Smart Ring,"[""oura"",""health"",""sleep""]",299.0,,,,Oura Ring Gen 3 | AllGoodsCo Electronics,"Track your health and wellness discreetly with a premium smart ring that continuously monitors heart rate, sleep quality, activity, and recovery — all from",True,False,"""2026-07-28T01:07:39.107Z""","""2026-07-28T01:07:39.107Z""",https://m.media-amazon.com/images/I/oura-ring-gen-3-pic-1.jpg,https://m.media-amazon.com/images/I/oura-ring-gen-3-pic-2.jpg,https://m.media-amazon.com/images/I/oura-ring-gen-3-pic-3.jpg,https://m.media-amazon.com/images/I/oura-ring-gen-3-pic-4.jpg,https://m.media-amazon.com/images/I/oura-ring-gen-3-pic-5.jpg
117,samsung-galaxy-ring,Samsung Galaxy Ring,"<p>Track your health and wellness discreetly with a premium smart ring that continuously monitors heart rate, sleep quality, activity, and recovery — all from your finger.</p><ul><li>Continuous 24/7 heart rate and blood oxygen monitoring</li><li>Advanced sleep tracking with REM, deep, and light stage analysis</li><li>Accurate calorie, steps, and activity tracking throughout the day</li><li>Up to 7-day battery life in an ultra-lightweight titanium ring</li><li>IPX8 waterproof — safe for swimming and showering</li></ul>",Samsung,Electronics > Wearable Technology,Smart Ring,"[""samsung"",""health""]",399.0,,,,Samsung Galaxy Ring | AllGoodsCo Electronics,"Track your health and wellness discreetly with a premium smart ring that continuously monitors heart rate, sleep quality, activity, and recovery — all from",True,False,"""2026-07-28T01:07:39.109Z""","""2026-07-28T01:07:39.109Z""",https://images.samsung.com/is/image/samsung/p6pim/us/samsung-galaxy-ring/samsung-galaxy-ring-gallery-1.jpg,https://images.samsung.com/is/image/samsung/p6pim/us/samsung-galaxy-ring/samsung-galaxy-ring-gallery-2.jpg,https://images.samsung.com/is/image/samsung/p6pim/us/samsung-galaxy-ring/samsung-galaxy-ring-gallery-3.jpg,https://images.samsung.com/is/image/samsung/p6pim/us/samsung-galaxy-ring/samsung-galaxy-ring-gallery-4.jpg,https://images.samsung.com/is/image/samsung/p6pim/us/samsung-galaxy-ring/samsung-galaxy-ring-gallery-5.jpg
118,polar-pacer-pro,Polar Pacer Pro,"<p>Stay connected and in control of your wellbeing with a premium smartwatch combining beautiful design with comprehensive health tracking and smart notifications.</p><ul><li>Always-On AMOLED display with hundreds of customizable watch faces</li><li>Comprehensive health monitoring: ECG, SpO2, and skin temperature</li><li>Built-in GPS with multi-sport and activity tracking modes</li><li>Up to 3-day battery life with fast wireless charging</li><li>5ATM swim-proof design for pool and open-water use</li></ul>",Polar,Electronics > Wearable Technology > Smart Watches,Smartwatch,"[""polar"",""GPS"",""running""]",299.0,,,,Polar Pacer Pro | AllGoodsCo Electronics,Stay connected and in control of your wellbeing with a premium smartwatch combining beautiful design with comprehensive health tracking and smart notificat,True,False,"""2026-07-28T01:07:39.111Z""","""2026-07-28T01:07:39.111Z""",https://m.media-amazon.com/images/I/polar-pacer-pro-pic-1.jpg,https://m.media-amazon.com/images/I/polar-pacer-pro-pic-2.jpg,https://m.media-amazon.com/images/I/polar-pacer-pro-pic-3.jpg,https://m.media-amazon.com/images/I/polar-pacer-pro-pic-4.jpg,https://m.media-amazon.com/images/I/polar-pacer-pro-pic-5.jpg
119,coros-pace-3,Coros Pace 3,"<p>Stay connected and in control of your wellbeing with a premium smartwatch combining beautiful design with comprehensive health tracking and smart notifications.</p><ul><li>Always-On AMOLED display with hundreds of customizable watch faces</li><li>Comprehensive health monitoring: ECG, SpO2, and skin temperature</li><li>Built-in GPS with multi-sport and activity tracking modes</li><li>Up to 3-day battery life with fast wireless charging</li><li>5ATM swim-proof design for pool and open-water use</li></ul>",Coros,Electronics > Wearable Technology > Smart Watches,Smartwatch,"[""coros"",""GPS"",""running""]",229.0,,,,Coros Pace 3 | AllGoodsCo Electronics,Stay connected and in control of your wellbeing with a premium smartwatch combining beautiful design with comprehensive health tracking and smart notificat,True,False,"""2026-07-28T01:07:39.114Z""","""2026-07-28T01:07:39.114Z""",https://m.media-amazon.com/images/I/coros-pace-3-pic-1.jpg,https://m.media-amazon.com/images/I/coros-pace-3-pic-2.jpg,https://m.media-amazon.com/images/I/coros-pace-3-pic-3.jpg,https://m.media-amazon.com/images/I/coros-pace-3-pic-4.jpg,https://m.media-amazon.com/images/I/coros-pace-3-pic-5.jpg
120,suunto-race-s,Suunto Race S,"<p>Stay connected and in control of your wellbeing with a premium smartwatch combining beautiful design with comprehensive health tracking and smart notifications.</p><ul><li>Always-On AMOLED display with hundreds of customizable watch faces</li><li>Comprehensive health monitoring: ECG, SpO2, and skin temperature</li><li>Built-in GPS with multi-sport and activity tracking modes</li><li>Up to 3-day battery life with fast wireless charging</li><li>5ATM swim-proof design for pool and open-water use</li></ul>",Suunto,Electronics > Wearable Technology > Smart Watches,Smartwatch,"[""suunto"",""GPS"",""sport""]",449.0,,,,Suunto Race S | AllGoodsCo Electronics,Stay connected and in control of your wellbeing with a premium smartwatch combining beautiful design with comprehensive health tracking and smart notificat,True,False,"""2026-07-28T01:07:39.116Z""","""2026-07-28T01:07:39.116Z""",https://m.media-amazon.com/images/I/suunto-race-s-pic-1.jpg,https://m.media-amazon.com/images/I/suunto-race-s-pic-2.jpg,https://m.media-amazon.com/images/I/suunto-race-s-pic-3.jpg,https://m.media-amazon.com/images/I/suunto-race-s-pic-4.jpg,https://m.media-amazon.com/images/I/suunto-race-s-pic-5.jpg
121,garmin-lily-2,Garmin Lily 2,"<p>Stay connected and in control of your wellbeing with a premium smartwatch combining beautiful design with comprehensive health tracking and smart notifications.</p><ul><li>Always-On AMOLED display with hundreds of customizable watch faces</li><li>Comprehensive health monitoring: ECG, SpO2, and skin temperature</li><li>Built-in GPS with multi-sport and activity tracking modes</li><li>Up to 3-day battery life with fast wireless charging</li><li>5ATM swim-proof design for pool and open-water use</li></ul>",Garmin,Electronics > Wearable Technology > Smart Watches,Smartwatch,"[""garmin"",""lily"",""fashion""]",249.0,,,,Garmin Lily 2 | AllGoodsCo Electronics,Stay connected and in control of your wellbeing with a premium smartwatch combining beautiful design with comprehensive health tracking and smart notificat,True,False,"""2026-07-28T01:07:39.118Z""","""2026-07-28T01:07:39.118Z""",https://m.media-amazon.com/images/I/garmin-lily-2-pic-1.jpg,https://m.media-amazon.com/images/I/garmin-lily-2-pic-2.jpg,https://m.media-amazon.com/images/I/garmin-lily-2-pic-3.jpg,https://m.media-amazon.com/images/I/garmin-lily-2-pic-4.jpg,https://m.media-amazon.com/images/I/garmin-lily-2-pic-5.jpg
122,xiaomi-smart-band-9-pro,Xiaomi Smart Band 9 Pro,"<p>Stay on top of your health goals with a slim accurate fitness tracker monitoring your activity, heart rate, sleep, and stress levels around the clock.</p><ul><li>24/7 continuous heart rate and blood oxygen monitoring</li><li>Automatic workout detection for 50+ exercise types</li><li>Advanced sleep quality score with personalized recovery insights</li><li>Built-in GPS for accurate outdoor run and cycling tracking</li><li>7+ day battery life in a lightweight comfortable band</li></ul>",Xiaomi,Electronics > Wearable Technology > Activity Trackers,Fitness Tracker,"[""xiaomi"",""band""]",59.0,,,,Xiaomi Smart Band 9 Pro | AllGoodsCo Electronics,"Stay on top of your health goals with a slim accurate fitness tracker monitoring your activity, heart rate, sleep, and stress levels around the clock. 24/7",True,False,"""2026-07-28T01:07:39.120Z""","""2026-07-28T01:07:39.120Z""",https://m.media-amazon.com/images/I/xiaomi-smart-band-9-pro-pic-1.jpg,https://m.media-amazon.com/images/I/xiaomi-smart-band-9-pro-pic-2.jpg,https://m.media-amazon.com/images/I/xiaomi-smart-band-9-pro-pic-3.jpg,https://m.media-amazon.com/images/I/xiaomi-smart-band-9-pro-pic-4.jpg,https://m.media-amazon.com/images/I/xiaomi-smart-band-9-pro-pic-5.jpg
123,apple-airpods-pro-2,Apple AirPods Pro 2,"<p>Enjoy total audio freedom with premium true wireless earbuds delivering rich detailed sound and a secure fit suited for workouts, commutes, and everything in between.</p><ul><li>True wireless stereo with Bluetooth 5.3 for stable low-latency audio</li><li>Active noise cancellation with customizable ambient sound mode</li><li>Up to 32 hours total battery life with compact charging case</li><li>IPX5 water and sweat resistance for active lifestyles</li><li>Touch controls with built-in voice assistant support</li></ul>",Apple,Electronics > Audio > Headphones,Wireless Earbuds,"[""apple"",""airpods"",""ANC""]",249.0,,,,Apple AirPods Pro 2 | AllGoodsCo Electronics,"Enjoy total audio freedom with premium true wireless earbuds delivering rich detailed sound and a secure fit suited for workouts, commutes, and everything",True,True,"""2026-07-28T01:07:39.122Z""","""2026-07-28T01:07:39.122Z""",https://store.storeimages.cdn-apple.com/as-images.apple.com/is/apple-airpods-pro-2-gallery-1?wid=1000,https://store.storeimages.cdn-apple.com/as-images.apple.com/is/apple-airpods-pro-2-gallery-2?wid=1000,https://store.storeimages.cdn-apple.com/as-images.apple.com/is/apple-airpods-pro-2-gallery-3?wid=1000,https://store.storeimages.cdn-apple.com/as-images.apple.com/is/apple-airpods-pro-2-gallery-4?wid=1000,https://store.storeimages.cdn-apple.com/as-images.apple.com/is/apple-airpods-pro-2-gallery-5?wid=1000
124,apple-airpods-4-anc,Apple AirPods 4 (with ANC),"<p>Enjoy total audio freedom with premium true wireless earbuds delivering rich detailed sound and a secure fit suited for workouts, commutes, and everything in between.</p><ul><li>True wireless stereo with Bluetooth 5.3 for stable low-latency audio</li><li>Active noise cancellation with customizable ambient sound mode</li><li>Up to 32 hours total battery life with compact charging case</li><li>IPX5 water and sweat resistance for active lifestyles</li><li>Touch controls with built-in voice assistant support</li></ul>",Apple,Electronics > Audio > Headphones,Wireless Earbuds,"[""apple"",""airpods"",""ANC""]",179.0,,,,Apple AirPods 4 (with ANC) | AllGoodsCo Electronics,"Enjoy total audio freedom with premium true wireless earbuds delivering rich detailed sound and a secure fit suited for workouts, commutes, and everything",True,False,"""2026-07-28T01:07:39.124Z""","""2026-07-28T01:07:39.124Z""",https://store.storeimages.cdn-apple.com/as-images.apple.com/is/apple-airpods-4-anc-gallery-1?wid=1000,https://store.storeimages.cdn-apple.com/as-images.apple.com/is/apple-airpods-4-anc-gallery-2?wid=1000,https://store.storeimages.cdn-apple.com/as-images.apple.com/is/apple-airpods-4-anc-gallery-3?wid=1000,https://store.storeimages.cdn-apple.com/as-images.apple.com/is/apple-airpods-4-anc-gallery-4?wid=1000,https://store.storeimages.cdn-apple.com/as-images.apple.com/is/apple-airpods-4-anc-gallery-5?wid=1000
125,apple-airpods-4,Apple AirPods 4,"<p>Enjoy total audio freedom with premium true wireless earbuds delivering rich detailed sound and a secure fit suited for workouts, commutes, and everything in between.</p><ul><li>True wireless stereo with Bluetooth 5.3 for stable low-latency audio</li><li>Active noise cancellation with customizable ambient sound mode</li><li>Up to 32 hours total battery life with compact charging case</li><li>IPX5 water and sweat resistance for active lifestyles</li><li>Touch controls with built-in voice assistant support</li></ul>",Apple,Electronics > Audio > Headphones,Wireless Earbuds,"[""apple"",""airpods""]",129.0,,,,Apple AirPods 4 | AllGoodsCo Electronics,"Enjoy total audio freedom with premium true wireless earbuds delivering rich detailed sound and a secure fit suited for workouts, commutes, and everything",True,False,"""2026-07-28T01:07:39.126Z""","""2026-07-28T01:07:39.126Z""",https://store.storeimages.cdn-apple.com/as-images.apple.com/is/apple-airpods-4-gallery-1?wid=1000,https://store.storeimages.cdn-apple.com/as-images.apple.com/is/apple-airpods-4-gallery-2?wid=1000,https://store.storeimages.cdn-apple.com/as-images.apple.com/is/apple-airpods-4-gallery-3?wid=1000,https://store.storeimages.cdn-apple.com/as-images.apple.com/is/apple-airpods-4-gallery-4?wid=1000,https://store.storeimages.cdn-apple.com/as-images.apple.com/is/apple-airpods-4-gallery-5?wid=1000
126,apple-airpods-max-usb-c,Apple AirPods Max (USB-C),"<p>Over-ear headphones engineered for audiophiles, delivering exceptional sound quality with industry-leading noise cancellation for any listening environment.</p><ul><li>Industry-leading active noise cancellation blocks all distractions</li><li>Up to 40 hours battery life with 10-minute rapid charge</li><li>Hi-Res Audio certified with premium 40mm dynamic drivers</li><li>Multipoint Bluetooth 5.2 — connect two devices simultaneously</li><li>Premium memory foam ear cushions for all-day comfort</li></ul>",Apple,Electronics > Audio > Headphones,Headphones,"[""apple"",""airpods"",""ANC"",""over-ear""]",549.0,,,,Apple AirPods Max (USB-C) | AllGoodsCo Electronics,"Over-ear headphones engineered for audiophiles, delivering exceptional sound quality with industry-leading noise cancellation for any listening environment",True,False,"""2026-07-28T01:07:39.128Z""","""2026-07-28T01:07:39.128Z""",https://store.storeimages.cdn-apple.com/as-images.apple.com/is/apple-airpods-max-usb-c-gallery-1?wid=1000,https://store.storeimages.cdn-apple.com/as-images.apple.com/is/apple-airpods-max-usb-c-gallery-2?wid=1000,https://store.storeimages.cdn-apple.com/as-images.apple.com/is/apple-airpods-max-usb-c-gallery-3?wid=1000,https://store.storeimages.cdn-apple.com/as-images.apple.com/is/apple-airpods-max-usb-c-gallery-4?wid=1000,https://store.storeimages.cdn-apple.com/as-images.apple.com/is/apple-airpods-max-usb-c-gallery-5?wid=1000
127,samsung-galaxy-buds-3-pro,Samsung Galaxy Buds 3 Pro,"<p>Enjoy total audio freedom with premium true wireless earbuds delivering rich detailed sound and a secure fit suited for workouts, commutes, and everything in between.</p><ul><li>True wireless stereo with Bluetooth 5.3 for stable low-latency audio</li><li>Active noise cancellation with customizable ambient sound mode</li><li>Up to 32 hours total battery life with compact charging case</li><li>IPX5 water and sweat resistance for active lifestyles</li><li>Touch controls with built-in voice assistant support</li></ul>",Samsung,Electronics > Audio > Headphones,Wireless Earbuds,"[""samsung"",""galaxy-buds"",""ANC""]",249.0,,,,Samsung Galaxy Buds 3 Pro | AllGoodsCo Electronics,"Enjoy total audio freedom with premium true wireless earbuds delivering rich detailed sound and a secure fit suited for workouts, commutes, and everything",True,False,"""2026-07-28T01:07:39.131Z""","""2026-07-28T01:07:39.131Z""",https://images.samsung.com/is/image/samsung/p6pim/us/samsung-galaxy-buds-3-pro/samsung-galaxy-buds-3-pro-gallery-1.jpg,https://images.samsung.com/is/image/samsung/p6pim/us/samsung-galaxy-buds-3-pro/samsung-galaxy-buds-3-pro-gallery-2.jpg,https://images.samsung.com/is/image/samsung/p6pim/us/samsung-galaxy-buds-3-pro/samsung-galaxy-buds-3-pro-gallery-3.jpg,https://images.samsung.com/is/image/samsung/p6pim/us/samsung-galaxy-buds-3-pro/samsung-galaxy-buds-3-pro-gallery-4.jpg,https://images.samsung.com/is/image/samsung/p6pim/us/samsung-galaxy-buds-3-pro/samsung-galaxy-buds-3-pro-gallery-5.jpg
128,samsung-galaxy-buds-3,Samsung Galaxy Buds 3,"<p>Enjoy total audio freedom with premium true wireless earbuds delivering rich detailed sound and a secure fit suited for workouts, commutes, and everything in between.</p><ul><li>True wireless stereo with Bluetooth 5.3 for stable low-latency audio</li><li>Active noise cancellation with customizable ambient sound mode</li><li>Up to 32 hours total battery life with compact charging case</li><li>IPX5 water and sweat resistance for active lifestyles</li><li>Touch controls with built-in voice assistant support</li></ul>",Samsung,Electronics > Audio > Headphones,Wireless Earbuds,"[""samsung"",""galaxy-buds""]",179.0,,,,Samsung Galaxy Buds 3 | AllGoodsCo Electronics,"Enjoy total audio freedom with premium true wireless earbuds delivering rich detailed sound and a secure fit suited for workouts, commutes, and everything",True,False,"""2026-07-28T01:07:39.134Z""","""2026-07-28T01:07:39.134Z""",https://images.samsung.com/is/image/samsung/p6pim/us/samsung-galaxy-buds-3/samsung-galaxy-buds-3-gallery-1.jpg,https://images.samsung.com/is/image/samsung/p6pim/us/samsung-galaxy-buds-3/samsung-galaxy-buds-3-gallery-2.jpg,https://images.samsung.com/is/image/samsung/p6pim/us/samsung-galaxy-buds-3/samsung-galaxy-buds-3-gallery-3.jpg,https://images.samsung.com/is/image/samsung/p6pim/us/samsung-galaxy-buds-3/samsung-galaxy-buds-3-gallery-4.jpg,https://images.samsung.com/is/image/samsung/p6pim/us/samsung-galaxy-buds-3/samsung-galaxy-buds-3-gallery-5.jpg
129,samsung-galaxy-buds-fe,Samsung Galaxy Buds FE,"<p>Enjoy total audio freedom with premium true wireless earbuds delivering rich detailed sound and a secure fit suited for workouts, commutes, and everything in between.</p><ul><li>True wireless stereo with Bluetooth 5.3 for stable low-latency audio</li><li>Active noise cancellation with customizable ambient sound mode</li><li>Up to 32 hours total battery life with compact charging case</li><li>IPX5 water and sweat resistance for active lifestyles</li><li>Touch controls with built-in voice assistant support</li></ul>",Samsung,Electronics > Audio > Headphones,Wireless Earbuds,"[""samsung"",""galaxy-buds""]",99.0,,,,Samsung Galaxy Buds FE | AllGoodsCo Electronics,"Enjoy total audio freedom with premium true wireless earbuds delivering rich detailed sound and a secure fit suited for workouts, commutes, and everything",True,False,"""2026-07-28T01:07:39.137Z""","""2026-07-28T01:07:39.137Z""",https://images.samsung.com/is/image/samsung/p6pim/us/samsung-galaxy-buds-fe/samsung-galaxy-buds-fe-gallery-1.jpg,https://images.samsung.com/is/image/samsung/p6pim/us/samsung-galaxy-buds-fe/samsung-galaxy-buds-fe-gallery-2.jpg,https://images.samsung.com/is/image/samsung/p6pim/us/samsung-galaxy-buds-fe/samsung-galaxy-buds-fe-gallery-3.jpg,https://images.samsung.com/is/image/samsung/p6pim/us/samsung-galaxy-buds-fe/samsung-galaxy-buds-fe-gallery-4.jpg,https://images.samsung.com/is/image/samsung/p6pim/us/samsung-galaxy-buds-fe/samsung-galaxy-buds-fe-gallery-5.jpg
130,sony-wh-1000xm5,Sony WH-1000XM5,<p>Block out the world and focus on what matters with industry-leading hybrid noise cancellation and exceptional audio clarity in a premium foldable over-ear design.</p><ul><li>Advanced hybrid ANC with multiple feedback microphones</li><li>Up to 40 hours playback with ANC enabled on a single charge</li><li>Hi-Res Audio certified with LDAC high-quality Bluetooth codec</li><li>Speak-to-Chat automatically pauses music during conversations</li><li>Foldable travel-ready design with premium carry case</li></ul>,Sony,Electronics > Audio > Headphones,Noise-Canceling Headphones,"[""sony"",""ANC"",""Hi-Res""]",349.0,,,,Sony WH-1000XM5 | AllGoodsCo Electronics,Block out the world and focus on what matters with industry-leading hybrid noise cancellation and exceptional audio clarity in a premium foldable over-ear,True,True,"""2026-07-28T01:07:39.144Z""","""2026-07-28T01:07:39.144Z""",https://sony.scene7.com/is/image/sony/sony-wh-1000xm5-view-1,https://sony.scene7.com/is/image/sony/sony-wh-1000xm5-view-2,https://sony.scene7.com/is/image/sony/sony-wh-1000xm5-view-3,https://sony.scene7.com/is/image/sony/sony-wh-1000xm5-view-4,https://sony.scene7.com/is/image/sony/sony-wh-1000xm5-view-5
131,sony-wf-1000xm5,Sony WF-1000XM5,"<p>Enjoy total audio freedom with premium true wireless earbuds delivering rich detailed sound and a secure fit suited for workouts, commutes, and everything in between.</p><ul><li>True wireless stereo with Bluetooth 5.3 for stable low-latency audio</li><li>Active noise cancellation with customizable ambient sound mode</li><li>Up to 32 hours total battery life with compact charging case</li><li>IPX5 water and sweat resistance for active lifestyles</li><li>Touch controls with built-in voice assistant support</li></ul>",Sony,Electronics > Audio > Headphones,Wireless Earbuds,"[""sony"",""ANC"",""Hi-Res""]",279.0,,,,Sony WF-1000XM5 | AllGoodsCo Electronics,"Enjoy total audio freedom with premium true wireless earbuds delivering rich detailed sound and a secure fit suited for workouts, commutes, and everything",True,False,"""2026-07-28T01:07:39.148Z""","""2026-07-28T01:07:39.148Z""",https://sony.scene7.com/is/image/sony/sony-wf-1000xm5-view-1,https://sony.scene7.com/is/image/sony/sony-wf-1000xm5-view-2,https://sony.scene7.com/is/image/sony/sony-wf-1000xm5-view-3,https://sony.scene7.com/is/image/sony/sony-wf-1000xm5-view-4,https://sony.scene7.com/is/image/sony/sony-wf-1000xm5-view-5
132,sony-wh-ch720n,Sony WH-CH720N,<p>Block out the world and focus on what matters with industry-leading hybrid noise cancellation and exceptional audio clarity in a premium foldable over-ear design.</p><ul><li>Advanced hybrid ANC with multiple feedback microphones</li><li>Up to 40 hours playback with ANC enabled on a single charge</li><li>Hi-Res Audio certified with LDAC high-quality Bluetooth codec</li><li>Speak-to-Chat automatically pauses music during conversations</li><li>Foldable travel-ready design with premium carry case</li></ul>,Sony,Electronics > Audio > Headphones,Noise-Canceling Headphones,"[""sony"",""ANC""]",149.0,,,,Sony WH-CH720N | AllGoodsCo Electronics,Block out the world and focus on what matters with industry-leading hybrid noise cancellation and exceptional audio clarity in a premium foldable over-ear,True,False,"""2026-07-28T01:07:39.151Z""","""2026-07-28T01:07:39.151Z""",https://sony.scene7.com/is/image/sony/sony-wh-ch720n-view-1,https://sony.scene7.com/is/image/sony/sony-wh-ch720n-view-2,https://sony.scene7.com/is/image/sony/sony-wh-ch720n-view-3,https://sony.scene7.com/is/image/sony/sony-wh-ch720n-view-4,https://sony.scene7.com/is/image/sony/sony-wh-ch720n-view-5
133,bose-quietcomfort-ultra-headphones,Bose QuietComfort Ultra Headphones,<p>Block out the world and focus on what matters with industry-leading hybrid noise cancellation and exceptional audio clarity in a premium foldable over-ear design.</p><ul><li>Advanced hybrid ANC with multiple feedback microphones</li><li>Up to 40 hours playback with ANC enabled on a single charge</li><li>Hi-Res Audio certified with LDAC high-quality Bluetooth codec</li><li>Speak-to-Chat automatically pauses music during conversations</li><li>Foldable travel-ready design with premium carry case</li></ul>,Bose,Electronics > Audio > Headphones,Noise-Canceling Headphones,"[""bose"",""ANC"",""spatial-audio""]",429.0,,,,Bose QuietComfort Ultra Headphones | AllGoodsCo Electronics,Block out the world and focus on what matters with industry-leading hybrid noise cancellation and exceptional audio clarity in a premium foldable over-ear,True,False,"""2026-07-28T01:07:39.153Z""","""2026-07-28T01:07:39.153Z""",https://m.media-amazon.com/images/I/bose-quietcomfort-ultra-headphones-pic-1.jpg,https://m.media-amazon.com/images/I/bose-quietcomfort-ultra-headphones-pic-2.jpg,https://m.media-amazon.com/images/I/bose-quietcomfort-ultra-headphones-pic-3.jpg,https://m.media-amazon.com/images/I/bose-quietcomfort-ultra-headphones-pic-4.jpg,https://m.media-amazon.com/images/I/bose-quietcomfort-ultra-headphones-pic-5.jpg
134,bose-quietcomfort-ultra-earbuds,Bose QuietComfort Ultra Earbuds,"<p>Enjoy total audio freedom with premium true wireless earbuds delivering rich detailed sound and a secure fit suited for workouts, commutes, and everything in between.</p><ul><li>True wireless stereo with Bluetooth 5.3 for stable low-latency audio</li><li>Active noise cancellation with customizable ambient sound mode</li><li>Up to 32 hours total battery life with compact charging case</li><li>IPX5 water and sweat resistance for active lifestyles</li><li>Touch controls with built-in voice assistant support</li></ul>",Bose,Electronics > Audio > Headphones,Wireless Earbuds,"[""bose"",""ANC""]",299.0,,,,Bose QuietComfort Ultra Earbuds | AllGoodsCo Electronics,"Enjoy total audio freedom with premium true wireless earbuds delivering rich detailed sound and a secure fit suited for workouts, commutes, and everything",True,False,"""2026-07-28T01:07:39.156Z""","""2026-07-28T01:07:39.156Z""",https://m.media-amazon.com/images/I/bose-quietcomfort-ultra-earbuds-pic-1.jpg,https://m.media-amazon.com/images/I/bose-quietcomfort-ultra-earbuds-pic-2.jpg,https://m.media-amazon.com/images/I/bose-quietcomfort-ultra-earbuds-pic-3.jpg,https://m.media-amazon.com/images/I/bose-quietcomfort-ultra-earbuds-pic-4.jpg,https://m.media-amazon.com/images/I/bose-quietcomfort-ultra-earbuds-pic-5.jpg
135,bose-quietcomfort-45,Bose QuietComfort 45,<p>Block out the world and focus on what matters with industry-leading hybrid noise cancellation and exceptional audio clarity in a premium foldable over-ear design.</p><ul><li>Advanced hybrid ANC with multiple feedback microphones</li><li>Up to 40 hours playback with ANC enabled on a single charge</li><li>Hi-Res Audio certified with LDAC high-quality Bluetooth codec</li><li>Speak-to-Chat automatically pauses music during conversations</li><li>Foldable travel-ready design with premium carry case</li></ul>,Bose,Electronics > Audio > Headphones,Noise-Canceling Headphones,"[""bose"",""ANC""]",329.0,,,,Bose QuietComfort 45 | AllGoodsCo Electronics,Block out the world and focus on what matters with industry-leading hybrid noise cancellation and exceptional audio clarity in a premium foldable over-ear,True,False,"""2026-07-28T01:07:39.159Z""","""2026-07-28T01:07:39.159Z""",https://m.media-amazon.com/images/I/bose-quietcomfort-45-pic-1.jpg,https://m.media-amazon.com/images/I/bose-quietcomfort-45-pic-2.jpg,https://m.media-amazon.com/images/I/bose-quietcomfort-45-pic-3.jpg,https://m.media-amazon.com/images/I/bose-quietcomfort-45-pic-4.jpg,https://m.media-amazon.com/images/I/bose-quietcomfort-45-pic-5.jpg
136,jabra-evolve2-75,Jabra Evolve2 75,"<p>Dominate every match with a precision gaming headset engineered for crystal-clear communication and immersive surround sound that puts you right inside the action.</p><ul><li>Virtual 7.1 surround sound for precise positional audio</li><li>High-fidelity noise-filtering detachable microphone</li><li>Premium 50mm neodymium drivers for rich detailed sound</li><li>Memory foam ear cushions for extended gaming comfort</li><li>Compatible with PC, PlayStation, Xbox, and Nintendo Switch</li></ul>",Jabra,Electronics > Audio > Headphones,Headset,"[""jabra"",""business"",""ANC""]",449.0,,,,Jabra Evolve2 75 | AllGoodsCo Electronics,Dominate every match with a precision gaming headset engineered for crystal-clear communication and immersive surround sound that puts you right inside the,True,False,"""2026-07-28T01:07:39.161Z""","""2026-07-28T01:07:39.161Z""",https://m.media-amazon.com/images/I/jabra-evolve2-75-pic-1.jpg,https://m.media-amazon.com/images/I/jabra-evolve2-75-pic-2.jpg,https://m.media-amazon.com/images/I/jabra-evolve2-75-pic-3.jpg,https://m.media-amazon.com/images/I/jabra-evolve2-75-pic-4.jpg,https://m.media-amazon.com/images/I/jabra-evolve2-75-pic-5.jpg
137,jabra-evolve2-55,Jabra Evolve2 55,"<p>Dominate every match with a precision gaming headset engineered for crystal-clear communication and immersive surround sound that puts you right inside the action.</p><ul><li>Virtual 7.1 surround sound for precise positional audio</li><li>High-fidelity noise-filtering detachable microphone</li><li>Premium 50mm neodymium drivers for rich detailed sound</li><li>Memory foam ear cushions for extended gaming comfort</li><li>Compatible with PC, PlayStation, Xbox, and Nintendo Switch</li></ul>",Jabra,Electronics > Audio > Headphones,Headset,"[""jabra"",""business"",""ANC""]",379.0,,,,Jabra Evolve2 55 | AllGoodsCo Electronics,Dominate every match with a precision gaming headset engineered for crystal-clear communication and immersive surround sound that puts you right inside the,True,False,"""2026-07-28T01:07:39.163Z""","""2026-07-28T01:07:39.163Z""",https://m.media-amazon.com/images/I/jabra-evolve2-55-pic-1.jpg,https://m.media-amazon.com/images/I/jabra-evolve2-55-pic-2.jpg,https://m.media-amazon.com/images/I/jabra-evolve2-55-pic-3.jpg,https://m.media-amazon.com/images/I/jabra-evolve2-55-pic-4.jpg,https://m.media-amazon.com/images/I/jabra-evolve2-55-pic-5.jpg
138,jbl-tune-770nc,JBL Tune 770NC,<p>Block out the world and focus on what matters with industry-leading hybrid noise cancellation and exceptional audio clarity in a premium foldable over-ear design.</p><ul><li>Advanced hybrid ANC with multiple feedback microphones</li><li>Up to 40 hours playback with ANC enabled on a single charge</li><li>Hi-Res Audio certified with LDAC high-quality Bluetooth codec</li><li>Speak-to-Chat automatically pauses music during conversations</li><li>Foldable travel-ready design with premium carry case</li></ul>,JBL,Electronics > Audio > Headphones,Noise-Canceling Headphones,"[""jbl"",""ANC""]",99.0,,,,JBL Tune 770NC | AllGoodsCo Electronics,Block out the world and focus on what matters with industry-leading hybrid noise cancellation and exceptional audio clarity in a premium foldable over-ear,True,False,"""2026-07-28T01:07:39.165Z""","""2026-07-28T01:07:39.165Z""",https://m.media-amazon.com/images/I/jbl-tune-770nc-pic-1.jpg,https://m.media-amazon.com/images/I/jbl-tune-770nc-pic-2.jpg,https://m.media-amazon.com/images/I/jbl-tune-770nc-pic-3.jpg,https://m.media-amazon.com/images/I/jbl-tune-770nc-pic-4.jpg,https://m.media-amazon.com/images/I/jbl-tune-770nc-pic-5.jpg
139,jbl-live-beam-3,JBL Live Beam 3,"<p>Enjoy total audio freedom with premium true wireless earbuds delivering rich detailed sound and a secure fit suited for workouts, commutes, and everything in between.</p><ul><li>True wireless stereo with Bluetooth 5.3 for stable low-latency audio</li><li>Active noise cancellation with customizable ambient sound mode</li><li>Up to 32 hours total battery life with compact charging case</li><li>IPX5 water and sweat resistance for active lifestyles</li><li>Touch controls with built-in voice assistant support</li></ul>",JBL,Electronics > Audio > Headphones,Wireless Earbuds,"[""jbl"",""ANC""]",99.0,,,,JBL Live Beam 3 | AllGoodsCo Electronics,"Enjoy total audio freedom with premium true wireless earbuds delivering rich detailed sound and a secure fit suited for workouts, commutes, and everything",True,False,"""2026-07-28T01:07:39.167Z""","""2026-07-28T01:07:39.167Z""",https://m.media-amazon.com/images/I/jbl-live-beam-3-pic-1.jpg,https://m.media-amazon.com/images/I/jbl-live-beam-3-pic-2.jpg,https://m.media-amazon.com/images/I/jbl-live-beam-3-pic-3.jpg,https://m.media-amazon.com/images/I/jbl-live-beam-3-pic-4.jpg,https://m.media-amazon.com/images/I/jbl-live-beam-3-pic-5.jpg
140,sennheiser-momentum-4-wireless,Sennheiser Momentum 4 Wireless,"<p>Over-ear headphones engineered for audiophiles, delivering exceptional sound quality with industry-leading noise cancellation for any listening environment.</p><ul><li>Industry-leading active noise cancellation blocks all distractions</li><li>Up to 40 hours battery life with 10-minute rapid charge</li><li>Hi-Res Audio certified with premium 40mm dynamic drivers</li><li>Multipoint Bluetooth 5.2 — connect two devices simultaneously</li><li>Premium memory foam ear cushions for all-day comfort</li></ul>",Sennheiser,Electronics > Audio > Headphones,Headphones,"[""sennheiser"",""Hi-Res"",""ANC""]",349.0,,,,Sennheiser Momentum 4 Wireless | AllGoodsCo Electronics,"Over-ear headphones engineered for audiophiles, delivering exceptional sound quality with industry-leading noise cancellation for any listening environment",True,False,"""2026-07-28T01:07:39.170Z""","""2026-07-28T01:07:39.170Z""",https://m.media-amazon.com/images/I/sennheiser-momentum-4-wireless-pic-1.jpg,https://m.media-amazon.com/images/I/sennheiser-momentum-4-wireless-pic-2.jpg,https://m.media-amazon.com/images/I/sennheiser-momentum-4-wireless-pic-3.jpg,https://m.media-amazon.com/images/I/sennheiser-momentum-4-wireless-pic-4.jpg,https://m.media-amazon.com/images/I/sennheiser-momentum-4-wireless-pic-5.jpg
141,sennheiser-momentum-true-wireless-4,Sennheiser Momentum True Wireless 4,"<p>Enjoy total audio freedom with premium true wireless earbuds delivering rich detailed sound and a secure fit suited for workouts, commutes, and everything in between.</p><ul><li>True wireless stereo with Bluetooth 5.3 for stable low-latency audio</li><li>Active noise cancellation with customizable ambient sound mode</li><li>Up to 32 hours total battery life with compact charging case</li><li>IPX5 water and sweat resistance for active lifestyles</li><li>Touch controls with built-in voice assistant support</li></ul>",Sennheiser,Electronics > Audio > Headphones,Wireless Earbuds,"[""sennheiser"",""ANC""]",299.0,,,,Sennheiser Momentum True Wireless 4 | AllGoodsCo Electronics,"Enjoy total audio freedom with premium true wireless earbuds delivering rich detailed sound and a secure fit suited for workouts, commutes, and everything",True,False,"""2026-07-28T01:07:39.173Z""","""2026-07-28T01:07:39.173Z""",https://m.media-amazon.com/images/I/sennheiser-momentum-true-wireless-4-pic-1.jpg,https://m.media-amazon.com/images/I/sennheiser-momentum-true-wireless-4-pic-2.jpg,https://m.media-amazon.com/images/I/sennheiser-momentum-true-wireless-4-pic-3.jpg,https://m.media-amazon.com/images/I/sennheiser-momentum-true-wireless-4-pic-4.jpg,https://m.media-amazon.com/images/I/sennheiser-momentum-true-wireless-4-pic-5.jpg
142,anker-soundcore-q45,Anker Soundcore Q45,<p>Block out the world and focus on what matters with industry-leading hybrid noise cancellation and exceptional audio clarity in a premium foldable over-ear design.</p><ul><li>Advanced hybrid ANC with multiple feedback microphones</li><li>Up to 40 hours playback with ANC enabled on a single charge</li><li>Hi-Res Audio certified with LDAC high-quality Bluetooth codec</li><li>Speak-to-Chat automatically pauses music during conversations</li><li>Foldable travel-ready design with premium carry case</li></ul>,Anker,Electronics > Audio > Headphones,Noise-Canceling Headphones,"[""anker"",""ANC""]",59.0,,,,Anker Soundcore Q45 | AllGoodsCo Electronics,Block out the world and focus on what matters with industry-leading hybrid noise cancellation and exceptional audio clarity in a premium foldable over-ear,True,False,"""2026-07-28T01:07:39.175Z""","""2026-07-28T01:07:39.175Z""",https://m.media-amazon.com/images/I/anker-soundcore-q45-pic-1.jpg,https://m.media-amazon.com/images/I/anker-soundcore-q45-pic-2.jpg,https://m.media-amazon.com/images/I/anker-soundcore-q45-pic-3.jpg,https://m.media-amazon.com/images/I/anker-soundcore-q45-pic-4.jpg,https://m.media-amazon.com/images/I/anker-soundcore-q45-pic-5.jpg
143,anker-soundcore-liberty-4-nc,Anker Soundcore Liberty 4 NC,"<p>Enjoy total audio freedom with premium true wireless earbuds delivering rich detailed sound and a secure fit suited for workouts, commutes, and everything in between.</p><ul><li>True wireless stereo with Bluetooth 5.3 for stable low-latency audio</li><li>Active noise cancellation with customizable ambient sound mode</li><li>Up to 32 hours total battery life with compact charging case</li><li>IPX5 water and sweat resistance for active lifestyles</li><li>Touch controls with built-in voice assistant support</li></ul>",Anker,Electronics > Audio > Headphones,Wireless Earbuds,"[""anker"",""ANC""]",79.0,,,,Anker Soundcore Liberty 4 NC | AllGoodsCo Electronics,"Enjoy total audio freedom with premium true wireless earbuds delivering rich detailed sound and a secure fit suited for workouts, commutes, and everything",True,False,"""2026-07-28T01:07:39.178Z""","""2026-07-28T01:07:39.178Z""",https://m.media-amazon.com/images/I/anker-soundcore-liberty-4-nc-pic-1.jpg,https://m.media-amazon.com/images/I/anker-soundcore-liberty-4-nc-pic-2.jpg,https://m.media-amazon.com/images/I/anker-soundcore-liberty-4-nc-pic-3.jpg,https://m.media-amazon.com/images/I/anker-soundcore-liberty-4-nc-pic-4.jpg,https://m.media-amazon.com/images/I/anker-soundcore-liberty-4-nc-pic-5.jpg
144,google-pixel-buds-pro-2,Google Pixel Buds Pro 2,"<p>Enjoy total audio freedom with premium true wireless earbuds delivering rich detailed sound and a secure fit suited for workouts, commutes, and everything in between.</p><ul><li>True wireless stereo with Bluetooth 5.3 for stable low-latency audio</li><li>Active noise cancellation with customizable ambient sound mode</li><li>Up to 32 hours total battery life with compact charging case</li><li>IPX5 water and sweat resistance for active lifestyles</li><li>Touch controls with built-in voice assistant support</li></ul>",Google,Electronics > Audio > Headphones,Wireless Earbuds,"[""google"",""pixel"",""ANC""]",229.0,,,,Google Pixel Buds Pro 2 | AllGoodsCo Electronics,"Enjoy total audio freedom with premium true wireless earbuds delivering rich detailed sound and a secure fit suited for workouts, commutes, and everything",True,False,"""2026-07-28T01:07:39.180Z""","""2026-07-28T01:07:39.180Z""",https://lh3.googleusercontent.com/product/google-pixel-buds-pro-2-img-1,https://lh3.googleusercontent.com/product/google-pixel-buds-pro-2-img-2,https://lh3.googleusercontent.com/product/google-pixel-buds-pro-2-img-3,https://lh3.googleusercontent.com/product/google-pixel-buds-pro-2-img-4,https://lh3.googleusercontent.com/product/google-pixel-buds-pro-2-img-5
145,oneplus-buds-3-pro,OnePlus Buds 3 Pro,"<p>Enjoy total audio freedom with premium true wireless earbuds delivering rich detailed sound and a secure fit suited for workouts, commutes, and everything in between.</p><ul><li>True wireless stereo with Bluetooth 5.3 for stable low-latency audio</li><li>Active noise cancellation with customizable ambient sound mode</li><li>Up to 32 hours total battery life with compact charging case</li><li>IPX5 water and sweat resistance for active lifestyles</li><li>Touch controls with built-in voice assistant support</li></ul>",OnePlus,Electronics > Audio > Headphones,Wireless Earbuds,"[""oneplus"",""ANC""]",179.0,,,,OnePlus Buds 3 Pro | AllGoodsCo Electronics,"Enjoy total audio freedom with premium true wireless earbuds delivering rich detailed sound and a secure fit suited for workouts, commutes, and everything",True,False,"""2026-07-28T01:07:39.182Z""","""2026-07-28T01:07:39.182Z""",https://m.media-amazon.com/images/I/oneplus-buds-3-pro-pic-1.jpg,https://m.media-amazon.com/images/I/oneplus-buds-3-pro-pic-2.jpg,https://m.media-amazon.com/images/I/oneplus-buds-3-pro-pic-3.jpg,https://m.media-amazon.com/images/I/oneplus-buds-3-pro-pic-4.jpg,https://m.media-amazon.com/images/I/oneplus-buds-3-pro-pic-5.jpg
146,nothing-ear-2,Nothing Ear (2),"<p>Enjoy total audio freedom with premium true wireless earbuds delivering rich detailed sound and a secure fit suited for workouts, commutes, and everything in between.</p><ul><li>True wireless stereo with Bluetooth 5.3 for stable low-latency audio</li><li>Active noise cancellation with customizable ambient sound mode</li><li>Up to 32 hours total battery life with compact charging case</li><li>IPX5 water and sweat resistance for active lifestyles</li><li>Touch controls with built-in voice assistant support</li></ul>",Nothing,Electronics > Audio > Headphones,Wireless Earbuds,"[""nothing"",""ANC""]",149.0,,,,Nothing Ear (2) | AllGoodsCo Electronics,"Enjoy total audio freedom with premium true wireless earbuds delivering rich detailed sound and a secure fit suited for workouts, commutes, and everything",True,False,"""2026-07-28T01:07:39.184Z""","""2026-07-28T01:07:39.184Z""",https://m.media-amazon.com/images/I/nothing-ear-2-pic-1.jpg,https://m.media-amazon.com/images/I/nothing-ear-2-pic-2.jpg,https://m.media-amazon.com/images/I/nothing-ear-2-pic-3.jpg,https://m.media-amazon.com/images/I/nothing-ear-2-pic-4.jpg,https://m.media-amazon.com/images/I/nothing-ear-2-pic-5.jpg
147,nothing-ear-a,Nothing Ear (a),"<p>Enjoy total audio freedom with premium true wireless earbuds delivering rich detailed sound and a secure fit suited for workouts, commutes, and everything in between.</p><ul><li>True wireless stereo with Bluetooth 5.3 for stable low-latency audio</li><li>Active noise cancellation with customizable ambient sound mode</li><li>Up to 32 hours total battery life with compact charging case</li><li>IPX5 water and sweat resistance for active lifestyles</li><li>Touch controls with built-in voice assistant support</li></ul>",Nothing,Electronics > Audio > Headphones,Wireless Earbuds,"[""nothing"",""ANC""]",99.0,,,,Nothing Ear (a) | AllGoodsCo Electronics,"Enjoy total audio freedom with premium true wireless earbuds delivering rich detailed sound and a secure fit suited for workouts, commutes, and everything",True,False,"""2026-07-28T01:07:39.187Z""","""2026-07-28T01:07:39.187Z""",https://m.media-amazon.com/images/I/nothing-ear-a-pic-1.jpg,https://m.media-amazon.com/images/I/nothing-ear-a-pic-2.jpg,https://m.media-amazon.com/images/I/nothing-ear-a-pic-3.jpg,https://m.media-amazon.com/images/I/nothing-ear-a-pic-4.jpg,https://m.media-amazon.com/images/I/nothing-ear-a-pic-5.jpg
148,beats-studio-pro,Beats Studio Pro,"<p>Over-ear headphones engineered for audiophiles, delivering exceptional sound quality with industry-leading noise cancellation for any listening environment.</p><ul><li>Industry-leading active noise cancellation blocks all distractions</li><li>Up to 40 hours battery life with 10-minute rapid charge</li><li>Hi-Res Audio certified with premium 40mm dynamic drivers</li><li>Multipoint Bluetooth 5.2 — connect two devices simultaneously</li><li>Premium memory foam ear cushions for all-day comfort</li></ul>",Beats,Electronics > Audio > Headphones,Headphones,"[""beats"",""apple"",""ANC""]",349.0,,,,Beats Studio Pro | AllGoodsCo Electronics,"Over-ear headphones engineered for audiophiles, delivering exceptional sound quality with industry-leading noise cancellation for any listening environment",True,False,"""2026-07-28T01:07:39.189Z""","""2026-07-28T01:07:39.189Z""",https://m.media-amazon.com/images/I/beats-studio-pro-pic-1.jpg,https://m.media-amazon.com/images/I/beats-studio-pro-pic-2.jpg,https://m.media-amazon.com/images/I/beats-studio-pro-pic-3.jpg,https://m.media-amazon.com/images/I/beats-studio-pro-pic-4.jpg,https://m.media-amazon.com/images/I/beats-studio-pro-pic-5.jpg
149,beats-fit-pro,Beats Fit Pro,"<p>Enjoy total audio freedom with premium true wireless earbuds delivering rich detailed sound and a secure fit suited for workouts, commutes, and everything in between.</p><ul><li>True wireless stereo with Bluetooth 5.3 for stable low-latency audio</li><li>Active noise cancellation with customizable ambient sound mode</li><li>Up to 32 hours total battery life with compact charging case</li><li>IPX5 water and sweat resistance for active lifestyles</li><li>Touch controls with built-in voice assistant support</li></ul>",Beats,Electronics > Audio > Headphones,Wireless Earbuds,"[""beats"",""apple"",""ANC"",""sport""]",199.0,,,,Beats Fit Pro | AllGoodsCo Electronics,"Enjoy total audio freedom with premium true wireless earbuds delivering rich detailed sound and a secure fit suited for workouts, commutes, and everything",True,False,"""2026-07-28T01:07:39.191Z""","""2026-07-28T01:07:39.191Z""",https://m.media-amazon.com/images/I/beats-fit-pro-pic-1.jpg,https://m.media-amazon.com/images/I/beats-fit-pro-pic-2.jpg,https://m.media-amazon.com/images/I/beats-fit-pro-pic-3.jpg,https://m.media-amazon.com/images/I/beats-fit-pro-pic-4.jpg,https://m.media-amazon.com/images/I/beats-fit-pro-pic-5.jpg
150,audio-technica-ath-m50xbt2,Audio-Technica ATH-M50xBT2,"<p>Over-ear headphones engineered for audiophiles, delivering exceptional sound quality with industry-leading noise cancellation for any listening environment.</p><ul><li>Industry-leading active noise cancellation blocks all distractions</li><li>Up to 40 hours battery life with 10-minute rapid charge</li><li>Hi-Res Audio certified with premium 40mm dynamic drivers</li><li>Multipoint Bluetooth 5.2 — connect two devices simultaneously</li><li>Premium memory foam ear cushions for all-day comfort</li></ul>",Audio-Technica,Electronics > Audio > Headphones,Headphones,"[""audio-technica"",""studio""]",199.0,,,,Audio-Technica ATH-M50xBT2 | AllGoodsCo Electronics,"Over-ear headphones engineered for audiophiles, delivering exceptional sound quality with industry-leading noise cancellation for any listening environment",True,False,"""2026-07-28T01:07:39.194Z""","""2026-07-28T01:07:39.194Z""",https://m.media-amazon.com/images/I/audio-technica-ath-m50xbt2-pic-1.jpg,https://m.media-amazon.com/images/I/audio-technica-ath-m50xbt2-pic-2.jpg,https://m.media-amazon.com/images/I/audio-technica-ath-m50xbt2-pic-3.jpg,https://m.media-amazon.com/images/I/audio-technica-ath-m50xbt2-pic-4.jpg,https://m.media-amazon.com/images/I/audio-technica-ath-m50xbt2-pic-5.jpg
151,razer-barracuda-pro,Razer Barracuda Pro,"<p>Dominate every match with a precision gaming headset engineered for crystal-clear communication and immersive surround sound that puts you right inside the action.</p><ul><li>Virtual 7.1 surround sound for precise positional audio</li><li>High-fidelity noise-filtering detachable microphone</li><li>Premium 50mm neodymium drivers for rich detailed sound</li><li>Memory foam ear cushions for extended gaming comfort</li><li>Compatible with PC, PlayStation, Xbox, and Nintendo Switch</li></ul>",Razer,Electronics > Audio > Headphones,Headset,"[""razer"",""gaming"",""ANC""]",129.0,,,,Razer Barracuda Pro | AllGoodsCo Electronics,Dominate every match with a precision gaming headset engineered for crystal-clear communication and immersive surround sound that puts you right inside the,True,False,"""2026-07-28T01:07:39.197Z""","""2026-07-28T01:07:39.197Z""",https://m.media-amazon.com/images/I/razer-barracuda-pro-pic-1.jpg,https://m.media-amazon.com/images/I/razer-barracuda-pro-pic-2.jpg,https://m.media-amazon.com/images/I/razer-barracuda-pro-pic-3.jpg,https://m.media-amazon.com/images/I/razer-barracuda-pro-pic-4.jpg,https://m.media-amazon.com/images/I/razer-barracuda-pro-pic-5.jpg
152,hyperx-cloud-earbuds-2,HyperX Cloud Earbuds 2,"<p>Enjoy total audio freedom with premium true wireless earbuds delivering rich detailed sound and a secure fit suited for workouts, commutes, and everything in between.</p><ul><li>True wireless stereo with Bluetooth 5.3 for stable low-latency audio</li><li>Active noise cancellation with customizable ambient sound mode</li><li>Up to 32 hours total battery life with compact charging case</li><li>IPX5 water and sweat resistance for active lifestyles</li><li>Touch controls with built-in voice assistant support</li></ul>",HyperX,Electronics > Audio > Headphones,Wireless Earbuds,"[""hyperx"",""gaming""]",49.0,,,,HyperX Cloud Earbuds 2 | AllGoodsCo Electronics,"Enjoy total audio freedom with premium true wireless earbuds delivering rich detailed sound and a secure fit suited for workouts, commutes, and everything",True,False,"""2026-07-28T01:07:39.199Z""","""2026-07-28T01:07:39.199Z""",https://m.media-amazon.com/images/I/hyperx-cloud-earbuds-2-pic-1.jpg,https://m.media-amazon.com/images/I/hyperx-cloud-earbuds-2-pic-2.jpg,https://m.media-amazon.com/images/I/hyperx-cloud-earbuds-2-pic-3.jpg,https://m.media-amazon.com/images/I/hyperx-cloud-earbuds-2-pic-4.jpg,https://m.media-amazon.com/images/I/hyperx-cloud-earbuds-2-pic-5.jpg
153,samsung-qn95d-neo-qled-55,"Samsung QN95D Neo QLED 55""","<p>Transform your living room into a premium cinema with breathtaking OLED picture quality, perfect blacks, and vivid colors. Smart features bring all your favorite content together.</p><ul><li>OLED panel delivering perfect blacks and vivid accurate colors</li><li>4K Ultra HD with Dolby Vision and HDR10+ support</li><li>Built-in smart OS with Netflix, YouTube, Prime Video, and more</li><li>Low input lag mode for responsive gaming performance</li><li>Voice control and smart home connectivity built in</li></ul>",Samsung,Electronics > TV & Home Theater,Television,"[""samsung"",""neo-QLED"",""4K""]",1799.0,,,,"Samsung QN95D Neo QLED 55"" | AllGoodsCo Electronics","Transform your living room into a premium cinema with breathtaking OLED picture quality, perfect blacks, and vivid colors. Smart features bring all your fa",True,False,"""2026-07-28T01:07:39.204Z""","""2026-07-28T01:07:39.204Z""",https://images.samsung.com/is/image/samsung/p6pim/us/samsung-qn95d-neo-qled-55/samsung-qn95d-neo-qled-55-gallery-1.jpg,https://images.samsung.com/is/image/samsung/p6pim/us/samsung-qn95d-neo-qled-55/samsung-qn95d-neo-qled-55-gallery-2.jpg,https://images.samsung.com/is/image/samsung/p6pim/us/samsung-qn95d-neo-qled-55/samsung-qn95d-neo-qled-55-gallery-3.jpg,https://images.samsung.com/is/image/samsung/p6pim/us/samsung-qn95d-neo-qled-55/samsung-qn95d-neo-qled-55-gallery-4.jpg,https://images.samsung.com/is/image/samsung/p6pim/us/samsung-qn95d-neo-qled-55/samsung-qn95d-neo-qled-55-gallery-5.jpg
154,samsung-qn95d-neo-qled-65,"Samsung QN95D Neo QLED 65""","<p>Transform your living room into a premium cinema with breathtaking OLED picture quality, perfect blacks, and vivid colors. Smart features bring all your favorite content together.</p><ul><li>OLED panel delivering perfect blacks and vivid accurate colors</li><li>4K Ultra HD with Dolby Vision and HDR10+ support</li><li>Built-in smart OS with Netflix, YouTube, Prime Video, and more</li><li>Low input lag mode for responsive gaming performance</li><li>Voice control and smart home connectivity built in</li></ul>",Samsung,Electronics > TV & Home Theater,Television,"[""samsung"",""neo-QLED"",""4K""]",2499.0,,,,"Samsung QN95D Neo QLED 65"" | AllGoodsCo Electronics","Transform your living room into a premium cinema with breathtaking OLED picture quality, perfect blacks, and vivid colors. Smart features bring all your fa",True,False,"""2026-07-28T01:07:39.206Z""","""2026-07-28T01:07:39.206Z""",https://images.samsung.com/is/image/samsung/p6pim/us/samsung-qn95d-neo-qled-65/samsung-qn95d-neo-qled-65-gallery-1.jpg,https://images.samsung.com/is/image/samsung/p6pim/us/samsung-qn95d-neo-qled-65/samsung-qn95d-neo-qled-65-gallery-2.jpg,https://images.samsung.com/is/image/samsung/p6pim/us/samsung-qn95d-neo-qled-65/samsung-qn95d-neo-qled-65-gallery-3.jpg,https://images.samsung.com/is/image/samsung/p6pim/us/samsung-qn95d-neo-qled-65/samsung-qn95d-neo-qled-65-gallery-4.jpg,https://images.samsung.com/is/image/samsung/p6pim/us/samsung-qn95d-neo-qled-65/samsung-qn95d-neo-qled-65-gallery-5.jpg
155,samsung-qn95d-neo-qled-75,"Samsung QN95D Neo QLED 75""","<p>Transform your living room into a premium cinema with breathtaking OLED picture quality, perfect blacks, and vivid colors. Smart features bring all your favorite content together.</p><ul><li>OLED panel delivering perfect blacks and vivid accurate colors</li><li>4K Ultra HD with Dolby Vision and HDR10+ support</li><li>Built-in smart OS with Netflix, YouTube, Prime Video, and more</li><li>Low input lag mode for responsive gaming performance</li><li>Voice control and smart home connectivity built in</li></ul>",Samsung,Electronics > TV & Home Theater,Television,"[""samsung"",""neo-QLED"",""4K""]",3499.0,,,,"Samsung QN95D Neo QLED 75"" | AllGoodsCo Electronics","Transform your living room into a premium cinema with breathtaking OLED picture quality, perfect blacks, and vivid colors. Smart features bring all your fa",True,False,"""2026-07-28T01:07:39.209Z""","""2026-07-28T01:07:39.209Z""",https://images.samsung.com/is/image/samsung/p6pim/us/samsung-qn95d-neo-qled-75/samsung-qn95d-neo-qled-75-gallery-1.jpg,https://images.samsung.com/is/image/samsung/p6pim/us/samsung-qn95d-neo-qled-75/samsung-qn95d-neo-qled-75-gallery-2.jpg,https://images.samsung.com/is/image/samsung/p6pim/us/samsung-qn95d-neo-qled-75/samsung-qn95d-neo-qled-75-gallery-3.jpg,https://images.samsung.com/is/image/samsung/p6pim/us/samsung-qn95d-neo-qled-75/samsung-qn95d-neo-qled-75-gallery-4.jpg,https://images.samsung.com/is/image/samsung/p6pim/us/samsung-qn95d-neo-qled-75/samsung-qn95d-neo-qled-75-gallery-5.jpg
156,lg-c4-oled-55,"LG C4 OLED evo 55""","<p>Transform your living room into a premium cinema with breathtaking OLED picture quality, perfect blacks, and vivid colors. Smart features bring all your favorite content together.</p><ul><li>OLED panel delivering perfect blacks and vivid accurate colors</li><li>4K Ultra HD with Dolby Vision and HDR10+ support</li><li>Built-in smart OS with Netflix, YouTube, Prime Video, and more</li><li>Low input lag mode for responsive gaming performance</li><li>Voice control and smart home connectivity built in</li></ul>",LG,Electronics > TV & Home Theater,Television,"[""lg"",""OLED"",""4K""]",1499.0,,,,"LG C4 OLED evo 55"" | AllGoodsCo Electronics","Transform your living room into a premium cinema with breathtaking OLED picture quality, perfect blacks, and vivid colors. Smart features bring all your fa",True,False,"""2026-07-28T01:07:39.211Z""","""2026-07-28T01:07:39.211Z""",https://m.media-amazon.com/images/I/lg-c4-oled-55-pic-1.jpg,https://m.media-amazon.com/images/I/lg-c4-oled-55-pic-2.jpg,https://m.media-amazon.com/images/I/lg-c4-oled-55-pic-3.jpg,https://m.media-amazon.com/images/I/lg-c4-oled-55-pic-4.jpg,https://m.media-amazon.com/images/I/lg-c4-oled-55-pic-5.jpg
157,lg-c4-oled-65,"LG C4 OLED evo 65""","<p>Transform your living room into a premium cinema with breathtaking OLED picture quality, perfect blacks, and vivid colors. Smart features bring all your favorite content together.</p><ul><li>OLED panel delivering perfect blacks and vivid accurate colors</li><li>4K Ultra HD with Dolby Vision and HDR10+ support</li><li>Built-in smart OS with Netflix, YouTube, Prime Video, and more</li><li>Low input lag mode for responsive gaming performance</li><li>Voice control and smart home connectivity built in</li></ul>",LG,Electronics > TV & Home Theater,Television,"[""lg"",""OLED"",""4K""]",1999.0,,,,"LG C4 OLED evo 65"" | AllGoodsCo Electronics","Transform your living room into a premium cinema with breathtaking OLED picture quality, perfect blacks, and vivid colors. Smart features bring all your fa",True,False,"""2026-07-28T01:07:39.214Z""","""2026-07-28T01:07:39.214Z""",https://m.media-amazon.com/images/I/lg-c4-oled-65-pic-1.jpg,https://m.media-amazon.com/images/I/lg-c4-oled-65-pic-2.jpg,https://m.media-amazon.com/images/I/lg-c4-oled-65-pic-3.jpg,https://m.media-amazon.com/images/I/lg-c4-oled-65-pic-4.jpg,https://m.media-amazon.com/images/I/lg-c4-oled-65-pic-5.jpg
158,lg-c4-oled-77,"LG C4 OLED evo 77""","<p>Transform your living room into a premium cinema with breathtaking OLED picture quality, perfect blacks, and vivid colors. Smart features bring all your favorite content together.</p><ul><li>OLED panel delivering perfect blacks and vivid accurate colors</li><li>4K Ultra HD with Dolby Vision and HDR10+ support</li><li>Built-in smart OS with Netflix, YouTube, Prime Video, and more</li><li>Low input lag mode for responsive gaming performance</li><li>Voice control and smart home connectivity built in</li></ul>",LG,Electronics > TV & Home Theater,Television,"[""lg"",""OLED"",""4K""]",2799.0,,,,"LG C4 OLED evo 77"" | AllGoodsCo Electronics","Transform your living room into a premium cinema with breathtaking OLED picture quality, perfect blacks, and vivid colors. Smart features bring all your fa",True,False,"""2026-07-28T01:07:39.216Z""","""2026-07-28T01:07:39.216Z""",https://m.media-amazon.com/images/I/lg-c4-oled-77-pic-1.jpg,https://m.media-amazon.com/images/I/lg-c4-oled-77-pic-2.jpg,https://m.media-amazon.com/images/I/lg-c4-oled-77-pic-3.jpg,https://m.media-amazon.com/images/I/lg-c4-oled-77-pic-4.jpg,https://m.media-amazon.com/images/I/lg-c4-oled-77-pic-5.jpg
159,sony-bravia-9-xr-65,"Sony Bravia 9 XR 65""","<p>Transform your living room into a premium cinema with breathtaking OLED picture quality, perfect blacks, and vivid colors. Smart features bring all your favorite content together.</p><ul><li>OLED panel delivering perfect blacks and vivid accurate colors</li><li>4K Ultra HD with Dolby Vision and HDR10+ support</li><li>Built-in smart OS with Netflix, YouTube, Prime Video, and more</li><li>Low input lag mode for responsive gaming performance</li><li>Voice control and smart home connectivity built in</li></ul>",Sony,Electronics > TV & Home Theater,Television,"[""sony"",""mini-LED"",""4K""]",2499.0,,,,"Sony Bravia 9 XR 65"" | AllGoodsCo Electronics","Transform your living room into a premium cinema with breathtaking OLED picture quality, perfect blacks, and vivid colors. Smart features bring all your fa",True,False,"""2026-07-28T01:07:39.219Z""","""2026-07-28T01:07:39.219Z""",https://sony.scene7.com/is/image/sony/sony-bravia-9-xr-65-view-1,https://sony.scene7.com/is/image/sony/sony-bravia-9-xr-65-view-2,https://sony.scene7.com/is/image/sony/sony-bravia-9-xr-65-view-3,https://sony.scene7.com/is/image/sony/sony-bravia-9-xr-65-view-4,https://sony.scene7.com/is/image/sony/sony-bravia-9-xr-65-view-5
160,sony-bravia-8-oled-55,"Sony Bravia 8 OLED 55""","<p>Transform your living room into a premium cinema with breathtaking OLED picture quality, perfect blacks, and vivid colors. Smart features bring all your favorite content together.</p><ul><li>OLED panel delivering perfect blacks and vivid accurate colors</li><li>4K Ultra HD with Dolby Vision and HDR10+ support</li><li>Built-in smart OS with Netflix, YouTube, Prime Video, and more</li><li>Low input lag mode for responsive gaming performance</li><li>Voice control and smart home connectivity built in</li></ul>",Sony,Electronics > TV & Home Theater,Television,"[""sony"",""OLED"",""4K""]",1799.0,,,,"Sony Bravia 8 OLED 55"" | AllGoodsCo Electronics","Transform your living room into a premium cinema with breathtaking OLED picture quality, perfect blacks, and vivid colors. Smart features bring all your fa",True,True,"""2026-07-28T01:07:39.221Z""","""2026-07-28T01:07:39.221Z""",https://sony.scene7.com/is/image/sony/sony-bravia-8-oled-55-view-1,https://sony.scene7.com/is/image/sony/sony-bravia-8-oled-55-view-2,https://sony.scene7.com/is/image/sony/sony-bravia-8-oled-55-view-3,https://sony.scene7.com/is/image/sony/sony-bravia-8-oled-55-view-4,https://sony.scene7.com/is/image/sony/sony-bravia-8-oled-55-view-5
161,tcl-qm8-qled-65,"TCL QM8 QLED 65""","<p>Transform your living room into a premium cinema with breathtaking OLED picture quality, perfect blacks, and vivid colors. Smart features bring all your favorite content together.</p><ul><li>OLED panel delivering perfect blacks and vivid accurate colors</li><li>4K Ultra HD with Dolby Vision and HDR10+ support</li><li>Built-in smart OS with Netflix, YouTube, Prime Video, and more</li><li>Low input lag mode for responsive gaming performance</li><li>Voice control and smart home connectivity built in</li></ul>",TCL,Electronics > TV & Home Theater,Television,"[""TCL"",""QLED"",""4K""]",999.0,,,,"TCL QM8 QLED 65"" | AllGoodsCo Electronics","Transform your living room into a premium cinema with breathtaking OLED picture quality, perfect blacks, and vivid colors. Smart features bring all your fa",True,False,"""2026-07-28T01:07:39.223Z""","""2026-07-28T01:07:39.223Z""",https://m.media-amazon.com/images/I/tcl-qm8-qled-65-pic-1.jpg,https://m.media-amazon.com/images/I/tcl-qm8-qled-65-pic-2.jpg,https://m.media-amazon.com/images/I/tcl-qm8-qled-65-pic-3.jpg,https://m.media-amazon.com/images/I/tcl-qm8-qled-65-pic-4.jpg,https://m.media-amazon.com/images/I/tcl-qm8-qled-65-pic-5.jpg
162,hisense-u8n-uled-65,"Hisense U8N ULED 65""","<p>Transform your living room into a premium cinema with breathtaking OLED picture quality, perfect blacks, and vivid colors. Smart features bring all your favorite content together.</p><ul><li>OLED panel delivering perfect blacks and vivid accurate colors</li><li>4K Ultra HD with Dolby Vision and HDR10+ support</li><li>Built-in smart OS with Netflix, YouTube, Prime Video, and more</li><li>Low input lag mode for responsive gaming performance</li><li>Voice control and smart home connectivity built in</li></ul>",Hisense,Electronics > TV & Home Theater,Television,"[""hisense"",""ULED"",""4K""]",1099.0,,,,"Hisense U8N ULED 65"" | AllGoodsCo Electronics","Transform your living room into a premium cinema with breathtaking OLED picture quality, perfect blacks, and vivid colors. Smart features bring all your fa",True,False,"""2026-07-28T01:07:39.226Z""","""2026-07-28T01:07:39.226Z""",https://m.media-amazon.com/images/I/hisense-u8n-uled-65-pic-1.jpg,https://m.media-amazon.com/images/I/hisense-u8n-uled-65-pic-2.jpg,https://m.media-amazon.com/images/I/hisense-u8n-uled-65-pic-3.jpg,https://m.media-amazon.com/images/I/hisense-u8n-uled-65-pic-4.jpg,https://m.media-amazon.com/images/I/hisense-u8n-uled-65-pic-5.jpg
163,samsung-qn85d-neo-qled-55,"Samsung QN85D Neo QLED 55""","<p>Transform your living room into a premium cinema with breathtaking OLED picture quality, perfect blacks, and vivid colors. Smart features bring all your favorite content together.</p><ul><li>OLED panel delivering perfect blacks and vivid accurate colors</li><li>4K Ultra HD with Dolby Vision and HDR10+ support</li><li>Built-in smart OS with Netflix, YouTube, Prime Video, and more</li><li>Low input lag mode for responsive gaming performance</li><li>Voice control and smart home connectivity built in</li></ul>",Samsung,Electronics > TV & Home Theater,Television,"[""samsung"",""neo-QLED"",""4K""]",1299.0,,,,"Samsung QN85D Neo QLED 55"" | AllGoodsCo Electronics","Transform your living room into a premium cinema with breathtaking OLED picture quality, perfect blacks, and vivid colors. Smart features bring all your fa",True,False,"""2026-07-28T01:07:39.229Z""","""2026-07-28T01:07:39.229Z""",https://images.samsung.com/is/image/samsung/p6pim/us/samsung-qn85d-neo-qled-55/samsung-qn85d-neo-qled-55-gallery-1.jpg,https://images.samsung.com/is/image/samsung/p6pim/us/samsung-qn85d-neo-qled-55/samsung-qn85d-neo-qled-55-gallery-2.jpg,https://images.samsung.com/is/image/samsung/p6pim/us/samsung-qn85d-neo-qled-55/samsung-qn85d-neo-qled-55-gallery-3.jpg,https://images.samsung.com/is/image/samsung/p6pim/us/samsung-qn85d-neo-qled-55/samsung-qn85d-neo-qled-55-gallery-4.jpg,https://images.samsung.com/is/image/samsung/p6pim/us/samsung-qn85d-neo-qled-55/samsung-qn85d-neo-qled-55-gallery-5.jpg
164,lg-g4-oled-evo-65,"LG G4 OLED evo 65""","<p>Transform your living room into a premium cinema with breathtaking OLED picture quality, perfect blacks, and vivid colors. Smart features bring all your favorite content together.</p><ul><li>OLED panel delivering perfect blacks and vivid accurate colors</li><li>4K Ultra HD with Dolby Vision and HDR10+ support</li><li>Built-in smart OS with Netflix, YouTube, Prime Video, and more</li><li>Low input lag mode for responsive gaming performance</li><li>Voice control and smart home connectivity built in</li></ul>",LG,Electronics > TV & Home Theater,Television,"[""lg"",""OLED"",""4K"",""gallery""]",2299.0,,,,"LG G4 OLED evo 65"" | AllGoodsCo Electronics","Transform your living room into a premium cinema with breathtaking OLED picture quality, perfect blacks, and vivid colors. Smart features bring all your fa",True,False,"""2026-07-28T01:07:39.232Z""","""2026-07-28T01:07:39.232Z""",https://m.media-amazon.com/images/I/lg-g4-oled-evo-65-pic-1.jpg,https://m.media-amazon.com/images/I/lg-g4-oled-evo-65-pic-2.jpg,https://m.media-amazon.com/images/I/lg-g4-oled-evo-65-pic-3.jpg,https://m.media-amazon.com/images/I/lg-g4-oled-evo-65-pic-4.jpg,https://m.media-amazon.com/images/I/lg-g4-oled-evo-65-pic-5.jpg
165,lg-27gp850b,"LG 27GP850-B 27"" QHD 165Hz","<p>See every detail in stunning clarity on a high-performance monitor featuring fast refresh rates, accurate color reproduction, and full ergonomic adjustability.</p><ul><li>QHD 1440p or 4K UHD resolution for sharp detailed imagery</li><li>165Hz+ fast refresh rate for ultra-smooth visuals and gaming</li><li>1ms GtG response time eliminates motion blur and ghosting</li><li>99% sRGB color accuracy for design and content work</li><li>Height, tilt, swivel, and pivot ergonomic adjustment</li></ul>",LG,Electronics > Computers > Monitors,Monitor,"[""lg"",""gaming"",""QHD"",""IPS""]",399.0,,,,"LG 27GP850-B 27"" QHD 165Hz | AllGoodsCo Electronics","See every detail in stunning clarity on a high-performance monitor featuring fast refresh rates, accurate color reproduction, and full ergonomic adjustabil",True,False,"""2026-07-28T01:07:39.237Z""","""2026-07-28T01:07:39.237Z""",https://m.media-amazon.com/images/I/lg-27gp850b-pic-1.jpg,https://m.media-amazon.com/images/I/lg-27gp850b-pic-2.jpg,https://m.media-amazon.com/images/I/lg-27gp850b-pic-3.jpg,https://m.media-amazon.com/images/I/lg-27gp850b-pic-4.jpg,https://m.media-amazon.com/images/I/lg-27gp850b-pic-5.jpg
166,samsung-odyssey-oled-g8-34,"Samsung Odyssey OLED G8 34""","<p>See every detail in stunning clarity on a high-performance monitor featuring fast refresh rates, accurate color reproduction, and full ergonomic adjustability.</p><ul><li>QHD 1440p or 4K UHD resolution for sharp detailed imagery</li><li>165Hz+ fast refresh rate for ultra-smooth visuals and gaming</li><li>1ms GtG response time eliminates motion blur and ghosting</li><li>99% sRGB color accuracy for design and content work</li><li>Height, tilt, swivel, and pivot ergonomic adjustment</li></ul>",Samsung,Electronics > Computers > Monitors,Monitor,"[""samsung"",""OLED"",""ultrawide"",""gaming""]",999.0,,,,"Samsung Odyssey OLED G8 34"" | AllGoodsCo Electronics","See every detail in stunning clarity on a high-performance monitor featuring fast refresh rates, accurate color reproduction, and full ergonomic adjustabil",True,True,"""2026-07-28T01:07:39.239Z""","""2026-07-28T01:07:39.239Z""",https://images.samsung.com/is/image/samsung/p6pim/us/samsung-odyssey-oled-g8-34/samsung-odyssey-oled-g8-34-gallery-1.jpg,https://images.samsung.com/is/image/samsung/p6pim/us/samsung-odyssey-oled-g8-34/samsung-odyssey-oled-g8-34-gallery-2.jpg,https://images.samsung.com/is/image/samsung/p6pim/us/samsung-odyssey-oled-g8-34/samsung-odyssey-oled-g8-34-gallery-3.jpg,https://images.samsung.com/is/image/samsung/p6pim/us/samsung-odyssey-oled-g8-34/samsung-odyssey-oled-g8-34-gallery-4.jpg,https://images.samsung.com/is/image/samsung/p6pim/us/samsung-odyssey-oled-g8-34/samsung-odyssey-oled-g8-34-gallery-5.jpg
167,asus-rog-swift-pg27aqdp,"ASUS ROG Swift PG27AQDP 27""","<p>See every detail in stunning clarity on a high-performance monitor featuring fast refresh rates, accurate color reproduction, and full ergonomic adjustability.</p><ul><li>QHD 1440p or 4K UHD resolution for sharp detailed imagery</li><li>165Hz+ fast refresh rate for ultra-smooth visuals and gaming</li><li>1ms GtG response time eliminates motion blur and ghosting</li><li>99% sRGB color accuracy for design and content work</li><li>Height, tilt, swivel, and pivot ergonomic adjustment</li></ul>",ASUS,Electronics > Computers > Monitors,Monitor,"[""asus"",""rog"",""OLED"",""gaming""]",799.0,,,,"ASUS ROG Swift PG27AQDP 27"" | AllGoodsCo Electronics","See every detail in stunning clarity on a high-performance monitor featuring fast refresh rates, accurate color reproduction, and full ergonomic adjustabil",True,False,"""2026-07-28T01:07:39.245Z""","""2026-07-28T01:07:39.245Z""",https://m.media-amazon.com/images/I/asus-rog-swift-pg27aqdp-pic-1.jpg,https://m.media-amazon.com/images/I/asus-rog-swift-pg27aqdp-pic-2.jpg,https://m.media-amazon.com/images/I/asus-rog-swift-pg27aqdp-pic-3.jpg,https://m.media-amazon.com/images/I/asus-rog-swift-pg27aqdp-pic-4.jpg,https://m.media-amazon.com/images/I/asus-rog-swift-pg27aqdp-pic-5.jpg
168,dell-ultrasharp-u2723qe-27,"Dell UltraSharp U2723QE 27""","<p>See every detail in stunning clarity on a high-performance monitor featuring fast refresh rates, accurate color reproduction, and full ergonomic adjustability.</p><ul><li>QHD 1440p or 4K UHD resolution for sharp detailed imagery</li><li>165Hz+ fast refresh rate for ultra-smooth visuals and gaming</li><li>1ms GtG response time eliminates motion blur and ghosting</li><li>99% sRGB color accuracy for design and content work</li><li>Height, tilt, swivel, and pivot ergonomic adjustment</li></ul>",Dell,Electronics > Computers > Monitors,Monitor,"[""dell"",""professional"",""4K"",""USB-C""]",699.0,,,,"Dell UltraSharp U2723QE 27"" | AllGoodsCo Electronics","See every detail in stunning clarity on a high-performance monitor featuring fast refresh rates, accurate color reproduction, and full ergonomic adjustabil",True,False,"""2026-07-28T01:07:39.247Z""","""2026-07-28T01:07:39.247Z""",https://m.media-amazon.com/images/I/dell-ultrasharp-u2723qe-27-pic-1.jpg,https://m.media-amazon.com/images/I/dell-ultrasharp-u2723qe-27-pic-2.jpg,https://m.media-amazon.com/images/I/dell-ultrasharp-u2723qe-27-pic-3.jpg,https://m.media-amazon.com/images/I/dell-ultrasharp-u2723qe-27-pic-4.jpg,https://m.media-amazon.com/images/I/dell-ultrasharp-u2723qe-27-pic-5.jpg
169,samsung-m8-smart-monitor-32,"Samsung M8 Smart Monitor 32""","<p>See every detail in stunning clarity on a high-performance monitor featuring fast refresh rates, accurate color reproduction, and full ergonomic adjustability.</p><ul><li>QHD 1440p or 4K UHD resolution for sharp detailed imagery</li><li>165Hz+ fast refresh rate for ultra-smooth visuals and gaming</li><li>1ms GtG response time eliminates motion blur and ghosting</li><li>99% sRGB color accuracy for design and content work</li><li>Height, tilt, swivel, and pivot ergonomic adjustment</li></ul>",Samsung,Electronics > Computers > Monitors,Monitor,"[""samsung"",""smart"",""4K""]",699.0,,,,"Samsung M8 Smart Monitor 32"" | AllGoodsCo Electronics","See every detail in stunning clarity on a high-performance monitor featuring fast refresh rates, accurate color reproduction, and full ergonomic adjustabil",True,False,"""2026-07-28T01:07:39.249Z""","""2026-07-28T01:07:39.249Z""",https://images.samsung.com/is/image/samsung/p6pim/us/samsung-m8-smart-monitor-32/samsung-m8-smart-monitor-32-gallery-1.jpg,https://images.samsung.com/is/image/samsung/p6pim/us/samsung-m8-smart-monitor-32/samsung-m8-smart-monitor-32-gallery-2.jpg,https://images.samsung.com/is/image/samsung/p6pim/us/samsung-m8-smart-monitor-32/samsung-m8-smart-monitor-32-gallery-3.jpg,https://images.samsung.com/is/image/samsung/p6pim/us/samsung-m8-smart-monitor-32/samsung-m8-smart-monitor-32-gallery-4.jpg,https://images.samsung.com/is/image/samsung/p6pim/us/samsung-m8-smart-monitor-32/samsung-m8-smart-monitor-32-gallery-5.jpg
170,lg-ultrawide-34wp85c,"LG UltraWide 34WP85C-B 34""","<p>See every detail in stunning clarity on a high-performance monitor featuring fast refresh rates, accurate color reproduction, and full ergonomic adjustability.</p><ul><li>QHD 1440p or 4K UHD resolution for sharp detailed imagery</li><li>165Hz+ fast refresh rate for ultra-smooth visuals and gaming</li><li>1ms GtG response time eliminates motion blur and ghosting</li><li>99% sRGB color accuracy for design and content work</li><li>Height, tilt, swivel, and pivot ergonomic adjustment</li></ul>",LG,Electronics > Computers > Monitors,Monitor,"[""lg"",""ultrawide"",""curved"",""USB-C""]",799.0,,,,"LG UltraWide 34WP85C-B 34"" | AllGoodsCo Electronics","See every detail in stunning clarity on a high-performance monitor featuring fast refresh rates, accurate color reproduction, and full ergonomic adjustabil",True,False,"""2026-07-28T01:07:39.252Z""","""2026-07-28T01:07:39.252Z""",https://m.media-amazon.com/images/I/lg-ultrawide-34wp85c-pic-1.jpg,https://m.media-amazon.com/images/I/lg-ultrawide-34wp85c-pic-2.jpg,https://m.media-amazon.com/images/I/lg-ultrawide-34wp85c-pic-3.jpg,https://m.media-amazon.com/images/I/lg-ultrawide-34wp85c-pic-4.jpg,https://m.media-amazon.com/images/I/lg-ultrawide-34wp85c-pic-5.jpg
171,benq-pd3225u-32,"BenQ PD3225U 32""","<p>See every detail in stunning clarity on a high-performance monitor featuring fast refresh rates, accurate color reproduction, and full ergonomic adjustability.</p><ul><li>QHD 1440p or 4K UHD resolution for sharp detailed imagery</li><li>165Hz+ fast refresh rate for ultra-smooth visuals and gaming</li><li>1ms GtG response time eliminates motion blur and ghosting</li><li>99% sRGB color accuracy for design and content work</li><li>Height, tilt, swivel, and pivot ergonomic adjustment</li></ul>",BenQ,Electronics > Computers > Monitors,Monitor,"[""benq"",""creator"",""4K"",""Thunderbolt""]",899.0,,,,"BenQ PD3225U 32"" | AllGoodsCo Electronics","See every detail in stunning clarity on a high-performance monitor featuring fast refresh rates, accurate color reproduction, and full ergonomic adjustabil",True,False,"""2026-07-28T01:07:39.255Z""","""2026-07-28T01:07:39.255Z""",https://m.media-amazon.com/images/I/benq-pd3225u-32-pic-1.jpg,https://m.media-amazon.com/images/I/benq-pd3225u-32-pic-2.jpg,https://m.media-amazon.com/images/I/benq-pd3225u-32-pic-3.jpg,https://m.media-amazon.com/images/I/benq-pd3225u-32-pic-4.jpg,https://m.media-amazon.com/images/I/benq-pd3225u-32-pic-5.jpg
172,hp-omen-27k-qd-oled,"HP Omen 27k QD-OLED 27""","<p>See every detail in stunning clarity on a high-performance monitor featuring fast refresh rates, accurate color reproduction, and full ergonomic adjustability.</p><ul><li>QHD 1440p or 4K UHD resolution for sharp detailed imagery</li><li>165Hz+ fast refresh rate for ultra-smooth visuals and gaming</li><li>1ms GtG response time eliminates motion blur and ghosting</li><li>99% sRGB color accuracy for design and content work</li><li>Height, tilt, swivel, and pivot ergonomic adjustment</li></ul>",HP,Electronics > Computers > Monitors,Monitor,"[""hp"",""omen"",""OLED"",""gaming""]",599.0,,,,"HP Omen 27k QD-OLED 27"" | AllGoodsCo Electronics","See every detail in stunning clarity on a high-performance monitor featuring fast refresh rates, accurate color reproduction, and full ergonomic adjustabil",True,False,"""2026-07-28T01:07:39.258Z""","""2026-07-28T01:07:39.258Z""",https://m.media-amazon.com/images/I/hp-omen-27k-qd-oled-pic-1.jpg,https://m.media-amazon.com/images/I/hp-omen-27k-qd-oled-pic-2.jpg,https://m.media-amazon.com/images/I/hp-omen-27k-qd-oled-pic-3.jpg,https://m.media-amazon.com/images/I/hp-omen-27k-qd-oled-pic-4.jpg,https://m.media-amazon.com/images/I/hp-omen-27k-qd-oled-pic-5.jpg
173,alienware-aw3423dwf-34,"Alienware AW3423DWF 34""","<p>See every detail in stunning clarity on a high-performance monitor featuring fast refresh rates, accurate color reproduction, and full ergonomic adjustability.</p><ul><li>QHD 1440p or 4K UHD resolution for sharp detailed imagery</li><li>165Hz+ fast refresh rate for ultra-smooth visuals and gaming</li><li>1ms GtG response time eliminates motion blur and ghosting</li><li>99% sRGB color accuracy for design and content work</li><li>Height, tilt, swivel, and pivot ergonomic adjustment</li></ul>",Alienware,Electronics > Computers > Monitors,Monitor,"[""alienware"",""dell"",""OLED"",""gaming""]",999.0,,,,"Alienware AW3423DWF 34"" | AllGoodsCo Electronics","See every detail in stunning clarity on a high-performance monitor featuring fast refresh rates, accurate color reproduction, and full ergonomic adjustabil",True,True,"""2026-07-28T01:07:39.260Z""","""2026-07-28T01:07:39.260Z""",https://m.media-amazon.com/images/I/alienware-aw3423dwf-34-pic-1.jpg,https://m.media-amazon.com/images/I/alienware-aw3423dwf-34-pic-2.jpg,https://m.media-amazon.com/images/I/alienware-aw3423dwf-34-pic-3.jpg,https://m.media-amazon.com/images/I/alienware-aw3423dwf-34-pic-4.jpg,https://m.media-amazon.com/images/I/alienware-aw3423dwf-34-pic-5.jpg
174,asus-proart-pa329crv-32,"ASUS ProArt Display PA329CRV 32""","<p>See every detail in stunning clarity on a high-performance monitor featuring fast refresh rates, accurate color reproduction, and full ergonomic adjustability.</p><ul><li>QHD 1440p or 4K UHD resolution for sharp detailed imagery</li><li>165Hz+ fast refresh rate for ultra-smooth visuals and gaming</li><li>1ms GtG response time eliminates motion blur and ghosting</li><li>99% sRGB color accuracy for design and content work</li><li>Height, tilt, swivel, and pivot ergonomic adjustment</li></ul>",ASUS,Electronics > Computers > Monitors,Monitor,"[""asus"",""proart"",""4K"",""creator""]",1199.0,,,,"ASUS ProArt Display PA329CRV 32"" | AllGoodsCo Electronics","See every detail in stunning clarity on a high-performance monitor featuring fast refresh rates, accurate color reproduction, and full ergonomic adjustabil",True,False,"""2026-07-28T01:07:39.262Z""","""2026-07-28T01:07:39.262Z""",https://m.media-amazon.com/images/I/asus-proart-pa329crv-32-pic-1.jpg,https://m.media-amazon.com/images/I/asus-proart-pa329crv-32-pic-2.jpg,https://m.media-amazon.com/images/I/asus-proart-pa329crv-32-pic-3.jpg,https://m.media-amazon.com/images/I/asus-proart-pa329crv-32-pic-4.jpg,https://m.media-amazon.com/images/I/asus-proart-pa329crv-32-pic-5.jpg
175,msi-optix-mag274upf-27,"MSI Optix MAG274UPF 27""","<p>See every detail in stunning clarity on a high-performance monitor featuring fast refresh rates, accurate color reproduction, and full ergonomic adjustability.</p><ul><li>QHD 1440p or 4K UHD resolution for sharp detailed imagery</li><li>165Hz+ fast refresh rate for ultra-smooth visuals and gaming</li><li>1ms GtG response time eliminates motion blur and ghosting</li><li>99% sRGB color accuracy for design and content work</li><li>Height, tilt, swivel, and pivot ergonomic adjustment</li></ul>",MSI,Electronics > Computers > Monitors,Monitor,"[""msi"",""gaming"",""4K"",""IPS""]",399.0,,,,"MSI Optix MAG274UPF 27"" | AllGoodsCo Electronics","See every detail in stunning clarity on a high-performance monitor featuring fast refresh rates, accurate color reproduction, and full ergonomic adjustabil",True,False,"""2026-07-28T01:07:39.264Z""","""2026-07-28T01:07:39.264Z""",https://m.media-amazon.com/images/I/msi-optix-mag274upf-27-pic-1.jpg,https://m.media-amazon.com/images/I/msi-optix-mag274upf-27-pic-2.jpg,https://m.media-amazon.com/images/I/msi-optix-mag274upf-27-pic-3.jpg,https://m.media-amazon.com/images/I/msi-optix-mag274upf-27-pic-4.jpg,https://m.media-amazon.com/images/I/msi-optix-mag274upf-27-pic-5.jpg
176,philips-279m1rv-27,"Philips Momentum 279M1RV 27""","<p>See every detail in stunning clarity on a high-performance monitor featuring fast refresh rates, accurate color reproduction, and full ergonomic adjustability.</p><ul><li>QHD 1440p or 4K UHD resolution for sharp detailed imagery</li><li>165Hz+ fast refresh rate for ultra-smooth visuals and gaming</li><li>1ms GtG response time eliminates motion blur and ghosting</li><li>99% sRGB color accuracy for design and content work</li><li>Height, tilt, swivel, and pivot ergonomic adjustment</li></ul>",Philips,Electronics > Computers > Monitors,Monitor,"[""philips"",""gaming"",""4K"",""OLED""]",699.0,,,,"Philips Momentum 279M1RV 27"" | AllGoodsCo Electronics","See every detail in stunning clarity on a high-performance monitor featuring fast refresh rates, accurate color reproduction, and full ergonomic adjustabil",True,False,"""2026-07-28T01:07:39.267Z""","""2026-07-28T01:07:39.267Z""",https://m.media-amazon.com/images/I/philips-279m1rv-27-pic-1.jpg,https://m.media-amazon.com/images/I/philips-279m1rv-27-pic-2.jpg,https://m.media-amazon.com/images/I/philips-279m1rv-27-pic-3.jpg,https://m.media-amazon.com/images/I/philips-279m1rv-27-pic-4.jpg,https://m.media-amazon.com/images/I/philips-279m1rv-27-pic-5.jpg
177,acer-predator-x27u-27,"Acer Predator X27U 27""","<p>See every detail in stunning clarity on a high-performance monitor featuring fast refresh rates, accurate color reproduction, and full ergonomic adjustability.</p><ul><li>QHD 1440p or 4K UHD resolution for sharp detailed imagery</li><li>165Hz+ fast refresh rate for ultra-smooth visuals and gaming</li><li>1ms GtG response time eliminates motion blur and ghosting</li><li>99% sRGB color accuracy for design and content work</li><li>Height, tilt, swivel, and pivot ergonomic adjustment</li></ul>",Acer,Electronics > Computers > Monitors,Monitor,"[""acer"",""predator"",""gaming"",""4K""]",699.0,,,,"Acer Predator X27U 27"" | AllGoodsCo Electronics","See every detail in stunning clarity on a high-performance monitor featuring fast refresh rates, accurate color reproduction, and full ergonomic adjustabil",True,False,"""2026-07-28T01:07:39.271Z""","""2026-07-28T01:07:39.271Z""",https://m.media-amazon.com/images/I/acer-predator-x27u-27-pic-1.jpg,https://m.media-amazon.com/images/I/acer-predator-x27u-27-pic-2.jpg,https://m.media-amazon.com/images/I/acer-predator-x27u-27-pic-3.jpg,https://m.media-amazon.com/images/I/acer-predator-x27u-27-pic-4.jpg,https://m.media-amazon.com/images/I/acer-predator-x27u-27-pic-5.jpg
178,amazon-echo-hub,Amazon Echo Hub,"<p>The smart home control center that does it all — a crisp HD touchscreen with a built-in smart assistant, video calling, streaming, and full control of your connected home.</p><ul><li>HD touchscreen display for visual smart home management</li><li>Built-in camera for video calls with family and friends</li><li>Stream Prime Video, Netflix, and major music services</li><li>Digital photo frame mode when idle</li><li>Controls lights, thermostats, cameras, and locks by voice or touch</li></ul>",Amazon,Electronics > Smart Home,Smart Display,"[""amazon"",""echo"",""smart-home""]",179.0,,,,Amazon Echo Hub | AllGoodsCo Electronics,"The smart home control center that does it all — a crisp HD touchscreen with a built-in smart assistant, video calling, streaming, and full control of your",True,False,"""2026-07-28T01:07:39.273Z""","""2026-07-28T01:07:39.273Z""",https://m.media-amazon.com/images/I/amazon-echo-hub-pic-1.jpg,https://m.media-amazon.com/images/I/amazon-echo-hub-pic-2.jpg,https://m.media-amazon.com/images/I/amazon-echo-hub-pic-3.jpg,https://m.media-amazon.com/images/I/amazon-echo-hub-pic-4.jpg,https://m.media-amazon.com/images/I/amazon-echo-hub-pic-5.jpg
179,amazon-echo-show-15,Amazon Echo Show 15,"<p>The smart home control center that does it all — a crisp HD touchscreen with a built-in smart assistant, video calling, streaming, and full control of your connected home.</p><ul><li>HD touchscreen display for visual smart home management</li><li>Built-in camera for video calls with family and friends</li><li>Stream Prime Video, Netflix, and major music services</li><li>Digital photo frame mode when idle</li><li>Controls lights, thermostats, cameras, and locks by voice or touch</li></ul>",Amazon,Electronics > Smart Home,Smart Display,"[""amazon"",""echo"",""smart-home""]",249.0,,,,Amazon Echo Show 15 | AllGoodsCo Electronics,"The smart home control center that does it all — a crisp HD touchscreen with a built-in smart assistant, video calling, streaming, and full control of your",True,False,"""2026-07-28T01:07:39.275Z""","""2026-07-28T01:07:39.275Z""",https://m.media-amazon.com/images/I/amazon-echo-show-15-pic-1.jpg,https://m.media-amazon.com/images/I/amazon-echo-show-15-pic-2.jpg,https://m.media-amazon.com/images/I/amazon-echo-show-15-pic-3.jpg,https://m.media-amazon.com/images/I/amazon-echo-show-15-pic-4.jpg,https://m.media-amazon.com/images/I/amazon-echo-show-15-pic-5.jpg
180,amazon-echo-show-10,Amazon Echo Show 10,"<p>The smart home control center that does it all — a crisp HD touchscreen with a built-in smart assistant, video calling, streaming, and full control of your connected home.</p><ul><li>HD touchscreen display for visual smart home management</li><li>Built-in camera for video calls with family and friends</li><li>Stream Prime Video, Netflix, and major music services</li><li>Digital photo frame mode when idle</li><li>Controls lights, thermostats, cameras, and locks by voice or touch</li></ul>",Amazon,Electronics > Smart Home,Smart Display,"[""amazon"",""echo"",""smart-home""]",249.0,,,,Amazon Echo Show 10 | AllGoodsCo Electronics,"The smart home control center that does it all — a crisp HD touchscreen with a built-in smart assistant, video calling, streaming, and full control of your",True,False,"""2026-07-28T01:07:39.277Z""","""2026-07-28T01:07:39.277Z""",https://m.media-amazon.com/images/I/amazon-echo-show-10-pic-1.jpg,https://m.media-amazon.com/images/I/amazon-echo-show-10-pic-2.jpg,https://m.media-amazon.com/images/I/amazon-echo-show-10-pic-3.jpg,https://m.media-amazon.com/images/I/amazon-echo-show-10-pic-4.jpg,https://m.media-amazon.com/images/I/amazon-echo-show-10-pic-5.jpg
181,amazon-echo-pop,Amazon Echo Pop,"<p>Transform any room with rich 360-degree sound and seamless smart home control from a premium speaker that hears you from across the room even while music plays.</p><ul><li>High-fidelity 3D audio with spatial sound processing</li><li>Built-in smart assistant for voice control of your home</li><li>Multi-room audio sync with other compatible speakers</li><li>Intercom, calling, and smart home hub functionality</li><li>Privacy microphone mute button with LED indicator</li></ul>",Amazon,Electronics > Smart Home,Smart Speaker,"[""amazon"",""echo"",""alexa""]",39.0,,,,Amazon Echo Pop | AllGoodsCo Electronics,Transform any room with rich 360-degree sound and seamless smart home control from a premium speaker that hears you from across the room even while music p,True,False,"""2026-07-28T01:07:39.279Z""","""2026-07-28T01:07:39.279Z""",https://m.media-amazon.com/images/I/amazon-echo-pop-pic-1.jpg,https://m.media-amazon.com/images/I/amazon-echo-pop-pic-2.jpg,https://m.media-amazon.com/images/I/amazon-echo-pop-pic-3.jpg,https://m.media-amazon.com/images/I/amazon-echo-pop-pic-4.jpg,https://m.media-amazon.com/images/I/amazon-echo-pop-pic-5.jpg
182,google-nest-hub-max,Google Nest Hub Max,"<p>The smart home control center that does it all — a crisp HD touchscreen with a built-in smart assistant, video calling, streaming, and full control of your connected home.</p><ul><li>HD touchscreen display for visual smart home management</li><li>Built-in camera for video calls with family and friends</li><li>Stream Prime Video, Netflix, and major music services</li><li>Digital photo frame mode when idle</li><li>Controls lights, thermostats, cameras, and locks by voice or touch</li></ul>",Google,Electronics > Smart Home,Smart Display,"[""google"",""nest"",""smart-home""]",229.0,,,,Google Nest Hub Max | AllGoodsCo Electronics,"The smart home control center that does it all — a crisp HD touchscreen with a built-in smart assistant, video calling, streaming, and full control of your",True,False,"""2026-07-28T01:07:39.281Z""","""2026-07-28T01:07:39.281Z""",https://lh3.googleusercontent.com/product/google-nest-hub-max-img-1,https://lh3.googleusercontent.com/product/google-nest-hub-max-img-2,https://lh3.googleusercontent.com/product/google-nest-hub-max-img-3,https://lh3.googleusercontent.com/product/google-nest-hub-max-img-4,https://lh3.googleusercontent.com/product/google-nest-hub-max-img-5
183,google-nest-hub-2nd-gen,Google Nest Hub 2nd Gen,"<p>The smart home control center that does it all — a crisp HD touchscreen with a built-in smart assistant, video calling, streaming, and full control of your connected home.</p><ul><li>HD touchscreen display for visual smart home management</li><li>Built-in camera for video calls with family and friends</li><li>Stream Prime Video, Netflix, and major music services</li><li>Digital photo frame mode when idle</li><li>Controls lights, thermostats, cameras, and locks by voice or touch</li></ul>",Google,Electronics > Smart Home,Smart Display,"[""google"",""nest"",""smart-home""]",99.0,,,,Google Nest Hub 2nd Gen | AllGoodsCo Electronics,"The smart home control center that does it all — a crisp HD touchscreen with a built-in smart assistant, video calling, streaming, and full control of your",True,False,"""2026-07-28T01:07:39.283Z""","""2026-07-28T01:07:39.283Z""",https://lh3.googleusercontent.com/product/google-nest-hub-2nd-gen-img-1,https://lh3.googleusercontent.com/product/google-nest-hub-2nd-gen-img-2,https://lh3.googleusercontent.com/product/google-nest-hub-2nd-gen-img-3,https://lh3.googleusercontent.com/product/google-nest-hub-2nd-gen-img-4,https://lh3.googleusercontent.com/product/google-nest-hub-2nd-gen-img-5
184,apple-homepod-2nd-gen,Apple HomePod (2nd Gen),"<p>Transform any room with rich 360-degree sound and seamless smart home control from a premium speaker that hears you from across the room even while music plays.</p><ul><li>High-fidelity 3D audio with spatial sound processing</li><li>Built-in smart assistant for voice control of your home</li><li>Multi-room audio sync with other compatible speakers</li><li>Intercom, calling, and smart home hub functionality</li><li>Privacy microphone mute button with LED indicator</li></ul>",Apple,Electronics > Smart Home,Smart Speaker,"[""apple"",""homepod"",""siri""]",299.0,,,,Apple HomePod (2nd Gen) | AllGoodsCo Electronics,Transform any room with rich 360-degree sound and seamless smart home control from a premium speaker that hears you from across the room even while music p,True,False,"""2026-07-28T01:07:39.285Z""","""2026-07-28T01:07:39.285Z""",https://store.storeimages.cdn-apple.com/as-images.apple.com/is/apple-homepod-2nd-gen-gallery-1?wid=1000,https://store.storeimages.cdn-apple.com/as-images.apple.com/is/apple-homepod-2nd-gen-gallery-2?wid=1000,https://store.storeimages.cdn-apple.com/as-images.apple.com/is/apple-homepod-2nd-gen-gallery-3?wid=1000,https://store.storeimages.cdn-apple.com/as-images.apple.com/is/apple-homepod-2nd-gen-gallery-4?wid=1000,https://store.storeimages.cdn-apple.com/as-images.apple.com/is/apple-homepod-2nd-gen-gallery-5?wid=1000
185,apple-homepod-mini,Apple HomePod mini,"<p>Transform any room with rich 360-degree sound and seamless smart home control from a premium speaker that hears you from across the room even while music plays.</p><ul><li>High-fidelity 3D audio with spatial sound processing</li><li>Built-in smart assistant for voice control of your home</li><li>Multi-room audio sync with other compatible speakers</li><li>Intercom, calling, and smart home hub functionality</li><li>Privacy microphone mute button with LED indicator</li></ul>",Apple,Electronics > Smart Home,Smart Speaker,"[""apple"",""homepod"",""siri""]",99.0,,,,Apple HomePod mini | AllGoodsCo Electronics,Transform any room with rich 360-degree sound and seamless smart home control from a premium speaker that hears you from across the room even while music p,True,False,"""2026-07-28T01:07:39.288Z""","""2026-07-28T01:07:39.288Z""",https://store.storeimages.cdn-apple.com/as-images.apple.com/is/apple-homepod-mini-gallery-1?wid=1000,https://store.storeimages.cdn-apple.com/as-images.apple.com/is/apple-homepod-mini-gallery-2?wid=1000,https://store.storeimages.cdn-apple.com/as-images.apple.com/is/apple-homepod-mini-gallery-3?wid=1000,https://store.storeimages.cdn-apple.com/as-images.apple.com/is/apple-homepod-mini-gallery-4?wid=1000,https://store.storeimages.cdn-apple.com/as-images.apple.com/is/apple-homepod-mini-gallery-5?wid=1000
186,sonos-era-300,Sonos Era 300,"<p>Transform any room with rich 360-degree sound and seamless smart home control from a premium speaker that hears you from across the room even while music plays.</p><ul><li>High-fidelity 3D audio with spatial sound processing</li><li>Built-in smart assistant for voice control of your home</li><li>Multi-room audio sync with other compatible speakers</li><li>Intercom, calling, and smart home hub functionality</li><li>Privacy microphone mute button with LED indicator</li></ul>",Sonos,Electronics > Smart Home,Smart Speaker,"[""sonos"",""spatial-audio"",""Dolby-Atmos""]",449.0,,,,Sonos Era 300 | AllGoodsCo Electronics,Transform any room with rich 360-degree sound and seamless smart home control from a premium speaker that hears you from across the room even while music p,True,False,"""2026-07-28T01:07:39.290Z""","""2026-07-28T01:07:39.290Z""",https://m.media-amazon.com/images/I/sonos-era-300-pic-1.jpg,https://m.media-amazon.com/images/I/sonos-era-300-pic-2.jpg,https://m.media-amazon.com/images/I/sonos-era-300-pic-3.jpg,https://m.media-amazon.com/images/I/sonos-era-300-pic-4.jpg,https://m.media-amazon.com/images/I/sonos-era-300-pic-5.jpg
187,sonos-era-100,Sonos Era 100,"<p>Transform any room with rich 360-degree sound and seamless smart home control from a premium speaker that hears you from across the room even while music plays.</p><ul><li>High-fidelity 3D audio with spatial sound processing</li><li>Built-in smart assistant for voice control of your home</li><li>Multi-room audio sync with other compatible speakers</li><li>Intercom, calling, and smart home hub functionality</li><li>Privacy microphone mute button with LED indicator</li></ul>",Sonos,Electronics > Smart Home,Smart Speaker,"[""sonos"",""multi-room""]",249.0,,,,Sonos Era 100 | AllGoodsCo Electronics,Transform any room with rich 360-degree sound and seamless smart home control from a premium speaker that hears you from across the room even while music p,True,False,"""2026-07-28T01:07:39.292Z""","""2026-07-28T01:07:39.292Z""",https://m.media-amazon.com/images/I/sonos-era-100-pic-1.jpg,https://m.media-amazon.com/images/I/sonos-era-100-pic-2.jpg,https://m.media-amazon.com/images/I/sonos-era-100-pic-3.jpg,https://m.media-amazon.com/images/I/sonos-era-100-pic-4.jpg,https://m.media-amazon.com/images/I/sonos-era-100-pic-5.jpg
188,ring-video-doorbell-pro-2,Ring Video Doorbell Pro 2,"<p>See and speak to anyone at your door from anywhere with a smart video doorbell featuring HD video, instant alerts, and convenient two-way communication.</p><ul><li>1080p Full HD video with a wide 180-degree field of view</li><li>Instant motion and doorbell press alerts to your smartphone</li><li>Two-way audio for clear real-time conversations with visitors</li><li>Pre-roll video buffer captures what happened before motion triggered</li><li>Available in hardwired or battery-powered installation options</li></ul>",Ring,Electronics > Smart Home,Video Doorbell,"[""ring"",""amazon"",""security""]",269.0,,,,Ring Video Doorbell Pro 2 | AllGoodsCo Electronics,"See and speak to anyone at your door from anywhere with a smart video doorbell featuring HD video, instant alerts, and convenient two-way communication. 10",True,False,"""2026-07-28T01:07:39.294Z""","""2026-07-28T01:07:39.294Z""",https://m.media-amazon.com/images/I/ring-video-doorbell-pro-2-pic-1.jpg,https://m.media-amazon.com/images/I/ring-video-doorbell-pro-2-pic-2.jpg,https://m.media-amazon.com/images/I/ring-video-doorbell-pro-2-pic-3.jpg,https://m.media-amazon.com/images/I/ring-video-doorbell-pro-2-pic-4.jpg,https://m.media-amazon.com/images/I/ring-video-doorbell-pro-2-pic-5.jpg
189,ring-video-doorbell-2024,Ring Video Doorbell (2024),"<p>See and speak to anyone at your door from anywhere with a smart video doorbell featuring HD video, instant alerts, and convenient two-way communication.</p><ul><li>1080p Full HD video with a wide 180-degree field of view</li><li>Instant motion and doorbell press alerts to your smartphone</li><li>Two-way audio for clear real-time conversations with visitors</li><li>Pre-roll video buffer captures what happened before motion triggered</li><li>Available in hardwired or battery-powered installation options</li></ul>",Ring,Electronics > Smart Home,Video Doorbell,"[""ring"",""amazon"",""security""]",179.0,,,,Ring Video Doorbell (2024) | AllGoodsCo Electronics,"See and speak to anyone at your door from anywhere with a smart video doorbell featuring HD video, instant alerts, and convenient two-way communication. 10",True,False,"""2026-07-28T01:07:39.299Z""","""2026-07-28T01:07:39.299Z""",https://m.media-amazon.com/images/I/ring-video-doorbell-2024-pic-1.jpg,https://m.media-amazon.com/images/I/ring-video-doorbell-2024-pic-2.jpg,https://m.media-amazon.com/images/I/ring-video-doorbell-2024-pic-3.jpg,https://m.media-amazon.com/images/I/ring-video-doorbell-2024-pic-4.jpg,https://m.media-amazon.com/images/I/ring-video-doorbell-2024-pic-5.jpg
190,nest-learning-thermostat-4,Nest Learning Thermostat (4th Gen),"<p>Intelligently manage your climate to maximize comfort while minimizing energy costs — a smart thermostat that learns your preferences and adapts automatically.</p><ul><li>AI learning adapts to your schedule and temperature preferences</li><li>Remote control and scheduling via smartphone app from anywhere</li><li>Compatible with most 24V HVAC heating and cooling systems</li><li>Detailed energy usage reports and monthly savings tracking</li><li>Works with Amazon Alexa, Google Home, and Apple HomeKit</li></ul>",Nest,Electronics > Smart Home,Smart Thermostat,"[""google"",""nest"",""energy""]",279.0,,,,Nest Learning Thermostat (4th Gen) | AllGoodsCo Electronics,Intelligently manage your climate to maximize comfort while minimizing energy costs — a smart thermostat that learns your preferences and adapts automatica,True,False,"""2026-07-28T01:07:39.301Z""","""2026-07-28T01:07:39.301Z""",https://m.media-amazon.com/images/I/nest-learning-thermostat-4-pic-1.jpg,https://m.media-amazon.com/images/I/nest-learning-thermostat-4-pic-2.jpg,https://m.media-amazon.com/images/I/nest-learning-thermostat-4-pic-3.jpg,https://m.media-amazon.com/images/I/nest-learning-thermostat-4-pic-4.jpg,https://m.media-amazon.com/images/I/nest-learning-thermostat-4-pic-5.jpg
191,ecobee-smartthermostat-premium,Ecobee SmartThermostat Premium,"<p>Intelligently manage your climate to maximize comfort while minimizing energy costs — a smart thermostat that learns your preferences and adapts automatically.</p><ul><li>AI learning adapts to your schedule and temperature preferences</li><li>Remote control and scheduling via smartphone app from anywhere</li><li>Compatible with most 24V HVAC heating and cooling systems</li><li>Detailed energy usage reports and monthly savings tracking</li><li>Works with Amazon Alexa, Google Home, and Apple HomeKit</li></ul>",Ecobee,Electronics > Smart Home,Smart Thermostat,"[""ecobee"",""alexa"",""energy""]",249.0,,,,Ecobee SmartThermostat Premium | AllGoodsCo Electronics,Intelligently manage your climate to maximize comfort while minimizing energy costs — a smart thermostat that learns your preferences and adapts automatica,True,False,"""2026-07-28T01:07:39.304Z""","""2026-07-28T01:07:39.304Z""",https://m.media-amazon.com/images/I/ecobee-smartthermostat-premium-pic-1.jpg,https://m.media-amazon.com/images/I/ecobee-smartthermostat-premium-pic-2.jpg,https://m.media-amazon.com/images/I/ecobee-smartthermostat-premium-pic-3.jpg,https://m.media-amazon.com/images/I/ecobee-smartthermostat-premium-pic-4.jpg,https://m.media-amazon.com/images/I/ecobee-smartthermostat-premium-pic-5.jpg
192,arlo-pro-5s-2k,Arlo Pro 5S 2K,"<p>Protect your home or business 24/7 with a smart AI-powered security camera offering 4K video, color night vision, and instant alerts directly to your smartphone.</p><ul><li>4K Ultra HD video with sharp color night vision capability</li><li>AI-powered detection for people, vehicles, and package delivery</li><li>Two-way audio communication with built-in deterrent siren</li><li>Flexible local microSD and cloud storage options</li><li>IP67 weatherproof rating for reliable outdoor installation</li></ul>",Arlo,Electronics > Smart Home,Security Camera,"[""arlo"",""outdoor"",""AI""]",179.0,,,,Arlo Pro 5S 2K | AllGoodsCo Electronics,"Protect your home or business 24/7 with a smart AI-powered security camera offering 4K video, color night vision, and instant alerts directly to your smart",True,False,"""2026-07-28T01:07:39.306Z""","""2026-07-28T01:07:39.306Z""",https://m.media-amazon.com/images/I/arlo-pro-5s-2k-pic-1.jpg,https://m.media-amazon.com/images/I/arlo-pro-5s-2k-pic-2.jpg,https://m.media-amazon.com/images/I/arlo-pro-5s-2k-pic-3.jpg,https://m.media-amazon.com/images/I/arlo-pro-5s-2k-pic-4.jpg,https://m.media-amazon.com/images/I/arlo-pro-5s-2k-pic-5.jpg
193,eufy-solocam-s340,Eufy SoloCam S340,"<p>Protect your home or business 24/7 with a smart AI-powered security camera offering 4K video, color night vision, and instant alerts directly to your smartphone.</p><ul><li>4K Ultra HD video with sharp color night vision capability</li><li>AI-powered detection for people, vehicles, and package delivery</li><li>Two-way audio communication with built-in deterrent siren</li><li>Flexible local microSD and cloud storage options</li><li>IP67 weatherproof rating for reliable outdoor installation</li></ul>",Eufy,Electronics > Smart Home,Security Camera,"[""eufy"",""outdoor"",""solar""]",149.0,,,,Eufy SoloCam S340 | AllGoodsCo Electronics,"Protect your home or business 24/7 with a smart AI-powered security camera offering 4K video, color night vision, and instant alerts directly to your smart",True,False,"""2026-07-28T01:07:39.308Z""","""2026-07-28T01:07:39.308Z""",https://m.media-amazon.com/images/I/eufy-solocam-s340-pic-1.jpg,https://m.media-amazon.com/images/I/eufy-solocam-s340-pic-2.jpg,https://m.media-amazon.com/images/I/eufy-solocam-s340-pic-3.jpg,https://m.media-amazon.com/images/I/eufy-solocam-s340-pic-4.jpg,https://m.media-amazon.com/images/I/eufy-solocam-s340-pic-5.jpg
194,amazon-eero-pro-6e-3pack,Amazon Eero Pro 6E (3-Pack),"<p>Future-proof your home network with a high-performance Wi-Fi 6E router delivering multi-gigabit speeds, whole-home coverage, and intelligent traffic management for every device.</p><ul><li>Wi-Fi 6E tri-band for combined throughput up to 10.8Gbps</li><li>Whole-home coverage up to 5,000 sq ft with beamforming</li><li>Intelligent QoS automatically prioritizes gaming and streaming</li><li>WPA3 enterprise-grade security with automatic firmware updates</li><li>Simple setup and management via intuitive smartphone app</li></ul>",Amazon,Electronics > Smart Home,Router,"[""amazon"",""eero"",""mesh"",""Wi-Fi-6E""]",299.0,,,,Amazon Eero Pro 6E (3-Pack) | AllGoodsCo Electronics,"Future-proof your home network with a high-performance Wi-Fi 6E router delivering multi-gigabit speeds, whole-home coverage, and intelligent traffic manage",True,False,"""2026-07-28T01:07:39.310Z""","""2026-07-28T01:07:39.310Z""",https://m.media-amazon.com/images/I/amazon-eero-pro-6e-3pack-pic-1.jpg,https://m.media-amazon.com/images/I/amazon-eero-pro-6e-3pack-pic-2.jpg,https://m.media-amazon.com/images/I/amazon-eero-pro-6e-3pack-pic-3.jpg,https://m.media-amazon.com/images/I/amazon-eero-pro-6e-3pack-pic-4.jpg,https://m.media-amazon.com/images/I/amazon-eero-pro-6e-3pack-pic-5.jpg
195,tp-link-deco-xe75-pro-3pack,TP-Link Deco XE75 Pro (3-Pack),"<p>Future-proof your home network with a high-performance Wi-Fi 6E router delivering multi-gigabit speeds, whole-home coverage, and intelligent traffic management for every device.</p><ul><li>Wi-Fi 6E tri-band for combined throughput up to 10.8Gbps</li><li>Whole-home coverage up to 5,000 sq ft with beamforming</li><li>Intelligent QoS automatically prioritizes gaming and streaming</li><li>WPA3 enterprise-grade security with automatic firmware updates</li><li>Simple setup and management via intuitive smartphone app</li></ul>",TP-Link,Electronics > Smart Home,Router,"[""tp-link"",""deco"",""mesh"",""Wi-Fi-6E""]",349.0,,,,TP-Link Deco XE75 Pro (3-Pack) | AllGoodsCo Electronics,"Future-proof your home network with a high-performance Wi-Fi 6E router delivering multi-gigabit speeds, whole-home coverage, and intelligent traffic manage",True,False,"""2026-07-28T01:07:39.313Z""","""2026-07-28T01:07:39.313Z""",https://m.media-amazon.com/images/I/tp-link-deco-xe75-pro-3pack-pic-1.jpg,https://m.media-amazon.com/images/I/tp-link-deco-xe75-pro-3pack-pic-2.jpg,https://m.media-amazon.com/images/I/tp-link-deco-xe75-pro-3pack-pic-3.jpg,https://m.media-amazon.com/images/I/tp-link-deco-xe75-pro-3pack-pic-4.jpg,https://m.media-amazon.com/images/I/tp-link-deco-xe75-pro-3pack-pic-5.jpg
196,philips-hue-starter-kit,Philips Hue White & Color Starter Kit,"<p>Transform any room instantly with a smart LED bulb offering 16 million colors, adjustable white temperature, and effortless voice or app control.</p><ul><li>16 million colors and tunable white from warm 2700K to cool 6500K</li><li>Up to 1100 lumens with 80% less energy than traditional bulbs</li><li>Wi-Fi connected — no separate hub or bridge required</li><li>Voice control via Amazon Alexa, Google Assistant, and Apple Siri</li><li>25,000+ hour rated lifespan for years of reliable service</li></ul>",Philips,Electronics > Smart Home,Smart Light Bulb,"[""philips"",""hue"",""smart-lighting""]",199.0,,,,Philips Hue White & Color Starter Kit | AllGoodsCo Electronics,"Transform any room instantly with a smart LED bulb offering 16 million colors, adjustable white temperature, and effortless voice or app control. 16 millio",True,False,"""2026-07-28T01:07:39.315Z""","""2026-07-28T01:07:39.315Z""",https://m.media-amazon.com/images/I/philips-hue-starter-kit-pic-1.jpg,https://m.media-amazon.com/images/I/philips-hue-starter-kit-pic-2.jpg,https://m.media-amazon.com/images/I/philips-hue-starter-kit-pic-3.jpg,https://m.media-amazon.com/images/I/philips-hue-starter-kit-pic-4.jpg,https://m.media-amazon.com/images/I/philips-hue-starter-kit-pic-5.jpg
197,govee-floor-lamp-pro,Govee Floor Lamp Pro,"<p>Transform any room instantly with a smart LED bulb offering 16 million colors, adjustable white temperature, and effortless voice or app control.</p><ul><li>16 million colors and tunable white from warm 2700K to cool 6500K</li><li>Up to 1100 lumens with 80% less energy than traditional bulbs</li><li>Wi-Fi connected — no separate hub or bridge required</li><li>Voice control via Amazon Alexa, Google Assistant, and Apple Siri</li><li>25,000+ hour rated lifespan for years of reliable service</li></ul>",Govee,Electronics > Smart Home,Smart Light Bulb,"[""govee"",""smart-lighting"",""RGBIC""]",129.0,,,,Govee Floor Lamp Pro | AllGoodsCo Electronics,"Transform any room instantly with a smart LED bulb offering 16 million colors, adjustable white temperature, and effortless voice or app control. 16 millio",True,False,"""2026-07-28T01:07:39.318Z""","""2026-07-28T01:07:39.318Z""",https://m.media-amazon.com/images/I/govee-floor-lamp-pro-pic-1.jpg,https://m.media-amazon.com/images/I/govee-floor-lamp-pro-pic-2.jpg,https://m.media-amazon.com/images/I/govee-floor-lamp-pro-pic-3.jpg,https://m.media-amazon.com/images/I/govee-floor-lamp-pro-pic-4.jpg,https://m.media-amazon.com/images/I/govee-floor-lamp-pro-pic-5.jpg
198,sony-alpha-a7-iv,Sony Alpha A7 IV,"<p>Capture professional-quality images and video with a mirrorless camera system featuring a full-frame sensor, advanced autofocus, and cinematic video capabilities in any lighting condition.</p><ul><li>High-resolution full-frame BSI CMOS sensor</li><li>Real-time Eye AF and subject tracking for tack-sharp focus</li><li>Up to 4K 120fps and 6K video recording</li><li>5-axis in-body image stabilization (IBIS)</li><li>Weather-sealed magnesium alloy body</li></ul>",Sony,Electronics > Cameras,Camera,"[""sony"",""mirrorless"",""full-frame"",""4K""]",2499.0,,,,Sony Alpha A7 IV | AllGoodsCo Electronics,"Capture professional-quality images and video with a mirrorless camera system featuring a full-frame sensor, advanced autofocus, and cinematic video capabi",True,True,"""2026-07-28T01:07:39.320Z""","""2026-07-28T01:07:39.320Z""",https://sony.scene7.com/is/image/sony/sony-alpha-a7-iv-view-1,https://sony.scene7.com/is/image/sony/sony-alpha-a7-iv-view-2,https://sony.scene7.com/is/image/sony/sony-alpha-a7-iv-view-3,https://sony.scene7.com/is/image/sony/sony-alpha-a7-iv-view-4,https://sony.scene7.com/is/image/sony/sony-alpha-a7-iv-view-5
199,canon-eos-r6-mark-ii,Canon EOS R6 Mark II,"<p>Capture professional-quality images and video with a mirrorless camera system featuring a full-frame sensor, advanced autofocus, and cinematic video capabilities in any lighting condition.</p><ul><li>High-resolution full-frame BSI CMOS sensor</li><li>Real-time Eye AF and subject tracking for tack-sharp focus</li><li>Up to 4K 120fps and 6K video recording</li><li>5-axis in-body image stabilization (IBIS)</li><li>Weather-sealed magnesium alloy body</li></ul>",Canon,Electronics > Cameras,Camera,"[""canon"",""mirrorless"",""full-frame"",""4K""]",2499.0,,,,Canon EOS R6 Mark II | AllGoodsCo Electronics,"Capture professional-quality images and video with a mirrorless camera system featuring a full-frame sensor, advanced autofocus, and cinematic video capabi",True,False,"""2026-07-28T01:07:39.324Z""","""2026-07-28T01:07:39.324Z""",https://m.media-amazon.com/images/I/canon-eos-r6-mark-ii-pic-1.jpg,https://m.media-amazon.com/images/I/canon-eos-r6-mark-ii-pic-2.jpg,https://m.media-amazon.com/images/I/canon-eos-r6-mark-ii-pic-3.jpg,https://m.media-amazon.com/images/I/canon-eos-r6-mark-ii-pic-4.jpg,https://m.media-amazon.com/images/I/canon-eos-r6-mark-ii-pic-5.jpg
200,nikon-z6-iii,Nikon Z6 III,"<p>Capture professional-quality images and video with a mirrorless camera system featuring a full-frame sensor, advanced autofocus, and cinematic video capabilities in any lighting condition.</p><ul><li>High-resolution full-frame BSI CMOS sensor</li><li>Real-time Eye AF and subject tracking for tack-sharp focus</li><li>Up to 4K 120fps and 6K video recording</li><li>5-axis in-body image stabilization (IBIS)</li><li>Weather-sealed magnesium alloy body</li></ul>",Nikon,Electronics > Cameras,Camera,"[""nikon"",""mirrorless"",""full-frame"",""6K""]",1999.0,,,,Nikon Z6 III | AllGoodsCo Electronics,"Capture professional-quality images and video with a mirrorless camera system featuring a full-frame sensor, advanced autofocus, and cinematic video capabi",True,False,"""2026-07-28T01:07:39.326Z""","""2026-07-28T01:07:39.326Z""",https://m.media-amazon.com/images/I/nikon-z6-iii-pic-1.jpg,https://m.media-amazon.com/images/I/nikon-z6-iii-pic-2.jpg,https://m.media-amazon.com/images/I/nikon-z6-iii-pic-3.jpg,https://m.media-amazon.com/images/I/nikon-z6-iii-pic-4.jpg,https://m.media-amazon.com/images/I/nikon-z6-iii-pic-5.jpg
201,fujifilm-x100vi,Fujifilm X100VI,"<p>Capture professional-quality images and video with a mirrorless camera system featuring a full-frame sensor, advanced autofocus, and cinematic video capabilities in any lighting condition.</p><ul><li>High-resolution full-frame BSI CMOS sensor</li><li>Real-time Eye AF and subject tracking for tack-sharp focus</li><li>Up to 4K 120fps and 6K video recording</li><li>5-axis in-body image stabilization (IBIS)</li><li>Weather-sealed magnesium alloy body</li></ul>",Fujifilm,Electronics > Cameras,Camera,"[""fujifilm"",""compact"",""retro""]",1599.0,,,,Fujifilm X100VI | AllGoodsCo Electronics,"Capture professional-quality images and video with a mirrorless camera system featuring a full-frame sensor, advanced autofocus, and cinematic video capabi",True,False,"""2026-07-28T01:07:39.329Z""","""2026-07-28T01:07:39.329Z""",https://m.media-amazon.com/images/I/fujifilm-x100vi-pic-1.jpg,https://m.media-amazon.com/images/I/fujifilm-x100vi-pic-2.jpg,https://m.media-amazon.com/images/I/fujifilm-x100vi-pic-3.jpg,https://m.media-amazon.com/images/I/fujifilm-x100vi-pic-4.jpg,https://m.media-amazon.com/images/I/fujifilm-x100vi-pic-5.jpg
202,sony-zv-e10-ii,Sony ZV-E10 II,"<p>Capture professional-quality images and video with a mirrorless camera system featuring a full-frame sensor, advanced autofocus, and cinematic video capabilities in any lighting condition.</p><ul><li>High-resolution full-frame BSI CMOS sensor</li><li>Real-time Eye AF and subject tracking for tack-sharp focus</li><li>Up to 4K 120fps and 6K video recording</li><li>5-axis in-body image stabilization (IBIS)</li><li>Weather-sealed magnesium alloy body</li></ul>",Sony,Electronics > Cameras,Camera,"[""sony"",""vlog"",""APS-C""]",749.0,,,,Sony ZV-E10 II | AllGoodsCo Electronics,"Capture professional-quality images and video with a mirrorless camera system featuring a full-frame sensor, advanced autofocus, and cinematic video capabi",True,False,"""2026-07-28T01:07:39.331Z""","""2026-07-28T01:07:39.331Z""",https://sony.scene7.com/is/image/sony/sony-zv-e10-ii-view-1,https://sony.scene7.com/is/image/sony/sony-zv-e10-ii-view-2,https://sony.scene7.com/is/image/sony/sony-zv-e10-ii-view-3,https://sony.scene7.com/is/image/sony/sony-zv-e10-ii-view-4,https://sony.scene7.com/is/image/sony/sony-zv-e10-ii-view-5
203,canon-eos-r50,Canon EOS R50,"<p>Capture professional-quality images and video with a mirrorless camera system featuring a full-frame sensor, advanced autofocus, and cinematic video capabilities in any lighting condition.</p><ul><li>High-resolution full-frame BSI CMOS sensor</li><li>Real-time Eye AF and subject tracking for tack-sharp focus</li><li>Up to 4K 120fps and 6K video recording</li><li>5-axis in-body image stabilization (IBIS)</li><li>Weather-sealed magnesium alloy body</li></ul>",Canon,Electronics > Cameras,Camera,"[""canon"",""mirrorless"",""APS-C""]",679.0,,,,Canon EOS R50 | AllGoodsCo Electronics,"Capture professional-quality images and video with a mirrorless camera system featuring a full-frame sensor, advanced autofocus, and cinematic video capabi",True,False,"""2026-07-28T01:07:39.333Z""","""2026-07-28T01:07:39.333Z""",https://m.media-amazon.com/images/I/canon-eos-r50-pic-1.jpg,https://m.media-amazon.com/images/I/canon-eos-r50-pic-2.jpg,https://m.media-amazon.com/images/I/canon-eos-r50-pic-3.jpg,https://m.media-amazon.com/images/I/canon-eos-r50-pic-4.jpg,https://m.media-amazon.com/images/I/canon-eos-r50-pic-5.jpg
204,gopro-hero-13-black,GoPro Hero 13 Black,"<p>Document every adventure in stunning clarity with a rugged waterproof action camera featuring HyperSmooth stabilization, high-frame-rate slow motion, and hands-free voice control.</p><ul><li>5.3K60 or 4K120 video with HyperSmooth stabilization</li><li>Up to 27MP photos with HDR and RAW support</li><li>Waterproof to 10m without a housing</li><li>Voice control and one-button simplicity</li><li>Modular accessories ecosystem for any mount</li></ul>",GoPro,Electronics > Cameras,Action Camera,"[""gopro"",""waterproof"",""5K""]",399.0,,,,GoPro Hero 13 Black | AllGoodsCo Electronics,"Document every adventure in stunning clarity with a rugged waterproof action camera featuring HyperSmooth stabilization, high-frame-rate slow motion, and h",True,False,"""2026-07-28T01:07:39.335Z""","""2026-07-28T01:07:39.335Z""",https://m.media-amazon.com/images/I/gopro-hero-13-black-pic-1.jpg,https://m.media-amazon.com/images/I/gopro-hero-13-black-pic-2.jpg,https://m.media-amazon.com/images/I/gopro-hero-13-black-pic-3.jpg,https://m.media-amazon.com/images/I/gopro-hero-13-black-pic-4.jpg,https://m.media-amazon.com/images/I/gopro-hero-13-black-pic-5.jpg
205,dji-osmo-action-5-pro,DJI Osmo Action 5 Pro,"<p>Document every adventure in stunning clarity with a rugged waterproof action camera featuring HyperSmooth stabilization, high-frame-rate slow motion, and hands-free voice control.</p><ul><li>5.3K60 or 4K120 video with HyperSmooth stabilization</li><li>Up to 27MP photos with HDR and RAW support</li><li>Waterproof to 10m without a housing</li><li>Voice control and one-button simplicity</li><li>Modular accessories ecosystem for any mount</li></ul>",DJI,Electronics > Cameras,Action Camera,"[""dji"",""waterproof"",""4K""]",299.0,,,,DJI Osmo Action 5 Pro | AllGoodsCo Electronics,"Document every adventure in stunning clarity with a rugged waterproof action camera featuring HyperSmooth stabilization, high-frame-rate slow motion, and h",True,False,"""2026-07-28T01:07:39.338Z""","""2026-07-28T01:07:39.338Z""",https://m.media-amazon.com/images/I/dji-osmo-action-5-pro-pic-1.jpg,https://m.media-amazon.com/images/I/dji-osmo-action-5-pro-pic-2.jpg,https://m.media-amazon.com/images/I/dji-osmo-action-5-pro-pic-3.jpg,https://m.media-amazon.com/images/I/dji-osmo-action-5-pro-pic-4.jpg,https://m.media-amazon.com/images/I/dji-osmo-action-5-pro-pic-5.jpg
206,dji-mini-4-pro,DJI Mini 4 Pro,"<p>Take flight and capture breathtaking aerial footage with an intelligent drone featuring obstacle sensing, extended flight time, and cinema-grade stabilization for smooth professional shots.</p><ul><li>4K HDR video with 3-axis mechanical gimbal stabilization</li><li>Up to 46-minute flight time on a single charge</li><li>Omnidirectional obstacle sensing for confident flying</li><li>Long-range transmission up to 20km</li><li>Intelligent shooting modes: ActiveTrack, QuickShots, MasterShots</li></ul>",DJI,Electronics > Cameras,Drone,"[""dji"",""drone"",""4K"",""portable""]",759.0,,,,DJI Mini 4 Pro | AllGoodsCo Electronics,"Take flight and capture breathtaking aerial footage with an intelligent drone featuring obstacle sensing, extended flight time, and cinema-grade stabilizat",True,True,"""2026-07-28T01:07:39.340Z""","""2026-07-28T01:07:39.340Z""",https://m.media-amazon.com/images/I/dji-mini-4-pro-pic-1.jpg,https://m.media-amazon.com/images/I/dji-mini-4-pro-pic-2.jpg,https://m.media-amazon.com/images/I/dji-mini-4-pro-pic-3.jpg,https://m.media-amazon.com/images/I/dji-mini-4-pro-pic-4.jpg,https://m.media-amazon.com/images/I/dji-mini-4-pro-pic-5.jpg
207,dji-air-3,DJI Air 3,"<p>Take flight and capture breathtaking aerial footage with an intelligent drone featuring obstacle sensing, extended flight time, and cinema-grade stabilization for smooth professional shots.</p><ul><li>4K HDR video with 3-axis mechanical gimbal stabilization</li><li>Up to 46-minute flight time on a single charge</li><li>Omnidirectional obstacle sensing for confident flying</li><li>Long-range transmission up to 20km</li><li>Intelligent shooting modes: ActiveTrack, QuickShots, MasterShots</li></ul>",DJI,Electronics > Cameras,Drone,"[""dji"",""drone"",""4K""]",1099.0,,,,DJI Air 3 | AllGoodsCo Electronics,"Take flight and capture breathtaking aerial footage with an intelligent drone featuring obstacle sensing, extended flight time, and cinema-grade stabilizat",True,False,"""2026-07-28T01:07:39.343Z""","""2026-07-28T01:07:39.343Z""",https://m.media-amazon.com/images/I/dji-air-3-pic-1.jpg,https://m.media-amazon.com/images/I/dji-air-3-pic-2.jpg,https://m.media-amazon.com/images/I/dji-air-3-pic-3.jpg,https://m.media-amazon.com/images/I/dji-air-3-pic-4.jpg,https://m.media-amazon.com/images/I/dji-air-3-pic-5.jpg
208,dji-pocket-3-creator-combo,DJI Pocket 3 Creator Combo,"<p>Capture professional-quality images and video with a mirrorless camera system featuring a full-frame sensor, advanced autofocus, and cinematic video capabilities in any lighting condition.</p><ul><li>High-resolution full-frame BSI CMOS sensor</li><li>Real-time Eye AF and subject tracking for tack-sharp focus</li><li>Up to 4K 120fps and 6K video recording</li><li>5-axis in-body image stabilization (IBIS)</li><li>Weather-sealed magnesium alloy body</li></ul>",DJI,Electronics > Cameras,Camera,"[""dji"",""pocket"",""4K"",""stabilized""]",549.0,,,,DJI Pocket 3 Creator Combo | AllGoodsCo Electronics,"Capture professional-quality images and video with a mirrorless camera system featuring a full-frame sensor, advanced autofocus, and cinematic video capabi",True,False,"""2026-07-28T01:07:39.345Z""","""2026-07-28T01:07:39.345Z""",https://m.media-amazon.com/images/I/dji-pocket-3-creator-combo-pic-1.jpg,https://m.media-amazon.com/images/I/dji-pocket-3-creator-combo-pic-2.jpg,https://m.media-amazon.com/images/I/dji-pocket-3-creator-combo-pic-3.jpg,https://m.media-amazon.com/images/I/dji-pocket-3-creator-combo-pic-4.jpg,https://m.media-amazon.com/images/I/dji-pocket-3-creator-combo-pic-5.jpg
209,insta360-x4,Insta360 X4,"<p>Document every adventure in stunning clarity with a rugged waterproof action camera featuring HyperSmooth stabilization, high-frame-rate slow motion, and hands-free voice control.</p><ul><li>5.3K60 or 4K120 video with HyperSmooth stabilization</li><li>Up to 27MP photos with HDR and RAW support</li><li>Waterproof to 10m without a housing</li><li>Voice control and one-button simplicity</li><li>Modular accessories ecosystem for any mount</li></ul>",Insta360,Electronics > Cameras,Action Camera,"[""insta360"",""360"",""8K""]",499.0,,,,Insta360 X4 | AllGoodsCo Electronics,"Document every adventure in stunning clarity with a rugged waterproof action camera featuring HyperSmooth stabilization, high-frame-rate slow motion, and h",True,False,"""2026-07-28T01:07:39.347Z""","""2026-07-28T01:07:39.347Z""",https://m.media-amazon.com/images/I/insta360-x4-pic-1.jpg,https://m.media-amazon.com/images/I/insta360-x4-pic-2.jpg,https://m.media-amazon.com/images/I/insta360-x4-pic-3.jpg,https://m.media-amazon.com/images/I/insta360-x4-pic-4.jpg,https://m.media-amazon.com/images/I/insta360-x4-pic-5.jpg
210,sony-rx100-vii,Sony RX100 VII,"<p>Capture professional-quality images and video with a mirrorless camera system featuring a full-frame sensor, advanced autofocus, and cinematic video capabilities in any lighting condition.</p><ul><li>High-resolution full-frame BSI CMOS sensor</li><li>Real-time Eye AF and subject tracking for tack-sharp focus</li><li>Up to 4K 120fps and 6K video recording</li><li>5-axis in-body image stabilization (IBIS)</li><li>Weather-sealed magnesium alloy body</li></ul>",Sony,Electronics > Cameras,Camera,"[""sony"",""compact"",""4K""]",1299.0,,,,Sony RX100 VII | AllGoodsCo Electronics,"Capture professional-quality images and video with a mirrorless camera system featuring a full-frame sensor, advanced autofocus, and cinematic video capabi",True,False,"""2026-07-28T01:07:39.349Z""","""2026-07-28T01:07:39.349Z""",https://sony.scene7.com/is/image/sony/sony-rx100-vii-view-1,https://sony.scene7.com/is/image/sony/sony-rx100-vii-view-2,https://sony.scene7.com/is/image/sony/sony-rx100-vii-view-3,https://sony.scene7.com/is/image/sony/sony-rx100-vii-view-4,https://sony.scene7.com/is/image/sony/sony-rx100-vii-view-5
211,om-system-om-5,OM System OM-5,"<p>Capture professional-quality images and video with a mirrorless camera system featuring a full-frame sensor, advanced autofocus, and cinematic video capabilities in any lighting condition.</p><ul><li>High-resolution full-frame BSI CMOS sensor</li><li>Real-time Eye AF and subject tracking for tack-sharp focus</li><li>Up to 4K 120fps and 6K video recording</li><li>5-axis in-body image stabilization (IBIS)</li><li>Weather-sealed magnesium alloy body</li></ul>",OM,Electronics > Cameras,Camera,"[""olympus"",""mirrorless"",""weather-sealed""]",999.0,,,,OM System OM-5 | AllGoodsCo Electronics,"Capture professional-quality images and video with a mirrorless camera system featuring a full-frame sensor, advanced autofocus, and cinematic video capabi",True,False,"""2026-07-28T01:07:39.351Z""","""2026-07-28T01:07:39.351Z""",https://m.media-amazon.com/images/I/om-system-om-5-pic-1.jpg,https://m.media-amazon.com/images/I/om-system-om-5-pic-2.jpg,https://m.media-amazon.com/images/I/om-system-om-5-pic-3.jpg,https://m.media-amazon.com/images/I/om-system-om-5-pic-4.jpg,https://m.media-amazon.com/images/I/om-system-om-5-pic-5.jpg
212,ricoh-gr-iiix,Ricoh GR IIIx,"<p>Capture professional-quality images and video with a mirrorless camera system featuring a full-frame sensor, advanced autofocus, and cinematic video capabilities in any lighting condition.</p><ul><li>High-resolution full-frame BSI CMOS sensor</li><li>Real-time Eye AF and subject tracking for tack-sharp focus</li><li>Up to 4K 120fps and 6K video recording</li><li>5-axis in-body image stabilization (IBIS)</li><li>Weather-sealed magnesium alloy body</li></ul>",Ricoh,Electronics > Cameras,Camera,"[""ricoh"",""compact"",""street""]",999.0,,,,Ricoh GR IIIx | AllGoodsCo Electronics,"Capture professional-quality images and video with a mirrorless camera system featuring a full-frame sensor, advanced autofocus, and cinematic video capabi",True,False,"""2026-07-28T01:07:39.354Z""","""2026-07-28T01:07:39.354Z""",https://m.media-amazon.com/images/I/ricoh-gr-iiix-pic-1.jpg,https://m.media-amazon.com/images/I/ricoh-gr-iiix-pic-2.jpg,https://m.media-amazon.com/images/I/ricoh-gr-iiix-pic-3.jpg,https://m.media-amazon.com/images/I/ricoh-gr-iiix-pic-4.jpg,https://m.media-amazon.com/images/I/ricoh-gr-iiix-pic-5.jpg
213,logitech-g-pro-x-superlight-2-dex,Logitech G Pro X Superlight 2 DEX,"<p>Gain the competitive edge with an ultra-precise gaming mouse featuring a top-tier optical sensor, featherweight construction, and fully programmable RGB customization.</p><ul><li>High-precision optical sensor up to 36,000 DPI</li><li>Ultra-lightweight honeycomb shell design under 70g</li><li>Up to 8 programmable buttons with onboard macro memory</li><li>Per-zone RGB lighting with full software customization</li><li>2.4GHz wireless with up to 70-hour battery life</li></ul>",Logitech,Electronics > Video Games > Gaming,Gaming Mouse,"[""logitech"",""wireless"",""esports""]",159.0,,,,Logitech G Pro X Superlight 2 DEX | AllGoodsCo Electronics,"Gain the competitive edge with an ultra-precise gaming mouse featuring a top-tier optical sensor, featherweight construction, and fully programmable RGB cu",True,False,"""2026-07-28T01:07:39.355Z""","""2026-07-28T01:07:39.355Z""",https://m.media-amazon.com/images/I/logitech-g-pro-x-superlight-2-dex-pic-1.jpg,https://m.media-amazon.com/images/I/logitech-g-pro-x-superlight-2-dex-pic-2.jpg,https://m.media-amazon.com/images/I/logitech-g-pro-x-superlight-2-dex-pic-3.jpg,https://m.media-amazon.com/images/I/logitech-g-pro-x-superlight-2-dex-pic-4.jpg,https://m.media-amazon.com/images/I/logitech-g-pro-x-superlight-2-dex-pic-5.jpg
214,razer-deathadder-v3-pro,Razer DeathAdder V3 Pro,"<p>Gain the competitive edge with an ultra-precise gaming mouse featuring a top-tier optical sensor, featherweight construction, and fully programmable RGB customization.</p><ul><li>High-precision optical sensor up to 36,000 DPI</li><li>Ultra-lightweight honeycomb shell design under 70g</li><li>Up to 8 programmable buttons with onboard macro memory</li><li>Per-zone RGB lighting with full software customization</li><li>2.4GHz wireless with up to 70-hour battery life</li></ul>",Razer,Electronics > Video Games > Gaming,Gaming Mouse,"[""razer"",""wireless"",""ergonomic""]",149.0,,,,Razer DeathAdder V3 Pro | AllGoodsCo Electronics,"Gain the competitive edge with an ultra-precise gaming mouse featuring a top-tier optical sensor, featherweight construction, and fully programmable RGB cu",True,False,"""2026-07-28T01:07:39.359Z""","""2026-07-28T01:07:39.359Z""",https://m.media-amazon.com/images/I/razer-deathadder-v3-pro-pic-1.jpg,https://m.media-amazon.com/images/I/razer-deathadder-v3-pro-pic-2.jpg,https://m.media-amazon.com/images/I/razer-deathadder-v3-pro-pic-3.jpg,https://m.media-amazon.com/images/I/razer-deathadder-v3-pro-pic-4.jpg,https://m.media-amazon.com/images/I/razer-deathadder-v3-pro-pic-5.jpg
215,steelseries-aerox-5-wireless,SteelSeries Aerox 5 Wireless,"<p>Gain the competitive edge with an ultra-precise gaming mouse featuring a top-tier optical sensor, featherweight construction, and fully programmable RGB customization.</p><ul><li>High-precision optical sensor up to 36,000 DPI</li><li>Ultra-lightweight honeycomb shell design under 70g</li><li>Up to 8 programmable buttons with onboard macro memory</li><li>Per-zone RGB lighting with full software customization</li><li>2.4GHz wireless with up to 70-hour battery life</li></ul>",SteelSeries,Electronics > Video Games > Gaming,Gaming Mouse,"[""steelseries"",""wireless""]",139.0,,,,SteelSeries Aerox 5 Wireless | AllGoodsCo Electronics,"Gain the competitive edge with an ultra-precise gaming mouse featuring a top-tier optical sensor, featherweight construction, and fully programmable RGB cu",True,False,"""2026-07-28T01:07:39.365Z""","""2026-07-28T01:07:39.365Z""",https://m.media-amazon.com/images/I/steelseries-aerox-5-wireless-pic-1.jpg,https://m.media-amazon.com/images/I/steelseries-aerox-5-wireless-pic-2.jpg,https://m.media-amazon.com/images/I/steelseries-aerox-5-wireless-pic-3.jpg,https://m.media-amazon.com/images/I/steelseries-aerox-5-wireless-pic-4.jpg,https://m.media-amazon.com/images/I/steelseries-aerox-5-wireless-pic-5.jpg
216,corsair-dark-core-rgb-pro-se,Corsair Dark Core RGB Pro SE,"<p>Gain the competitive edge with an ultra-precise gaming mouse featuring a top-tier optical sensor, featherweight construction, and fully programmable RGB customization.</p><ul><li>High-precision optical sensor up to 36,000 DPI</li><li>Ultra-lightweight honeycomb shell design under 70g</li><li>Up to 8 programmable buttons with onboard macro memory</li><li>Per-zone RGB lighting with full software customization</li><li>2.4GHz wireless with up to 70-hour battery life</li></ul>",Corsair,Electronics > Video Games > Gaming,Gaming Mouse,"[""corsair"",""wireless"",""ergonomic""]",89.0,,,,Corsair Dark Core RGB Pro SE | AllGoodsCo Electronics,"Gain the competitive edge with an ultra-precise gaming mouse featuring a top-tier optical sensor, featherweight construction, and fully programmable RGB cu",True,False,"""2026-07-28T01:07:39.368Z""","""2026-07-28T01:07:39.368Z""",https://m.media-amazon.com/images/I/corsair-dark-core-rgb-pro-se-pic-1.jpg,https://m.media-amazon.com/images/I/corsair-dark-core-rgb-pro-se-pic-2.jpg,https://m.media-amazon.com/images/I/corsair-dark-core-rgb-pro-se-pic-3.jpg,https://m.media-amazon.com/images/I/corsair-dark-core-rgb-pro-se-pic-4.jpg,https://m.media-amazon.com/images/I/corsair-dark-core-rgb-pro-se-pic-5.jpg
217,logitech-g915-tkl-lightspeed,Logitech G915 TKL Lightspeed,"<p>Elevate your typing and gaming with a full-featured performance keyboard built for precision, responsiveness, and customizable RGB illumination.</p><ul><li>Mechanical switches for satisfying tactile keystrokes</li><li>Per-key RGB backlighting with 16.8 million color combinations</li><li>N-key rollover and anti-ghosting for zero missed inputs</li><li>Detachable braided USB-C cable for clean desk management</li><li>Onboard memory stores up to 5 custom profiles</li></ul>",Logitech,Electronics > Video Games > Gaming,Keyboard,"[""logitech"",""wireless"",""RGB"",""TKL""]",229.0,,,,Logitech G915 TKL Lightspeed | AllGoodsCo Electronics,"Elevate your typing and gaming with a full-featured performance keyboard built for precision, responsiveness, and customizable RGB illumination. Mechanical",True,False,"""2026-07-28T01:07:39.370Z""","""2026-07-28T01:07:39.370Z""",https://m.media-amazon.com/images/I/logitech-g915-tkl-lightspeed-pic-1.jpg,https://m.media-amazon.com/images/I/logitech-g915-tkl-lightspeed-pic-2.jpg,https://m.media-amazon.com/images/I/logitech-g915-tkl-lightspeed-pic-3.jpg,https://m.media-amazon.com/images/I/logitech-g915-tkl-lightspeed-pic-4.jpg,https://m.media-amazon.com/images/I/logitech-g915-tkl-lightspeed-pic-5.jpg
218,razer-huntsman-v3-pro,Razer Huntsman V3 Pro,"<p>Craft your perfect typing and gaming experience with a premium mechanical keyboard featuring hot-swappable switches, durable PBT keycaps, and full per-key RGB illumination.</p><ul><li>Hot-swappable switch sockets — change switches without soldering</li><li>PBT double-shot keycaps for lasting legends and satisfying texture</li><li>Gasket-mounted PCB for a premium cushioned typing feel</li><li>Full per-key RGB with dynamic lighting effects and software control</li><li>USB-C connectivity with 1000Hz polling rate</li></ul>",Razer,Electronics > Video Games > Gaming,Mechanical Keyboard,"[""razer"",""analog"",""RGB""]",199.0,,,,Razer Huntsman V3 Pro | AllGoodsCo Electronics,"Craft your perfect typing and gaming experience with a premium mechanical keyboard featuring hot-swappable switches, durable PBT keycaps, and full per-key",True,False,"""2026-07-28T01:07:39.374Z""","""2026-07-28T01:07:39.374Z""",https://m.media-amazon.com/images/I/razer-huntsman-v3-pro-pic-1.jpg,https://m.media-amazon.com/images/I/razer-huntsman-v3-pro-pic-2.jpg,https://m.media-amazon.com/images/I/razer-huntsman-v3-pro-pic-3.jpg,https://m.media-amazon.com/images/I/razer-huntsman-v3-pro-pic-4.jpg,https://m.media-amazon.com/images/I/razer-huntsman-v3-pro-pic-5.jpg
219,steelseries-apex-pro-tkl-wireless,SteelSeries Apex Pro TKL Wireless,"<p>Craft your perfect typing and gaming experience with a premium mechanical keyboard featuring hot-swappable switches, durable PBT keycaps, and full per-key RGB illumination.</p><ul><li>Hot-swappable switch sockets — change switches without soldering</li><li>PBT double-shot keycaps for lasting legends and satisfying texture</li><li>Gasket-mounted PCB for a premium cushioned typing feel</li><li>Full per-key RGB with dynamic lighting effects and software control</li><li>USB-C connectivity with 1000Hz polling rate</li></ul>",SteelSeries,Electronics > Video Games > Gaming,Mechanical Keyboard,"[""steelseries"",""wireless"",""OmniPoint""]",219.0,,,,SteelSeries Apex Pro TKL Wireless | AllGoodsCo Electronics,"Craft your perfect typing and gaming experience with a premium mechanical keyboard featuring hot-swappable switches, durable PBT keycaps, and full per-key",True,False,"""2026-07-28T01:07:39.376Z""","""2026-07-28T01:07:39.376Z""",https://m.media-amazon.com/images/I/steelseries-apex-pro-tkl-wireless-pic-1.jpg,https://m.media-amazon.com/images/I/steelseries-apex-pro-tkl-wireless-pic-2.jpg,https://m.media-amazon.com/images/I/steelseries-apex-pro-tkl-wireless-pic-3.jpg,https://m.media-amazon.com/images/I/steelseries-apex-pro-tkl-wireless-pic-4.jpg,https://m.media-amazon.com/images/I/steelseries-apex-pro-tkl-wireless-pic-5.jpg
220,hyperx-alloy-origins-65,HyperX Alloy Origins 65,"<p>Craft your perfect typing and gaming experience with a premium mechanical keyboard featuring hot-swappable switches, durable PBT keycaps, and full per-key RGB illumination.</p><ul><li>Hot-swappable switch sockets — change switches without soldering</li><li>PBT double-shot keycaps for lasting legends and satisfying texture</li><li>Gasket-mounted PCB for a premium cushioned typing feel</li><li>Full per-key RGB with dynamic lighting effects and software control</li><li>USB-C connectivity with 1000Hz polling rate</li></ul>",HyperX,Electronics > Video Games > Gaming,Mechanical Keyboard,"[""hyperx"",""compact"",""RGB""]",109.0,,,,HyperX Alloy Origins 65 | AllGoodsCo Electronics,"Craft your perfect typing and gaming experience with a premium mechanical keyboard featuring hot-swappable switches, durable PBT keycaps, and full per-key",True,False,"""2026-07-28T01:07:39.378Z""","""2026-07-28T01:07:39.378Z""",https://m.media-amazon.com/images/I/hyperx-alloy-origins-65-pic-1.jpg,https://m.media-amazon.com/images/I/hyperx-alloy-origins-65-pic-2.jpg,https://m.media-amazon.com/images/I/hyperx-alloy-origins-65-pic-3.jpg,https://m.media-amazon.com/images/I/hyperx-alloy-origins-65-pic-4.jpg,https://m.media-amazon.com/images/I/hyperx-alloy-origins-65-pic-5.jpg
221,steelseries-arctis-nova-pro-wireless,SteelSeries Arctis Nova Pro Wireless,"<p>Dominate every match with a precision gaming headset engineered for crystal-clear communication and immersive surround sound that puts you right inside the action.</p><ul><li>Virtual 7.1 surround sound for precise positional audio</li><li>High-fidelity noise-filtering detachable microphone</li><li>Premium 50mm neodymium drivers for rich detailed sound</li><li>Memory foam ear cushions for extended gaming comfort</li><li>Compatible with PC, PlayStation, Xbox, and Nintendo Switch</li></ul>",SteelSeries,Electronics > Video Games > Gaming,Headset,"[""steelseries"",""wireless"",""ANC""]",349.0,,,,SteelSeries Arctis Nova Pro Wireless | AllGoodsCo Electronics,Dominate every match with a precision gaming headset engineered for crystal-clear communication and immersive surround sound that puts you right inside the,True,False,"""2026-07-28T01:07:39.380Z""","""2026-07-28T01:07:39.380Z""",https://m.media-amazon.com/images/I/steelseries-arctis-nova-pro-wireless-pic-1.jpg,https://m.media-amazon.com/images/I/steelseries-arctis-nova-pro-wireless-pic-2.jpg,https://m.media-amazon.com/images/I/steelseries-arctis-nova-pro-wireless-pic-3.jpg,https://m.media-amazon.com/images/I/steelseries-arctis-nova-pro-wireless-pic-4.jpg,https://m.media-amazon.com/images/I/steelseries-arctis-nova-pro-wireless-pic-5.jpg
222,hyperx-cloud-alpha-wireless,HyperX Cloud Alpha Wireless,"<p>Dominate every match with a precision gaming headset engineered for crystal-clear communication and immersive surround sound that puts you right inside the action.</p><ul><li>Virtual 7.1 surround sound for precise positional audio</li><li>High-fidelity noise-filtering detachable microphone</li><li>Premium 50mm neodymium drivers for rich detailed sound</li><li>Memory foam ear cushions for extended gaming comfort</li><li>Compatible with PC, PlayStation, Xbox, and Nintendo Switch</li></ul>",HyperX,Electronics > Video Games > Gaming,Headset,"[""hyperx"",""wireless"",""300h-battery""]",199.0,,,,HyperX Cloud Alpha Wireless | AllGoodsCo Electronics,Dominate every match with a precision gaming headset engineered for crystal-clear communication and immersive surround sound that puts you right inside the,True,False,"""2026-07-28T01:07:39.383Z""","""2026-07-28T01:07:39.383Z""",https://m.media-amazon.com/images/I/hyperx-cloud-alpha-wireless-pic-1.jpg,https://m.media-amazon.com/images/I/hyperx-cloud-alpha-wireless-pic-2.jpg,https://m.media-amazon.com/images/I/hyperx-cloud-alpha-wireless-pic-3.jpg,https://m.media-amazon.com/images/I/hyperx-cloud-alpha-wireless-pic-4.jpg,https://m.media-amazon.com/images/I/hyperx-cloud-alpha-wireless-pic-5.jpg
223,razer-blackshark-v2-pro-2024,Razer BlackShark V2 Pro (2024),"<p>Dominate every match with a precision gaming headset engineered for crystal-clear communication and immersive surround sound that puts you right inside the action.</p><ul><li>Virtual 7.1 surround sound for precise positional audio</li><li>High-fidelity noise-filtering detachable microphone</li><li>Premium 50mm neodymium drivers for rich detailed sound</li><li>Memory foam ear cushions for extended gaming comfort</li><li>Compatible with PC, PlayStation, Xbox, and Nintendo Switch</li></ul>",Razer,Electronics > Video Games > Gaming,Headset,"[""razer"",""wireless"",""esports""]",179.0,,,,Razer BlackShark V2 Pro (2024) | AllGoodsCo Electronics,Dominate every match with a precision gaming headset engineered for crystal-clear communication and immersive surround sound that puts you right inside the,True,False,"""2026-07-28T01:07:39.385Z""","""2026-07-28T01:07:39.385Z""",https://m.media-amazon.com/images/I/razer-blackshark-v2-pro-2024-pic-1.jpg,https://m.media-amazon.com/images/I/razer-blackshark-v2-pro-2024-pic-2.jpg,https://m.media-amazon.com/images/I/razer-blackshark-v2-pro-2024-pic-3.jpg,https://m.media-amazon.com/images/I/razer-blackshark-v2-pro-2024-pic-4.jpg,https://m.media-amazon.com/images/I/razer-blackshark-v2-pro-2024-pic-5.jpg
224,logitech-g735-lightspeed,Logitech G735 Lightspeed,"<p>Dominate every match with a precision gaming headset engineered for crystal-clear communication and immersive surround sound that puts you right inside the action.</p><ul><li>Virtual 7.1 surround sound for precise positional audio</li><li>High-fidelity noise-filtering detachable microphone</li><li>Premium 50mm neodymium drivers for rich detailed sound</li><li>Memory foam ear cushions for extended gaming comfort</li><li>Compatible with PC, PlayStation, Xbox, and Nintendo Switch</li></ul>",Logitech,Electronics > Video Games > Gaming,Headset,"[""logitech"",""wireless"",""RGB""]",229.0,,,,Logitech G735 Lightspeed | AllGoodsCo Electronics,Dominate every match with a precision gaming headset engineered for crystal-clear communication and immersive surround sound that puts you right inside the,True,False,"""2026-07-28T01:07:39.387Z""","""2026-07-28T01:07:39.387Z""",https://m.media-amazon.com/images/I/logitech-g735-lightspeed-pic-1.jpg,https://m.media-amazon.com/images/I/logitech-g735-lightspeed-pic-2.jpg,https://m.media-amazon.com/images/I/logitech-g735-lightspeed-pic-3.jpg,https://m.media-amazon.com/images/I/logitech-g735-lightspeed-pic-4.jpg,https://m.media-amazon.com/images/I/logitech-g735-lightspeed-pic-5.jpg
225,corsair-k100-rgb,Corsair K100 RGB,"<p>Craft your perfect typing and gaming experience with a premium mechanical keyboard featuring hot-swappable switches, durable PBT keycaps, and full per-key RGB illumination.</p><ul><li>Hot-swappable switch sockets — change switches without soldering</li><li>PBT double-shot keycaps for lasting legends and satisfying texture</li><li>Gasket-mounted PCB for a premium cushioned typing feel</li><li>Full per-key RGB with dynamic lighting effects and software control</li><li>USB-C connectivity with 1000Hz polling rate</li></ul>",Corsair,Electronics > Video Games > Gaming,Mechanical Keyboard,"[""corsair"",""flagship"",""optical""]",229.0,,,,Corsair K100 RGB | AllGoodsCo Electronics,"Craft your perfect typing and gaming experience with a premium mechanical keyboard featuring hot-swappable switches, durable PBT keycaps, and full per-key",True,False,"""2026-07-28T01:07:39.390Z""","""2026-07-28T01:07:39.390Z""",https://m.media-amazon.com/images/I/corsair-k100-rgb-pic-1.jpg,https://m.media-amazon.com/images/I/corsair-k100-rgb-pic-2.jpg,https://m.media-amazon.com/images/I/corsair-k100-rgb-pic-3.jpg,https://m.media-amazon.com/images/I/corsair-k100-rgb-pic-4.jpg,https://m.media-amazon.com/images/I/corsair-k100-rgb-pic-5.jpg
226,keychron-q6-pro,Keychron Q6 Pro,"<p>Craft your perfect typing and gaming experience with a premium mechanical keyboard featuring hot-swappable switches, durable PBT keycaps, and full per-key RGB illumination.</p><ul><li>Hot-swappable switch sockets — change switches without soldering</li><li>PBT double-shot keycaps for lasting legends and satisfying texture</li><li>Gasket-mounted PCB for a premium cushioned typing feel</li><li>Full per-key RGB with dynamic lighting effects and software control</li><li>USB-C connectivity with 1000Hz polling rate</li></ul>",Keychron,Electronics > Video Games > Gaming,Mechanical Keyboard,"[""keychron"",""QMK"",""hot-swap"",""wireless""]",199.0,,,,Keychron Q6 Pro | AllGoodsCo Electronics,"Craft your perfect typing and gaming experience with a premium mechanical keyboard featuring hot-swappable switches, durable PBT keycaps, and full per-key",True,False,"""2026-07-28T01:07:39.393Z""","""2026-07-28T01:07:39.393Z""",https://m.media-amazon.com/images/I/keychron-q6-pro-pic-1.jpg,https://m.media-amazon.com/images/I/keychron-q6-pro-pic-2.jpg,https://m.media-amazon.com/images/I/keychron-q6-pro-pic-3.jpg,https://m.media-amazon.com/images/I/keychron-q6-pro-pic-4.jpg,https://m.media-amazon.com/images/I/keychron-q6-pro-pic-5.jpg
227,glorious-model-o-2-wireless,Glorious Model O 2 Wireless,"<p>Gain the competitive edge with an ultra-precise gaming mouse featuring a top-tier optical sensor, featherweight construction, and fully programmable RGB customization.</p><ul><li>High-precision optical sensor up to 36,000 DPI</li><li>Ultra-lightweight honeycomb shell design under 70g</li><li>Up to 8 programmable buttons with onboard macro memory</li><li>Per-zone RGB lighting with full software customization</li><li>2.4GHz wireless with up to 70-hour battery life</li></ul>",Glorious,Electronics > Video Games > Gaming,Gaming Mouse,"[""glorious"",""lightweight"",""wireless""]",79.0,,,,Glorious Model O 2 Wireless | AllGoodsCo Electronics,"Gain the competitive edge with an ultra-precise gaming mouse featuring a top-tier optical sensor, featherweight construction, and fully programmable RGB cu",True,False,"""2026-07-28T01:07:39.395Z""","""2026-07-28T01:07:39.395Z""",https://m.media-amazon.com/images/I/glorious-model-o-2-wireless-pic-1.jpg,https://m.media-amazon.com/images/I/glorious-model-o-2-wireless-pic-2.jpg,https://m.media-amazon.com/images/I/glorious-model-o-2-wireless-pic-3.jpg,https://m.media-amazon.com/images/I/glorious-model-o-2-wireless-pic-4.jpg,https://m.media-amazon.com/images/I/glorious-model-o-2-wireless-pic-5.jpg
228,roccat-kone-xp-air,Roccat Kone XP Air,"<p>Gain the competitive edge with an ultra-precise gaming mouse featuring a top-tier optical sensor, featherweight construction, and fully programmable RGB customization.</p><ul><li>High-precision optical sensor up to 36,000 DPI</li><li>Ultra-lightweight honeycomb shell design under 70g</li><li>Up to 8 programmable buttons with onboard macro memory</li><li>Per-zone RGB lighting with full software customization</li><li>2.4GHz wireless with up to 70-hour battery life</li></ul>",Roccat,Electronics > Video Games > Gaming,Gaming Mouse,"[""roccat"",""wireless"",""RGB""]",119.0,,,,Roccat Kone XP Air | AllGoodsCo Electronics,"Gain the competitive edge with an ultra-precise gaming mouse featuring a top-tier optical sensor, featherweight construction, and fully programmable RGB cu",True,False,"""2026-07-28T01:07:39.398Z""","""2026-07-28T01:07:39.398Z""",https://m.media-amazon.com/images/I/roccat-kone-xp-air-pic-1.jpg,https://m.media-amazon.com/images/I/roccat-kone-xp-air-pic-2.jpg,https://m.media-amazon.com/images/I/roccat-kone-xp-air-pic-3.jpg,https://m.media-amazon.com/images/I/roccat-kone-xp-air-pic-4.jpg,https://m.media-amazon.com/images/I/roccat-kone-xp-air-pic-5.jpg
229,logitech-g-pro-x-2-lightspeed,Logitech G Pro X 2 Lightspeed,"<p>Gain the competitive edge with an ultra-precise gaming mouse featuring a top-tier optical sensor, featherweight construction, and fully programmable RGB customization.</p><ul><li>High-precision optical sensor up to 36,000 DPI</li><li>Ultra-lightweight honeycomb shell design under 70g</li><li>Up to 8 programmable buttons with onboard macro memory</li><li>Per-zone RGB lighting with full software customization</li><li>2.4GHz wireless with up to 70-hour battery life</li></ul>",Logitech,Electronics > Video Games > Gaming,Gaming Mouse,"[""logitech"",""wireless"",""esports""]",249.0,,,,Logitech G Pro X 2 Lightspeed | AllGoodsCo Electronics,"Gain the competitive edge with an ultra-precise gaming mouse featuring a top-tier optical sensor, featherweight construction, and fully programmable RGB cu",True,False,"""2026-07-28T01:07:39.400Z""","""2026-07-28T01:07:39.400Z""",https://m.media-amazon.com/images/I/logitech-g-pro-x-2-lightspeed-pic-1.jpg,https://m.media-amazon.com/images/I/logitech-g-pro-x-2-lightspeed-pic-2.jpg,https://m.media-amazon.com/images/I/logitech-g-pro-x-2-lightspeed-pic-3.jpg,https://m.media-amazon.com/images/I/logitech-g-pro-x-2-lightspeed-pic-4.jpg,https://m.media-amazon.com/images/I/logitech-g-pro-x-2-lightspeed-pic-5.jpg
230,asus-rog-spatha-x-wireless,ASUS ROG Spatha X Wireless,"<p>Gain the competitive edge with an ultra-precise gaming mouse featuring a top-tier optical sensor, featherweight construction, and fully programmable RGB customization.</p><ul><li>High-precision optical sensor up to 36,000 DPI</li><li>Ultra-lightweight honeycomb shell design under 70g</li><li>Up to 8 programmable buttons with onboard macro memory</li><li>Per-zone RGB lighting with full software customization</li><li>2.4GHz wireless with up to 70-hour battery life</li></ul>",ASUS,Electronics > Video Games > Gaming,Gaming Mouse,"[""asus"",""rog"",""MMO"",""RGB""]",149.0,,,,ASUS ROG Spatha X Wireless | AllGoodsCo Electronics,"Gain the competitive edge with an ultra-precise gaming mouse featuring a top-tier optical sensor, featherweight construction, and fully programmable RGB cu",True,False,"""2026-07-28T01:07:39.403Z""","""2026-07-28T01:07:39.403Z""",https://m.media-amazon.com/images/I/asus-rog-spatha-x-wireless-pic-1.jpg,https://m.media-amazon.com/images/I/asus-rog-spatha-x-wireless-pic-2.jpg,https://m.media-amazon.com/images/I/asus-rog-spatha-x-wireless-pic-3.jpg,https://m.media-amazon.com/images/I/asus-rog-spatha-x-wireless-pic-4.jpg,https://m.media-amazon.com/images/I/asus-rog-spatha-x-wireless-pic-5.jpg
231,steelseries-qck-heavy,SteelSeries QcK Heavy,<p>Maximize your precision with a large-format gaming mousepad featuring an optimized tracking surface and non-slip base for consistent performance through any session.</p><ul><li>Micro-textured surface optimized for all sensor types and DPI ranges</li><li>Non-slip natural rubber base grips any desk surface</li><li>Stitched anti-fray edges for long-lasting durability</li><li>XXL size covers the full keyboard and mouse area</li><li>Water-resistant coating for easy cleaning and maintenance</li></ul>,SteelSeries,Electronics > Video Games > Gaming,Gaming Mousepad,"[""steelseries"",""cloth"",""non-slip""]",39.0,,,,SteelSeries QcK Heavy | AllGoodsCo Electronics,Maximize your precision with a large-format gaming mousepad featuring an optimized tracking surface and non-slip base for consistent performance through an,True,False,"""2026-07-28T01:07:39.411Z""","""2026-07-28T01:07:39.411Z""",https://m.media-amazon.com/images/I/steelseries-qck-heavy-pic-1.jpg,https://m.media-amazon.com/images/I/steelseries-qck-heavy-pic-2.jpg,https://m.media-amazon.com/images/I/steelseries-qck-heavy-pic-3.jpg,https://m.media-amazon.com/images/I/steelseries-qck-heavy-pic-4.jpg,https://m.media-amazon.com/images/I/steelseries-qck-heavy-pic-5.jpg
232,hyperx-fury-s-pro-mousepad,HyperX Fury S Pro Mousepad,<p>Maximize your precision with a large-format gaming mousepad featuring an optimized tracking surface and non-slip base for consistent performance through any session.</p><ul><li>Micro-textured surface optimized for all sensor types and DPI ranges</li><li>Non-slip natural rubber base grips any desk surface</li><li>Stitched anti-fray edges for long-lasting durability</li><li>XXL size covers the full keyboard and mouse area</li><li>Water-resistant coating for easy cleaning and maintenance</li></ul>,HyperX,Electronics > Video Games > Gaming,Gaming Mousepad,"[""hyperx"",""cloth"",""stitched""]",29.0,,,,HyperX Fury S Pro Mousepad | AllGoodsCo Electronics,Maximize your precision with a large-format gaming mousepad featuring an optimized tracking surface and non-slip base for consistent performance through an,True,False,"""2026-07-28T01:07:39.415Z""","""2026-07-28T01:07:39.415Z""",https://m.media-amazon.com/images/I/hyperx-fury-s-pro-mousepad-pic-1.jpg,https://m.media-amazon.com/images/I/hyperx-fury-s-pro-mousepad-pic-2.jpg,https://m.media-amazon.com/images/I/hyperx-fury-s-pro-mousepad-pic-3.jpg,https://m.media-amazon.com/images/I/hyperx-fury-s-pro-mousepad-pic-4.jpg,https://m.media-amazon.com/images/I/hyperx-fury-s-pro-mousepad-pic-5.jpg
233,jbl-charge-5,JBL Charge 5,"<p>Bring the party wherever life takes you with powerful Bluetooth audio, all-day battery, and a rugged build that handles anything the outdoors can throw at it.</p><ul><li>360-degree immersive sound with enhanced bass radiator</li><li>Up to 20 hours playtime on a single charge</li><li>IP67 water, dust, and shock resistant for true outdoor use</li><li>Bluetooth 5.3 for stable long-range wireless connection</li><li>Party Link connects 100+ speakers for synchronized playback</li></ul>",JBL,Electronics > Audio > Speakers,Portable Bluetooth Speaker,"[""jbl"",""waterproof"",""IP67""]",199.0,,,,JBL Charge 5 | AllGoodsCo Electronics,"Bring the party wherever life takes you with powerful Bluetooth audio, all-day battery, and a rugged build that handles anything the outdoors can throw at",True,False,"""2026-07-28T01:07:39.418Z""","""2026-07-28T01:07:39.418Z""",https://m.media-amazon.com/images/I/jbl-charge-5-pic-1.jpg,https://m.media-amazon.com/images/I/jbl-charge-5-pic-2.jpg,https://m.media-amazon.com/images/I/jbl-charge-5-pic-3.jpg,https://m.media-amazon.com/images/I/jbl-charge-5-pic-4.jpg,https://m.media-amazon.com/images/I/jbl-charge-5-pic-5.jpg
234,jbl-flip-7,JBL Flip 7,"<p>Bring the party wherever life takes you with powerful Bluetooth audio, all-day battery, and a rugged build that handles anything the outdoors can throw at it.</p><ul><li>360-degree immersive sound with enhanced bass radiator</li><li>Up to 20 hours playtime on a single charge</li><li>IP67 water, dust, and shock resistant for true outdoor use</li><li>Bluetooth 5.3 for stable long-range wireless connection</li><li>Party Link connects 100+ speakers for synchronized playback</li></ul>",JBL,Electronics > Audio > Speakers,Portable Bluetooth Speaker,"[""jbl"",""waterproof"",""IP67""]",149.0,,,,JBL Flip 7 | AllGoodsCo Electronics,"Bring the party wherever life takes you with powerful Bluetooth audio, all-day battery, and a rugged build that handles anything the outdoors can throw at",True,False,"""2026-07-28T01:07:39.423Z""","""2026-07-28T01:07:39.423Z""",https://m.media-amazon.com/images/I/jbl-flip-7-pic-1.jpg,https://m.media-amazon.com/images/I/jbl-flip-7-pic-2.jpg,https://m.media-amazon.com/images/I/jbl-flip-7-pic-3.jpg,https://m.media-amazon.com/images/I/jbl-flip-7-pic-4.jpg,https://m.media-amazon.com/images/I/jbl-flip-7-pic-5.jpg
235,jbl-xtreme-3,JBL Xtreme 3,"<p>Bring the party wherever life takes you with powerful Bluetooth audio, all-day battery, and a rugged build that handles anything the outdoors can throw at it.</p><ul><li>360-degree immersive sound with enhanced bass radiator</li><li>Up to 20 hours playtime on a single charge</li><li>IP67 water, dust, and shock resistant for true outdoor use</li><li>Bluetooth 5.3 for stable long-range wireless connection</li><li>Party Link connects 100+ speakers for synchronized playback</li></ul>",JBL,Electronics > Audio > Speakers,Portable Bluetooth Speaker,"[""jbl"",""outdoor"",""powerful""]",299.0,,,,JBL Xtreme 3 | AllGoodsCo Electronics,"Bring the party wherever life takes you with powerful Bluetooth audio, all-day battery, and a rugged build that handles anything the outdoors can throw at",True,False,"""2026-07-28T01:07:39.426Z""","""2026-07-28T01:07:39.426Z""",https://m.media-amazon.com/images/I/jbl-xtreme-3-pic-1.jpg,https://m.media-amazon.com/images/I/jbl-xtreme-3-pic-2.jpg,https://m.media-amazon.com/images/I/jbl-xtreme-3-pic-3.jpg,https://m.media-amazon.com/images/I/jbl-xtreme-3-pic-4.jpg,https://m.media-amazon.com/images/I/jbl-xtreme-3-pic-5.jpg
236,bose-soundlink-max,Bose SoundLink Max,"<p>Bring the party wherever life takes you with powerful Bluetooth audio, all-day battery, and a rugged build that handles anything the outdoors can throw at it.</p><ul><li>360-degree immersive sound with enhanced bass radiator</li><li>Up to 20 hours playtime on a single charge</li><li>IP67 water, dust, and shock resistant for true outdoor use</li><li>Bluetooth 5.3 for stable long-range wireless connection</li><li>Party Link connects 100+ speakers for synchronized playback</li></ul>",Bose,Electronics > Audio > Speakers,Portable Bluetooth Speaker,"[""bose"",""premium"",""IP67""]",399.0,,,,Bose SoundLink Max | AllGoodsCo Electronics,"Bring the party wherever life takes you with powerful Bluetooth audio, all-day battery, and a rugged build that handles anything the outdoors can throw at",True,False,"""2026-07-28T01:07:39.429Z""","""2026-07-28T01:07:39.429Z""",https://m.media-amazon.com/images/I/bose-soundlink-max-pic-1.jpg,https://m.media-amazon.com/images/I/bose-soundlink-max-pic-2.jpg,https://m.media-amazon.com/images/I/bose-soundlink-max-pic-3.jpg,https://m.media-amazon.com/images/I/bose-soundlink-max-pic-4.jpg,https://m.media-amazon.com/images/I/bose-soundlink-max-pic-5.jpg
237,bose-soundlink-flex-2,Bose SoundLink Flex 2,"<p>Bring the party wherever life takes you with powerful Bluetooth audio, all-day battery, and a rugged build that handles anything the outdoors can throw at it.</p><ul><li>360-degree immersive sound with enhanced bass radiator</li><li>Up to 20 hours playtime on a single charge</li><li>IP67 water, dust, and shock resistant for true outdoor use</li><li>Bluetooth 5.3 for stable long-range wireless connection</li><li>Party Link connects 100+ speakers for synchronized playback</li></ul>",Bose,Electronics > Audio > Speakers,Portable Bluetooth Speaker,"[""bose"",""waterproof"",""outdoor""]",149.0,,,,Bose SoundLink Flex 2 | AllGoodsCo Electronics,"Bring the party wherever life takes you with powerful Bluetooth audio, all-day battery, and a rugged build that handles anything the outdoors can throw at",True,False,"""2026-07-28T01:07:39.434Z""","""2026-07-28T01:07:39.434Z""",https://m.media-amazon.com/images/I/bose-soundlink-flex-2-pic-1.jpg,https://m.media-amazon.com/images/I/bose-soundlink-flex-2-pic-2.jpg,https://m.media-amazon.com/images/I/bose-soundlink-flex-2-pic-3.jpg,https://m.media-amazon.com/images/I/bose-soundlink-flex-2-pic-4.jpg,https://m.media-amazon.com/images/I/bose-soundlink-flex-2-pic-5.jpg
238,marshall-emberton-iii,Marshall Emberton III,"<p>Bring the party wherever life takes you with powerful Bluetooth audio, all-day battery, and a rugged build that handles anything the outdoors can throw at it.</p><ul><li>360-degree immersive sound with enhanced bass radiator</li><li>Up to 20 hours playtime on a single charge</li><li>IP67 water, dust, and shock resistant for true outdoor use</li><li>Bluetooth 5.3 for stable long-range wireless connection</li><li>Party Link connects 100+ speakers for synchronized playback</li></ul>",Marshall,Electronics > Audio > Speakers,Portable Bluetooth Speaker,"[""marshall"",""retro"",""waterproof""]",149.0,,,,Marshall Emberton III | AllGoodsCo Electronics,"Bring the party wherever life takes you with powerful Bluetooth audio, all-day battery, and a rugged build that handles anything the outdoors can throw at",True,False,"""2026-07-28T01:07:39.436Z""","""2026-07-28T01:07:39.436Z""",https://m.media-amazon.com/images/I/marshall-emberton-iii-pic-1.jpg,https://m.media-amazon.com/images/I/marshall-emberton-iii-pic-2.jpg,https://m.media-amazon.com/images/I/marshall-emberton-iii-pic-3.jpg,https://m.media-amazon.com/images/I/marshall-emberton-iii-pic-4.jpg,https://m.media-amazon.com/images/I/marshall-emberton-iii-pic-5.jpg
239,marshall-stanmore-iii,Marshall Stanmore III Bluetooth,"<p>Fill every corner of your home with exceptional concert-quality sound using a complete audio system built for audiophiles who demand the best in home listening.</p><ul><li>Multi-driver configuration for precise full-range audio reproduction</li><li>Supports Wi-Fi, Bluetooth, and wired connectivity options</li><li>Hi-Res Audio: FLAC, ALAC, and DSD playback support</li><li>Multi-room streaming — different music in every room simultaneously</li><li>Works with Alexa, Google Assistant, and Apple AirPlay 2</li></ul>",Marshall,Electronics > Audio > Speakers,Home Audio System,"[""marshall"",""home"",""retro""]",299.0,,,,Marshall Stanmore III Bluetooth | AllGoodsCo Electronics,Fill every corner of your home with exceptional concert-quality sound using a complete audio system built for audiophiles who demand the best in home liste,True,False,"""2026-07-28T01:07:39.439Z""","""2026-07-28T01:07:39.439Z""",https://m.media-amazon.com/images/I/marshall-stanmore-iii-pic-1.jpg,https://m.media-amazon.com/images/I/marshall-stanmore-iii-pic-2.jpg,https://m.media-amazon.com/images/I/marshall-stanmore-iii-pic-3.jpg,https://m.media-amazon.com/images/I/marshall-stanmore-iii-pic-4.jpg,https://m.media-amazon.com/images/I/marshall-stanmore-iii-pic-5.jpg
240,sony-srs-xb100,Sony SRS-XB100,"<p>Bring the party wherever life takes you with powerful Bluetooth audio, all-day battery, and a rugged build that handles anything the outdoors can throw at it.</p><ul><li>360-degree immersive sound with enhanced bass radiator</li><li>Up to 20 hours playtime on a single charge</li><li>IP67 water, dust, and shock resistant for true outdoor use</li><li>Bluetooth 5.3 for stable long-range wireless connection</li><li>Party Link connects 100+ speakers for synchronized playback</li></ul>",Sony,Electronics > Audio > Speakers,Portable Bluetooth Speaker,"[""sony"",""compact"",""waterproof""]",59.0,,,,Sony SRS-XB100 | AllGoodsCo Electronics,"Bring the party wherever life takes you with powerful Bluetooth audio, all-day battery, and a rugged build that handles anything the outdoors can throw at",True,False,"""2026-07-28T01:07:39.444Z""","""2026-07-28T01:07:39.444Z""",https://sony.scene7.com/is/image/sony/sony-srs-xb100-view-1,https://sony.scene7.com/is/image/sony/sony-srs-xb100-view-2,https://sony.scene7.com/is/image/sony/sony-srs-xb100-view-3,https://sony.scene7.com/is/image/sony/sony-srs-xb100-view-4,https://sony.scene7.com/is/image/sony/sony-srs-xb100-view-5
241,ultimate-ears-boom-4,Ultimate Ears BOOM 4,"<p>Bring the party wherever life takes you with powerful Bluetooth audio, all-day battery, and a rugged build that handles anything the outdoors can throw at it.</p><ul><li>360-degree immersive sound with enhanced bass radiator</li><li>Up to 20 hours playtime on a single charge</li><li>IP67 water, dust, and shock resistant for true outdoor use</li><li>Bluetooth 5.3 for stable long-range wireless connection</li><li>Party Link connects 100+ speakers for synchronized playback</li></ul>",Ultimate Ears,Electronics > Audio > Speakers,Portable Bluetooth Speaker,"[""ue"",""360-sound"",""waterproof""]",149.0,,,,Ultimate Ears BOOM 4 | AllGoodsCo Electronics,"Bring the party wherever life takes you with powerful Bluetooth audio, all-day battery, and a rugged build that handles anything the outdoors can throw at",True,False,"""2026-07-28T01:07:39.446Z""","""2026-07-28T01:07:39.446Z""",https://m.media-amazon.com/images/I/ultimate-ears-boom-4-pic-1.jpg,https://m.media-amazon.com/images/I/ultimate-ears-boom-4-pic-2.jpg,https://m.media-amazon.com/images/I/ultimate-ears-boom-4-pic-3.jpg,https://m.media-amazon.com/images/I/ultimate-ears-boom-4-pic-4.jpg,https://m.media-amazon.com/images/I/ultimate-ears-boom-4-pic-5.jpg
242,ultimate-ears-wonderboom-4,Ultimate Ears WONDERBOOM 4,"<p>Bring the party wherever life takes you with powerful Bluetooth audio, all-day battery, and a rugged build that handles anything the outdoors can throw at it.</p><ul><li>360-degree immersive sound with enhanced bass radiator</li><li>Up to 20 hours playtime on a single charge</li><li>IP67 water, dust, and shock resistant for true outdoor use</li><li>Bluetooth 5.3 for stable long-range wireless connection</li><li>Party Link connects 100+ speakers for synchronized playback</li></ul>",Ultimate Ears,Electronics > Audio > Speakers,Portable Bluetooth Speaker,"[""ue"",""compact"",""waterproof""]",99.0,,,,Ultimate Ears WONDERBOOM 4 | AllGoodsCo Electronics,"Bring the party wherever life takes you with powerful Bluetooth audio, all-day battery, and a rugged build that handles anything the outdoors can throw at",True,False,"""2026-07-28T01:07:39.448Z""","""2026-07-28T01:07:39.448Z""",https://m.media-amazon.com/images/I/ultimate-ears-wonderboom-4-pic-1.jpg,https://m.media-amazon.com/images/I/ultimate-ears-wonderboom-4-pic-2.jpg,https://m.media-amazon.com/images/I/ultimate-ears-wonderboom-4-pic-3.jpg,https://m.media-amazon.com/images/I/ultimate-ears-wonderboom-4-pic-4.jpg,https://m.media-amazon.com/images/I/ultimate-ears-wonderboom-4-pic-5.jpg
243,anker-soundcore-motion-x600,Anker Soundcore Motion X600,"<p>Bring the party wherever life takes you with powerful Bluetooth audio, all-day battery, and a rugged build that handles anything the outdoors can throw at it.</p><ul><li>360-degree immersive sound with enhanced bass radiator</li><li>Up to 20 hours playtime on a single charge</li><li>IP67 water, dust, and shock resistant for true outdoor use</li><li>Bluetooth 5.3 for stable long-range wireless connection</li><li>Party Link connects 100+ speakers for synchronized playback</li></ul>",Anker,Electronics > Audio > Speakers,Portable Bluetooth Speaker,"[""anker"",""soundcore"",""spatial-audio""]",109.0,,,,Anker Soundcore Motion X600 | AllGoodsCo Electronics,"Bring the party wherever life takes you with powerful Bluetooth audio, all-day battery, and a rugged build that handles anything the outdoors can throw at",True,False,"""2026-07-28T01:07:39.450Z""","""2026-07-28T01:07:39.450Z""",https://m.media-amazon.com/images/I/anker-soundcore-motion-x600-pic-1.jpg,https://m.media-amazon.com/images/I/anker-soundcore-motion-x600-pic-2.jpg,https://m.media-amazon.com/images/I/anker-soundcore-motion-x600-pic-3.jpg,https://m.media-amazon.com/images/I/anker-soundcore-motion-x600-pic-4.jpg,https://m.media-amazon.com/images/I/anker-soundcore-motion-x600-pic-5.jpg
244,tribit-stormbox-micro-2,Tribit StormBox Micro 2,"<p>Bring the party wherever life takes you with powerful Bluetooth audio, all-day battery, and a rugged build that handles anything the outdoors can throw at it.</p><ul><li>360-degree immersive sound with enhanced bass radiator</li><li>Up to 20 hours playtime on a single charge</li><li>IP67 water, dust, and shock resistant for true outdoor use</li><li>Bluetooth 5.3 for stable long-range wireless connection</li><li>Party Link connects 100+ speakers for synchronized playback</li></ul>",Tribit,Electronics > Audio > Speakers,Portable Bluetooth Speaker,"[""tribit"",""compact"",""clip""]",59.0,,,,Tribit StormBox Micro 2 | AllGoodsCo Electronics,"Bring the party wherever life takes you with powerful Bluetooth audio, all-day battery, and a rugged build that handles anything the outdoors can throw at",True,False,"""2026-07-28T01:07:39.452Z""","""2026-07-28T01:07:39.452Z""",https://m.media-amazon.com/images/I/tribit-stormbox-micro-2-pic-1.jpg,https://m.media-amazon.com/images/I/tribit-stormbox-micro-2-pic-2.jpg,https://m.media-amazon.com/images/I/tribit-stormbox-micro-2-pic-3.jpg,https://m.media-amazon.com/images/I/tribit-stormbox-micro-2-pic-4.jpg,https://m.media-amazon.com/images/I/tribit-stormbox-micro-2-pic-5.jpg
245,sonos-move-2,Sonos Move 2,"<p>Fill every corner of your home with exceptional concert-quality sound using a complete audio system built for audiophiles who demand the best in home listening.</p><ul><li>Multi-driver configuration for precise full-range audio reproduction</li><li>Supports Wi-Fi, Bluetooth, and wired connectivity options</li><li>Hi-Res Audio: FLAC, ALAC, and DSD playback support</li><li>Multi-room streaming — different music in every room simultaneously</li><li>Works with Alexa, Google Assistant, and Apple AirPlay 2</li></ul>",Sonos,Electronics > Audio > Speakers,Home Audio System,"[""sonos"",""portable"",""wifi"",""Dolby-Atmos""]",449.0,,,,Sonos Move 2 | AllGoodsCo Electronics,Fill every corner of your home with exceptional concert-quality sound using a complete audio system built for audiophiles who demand the best in home liste,True,False,"""2026-07-28T01:07:39.455Z""","""2026-07-28T01:07:39.455Z""",https://m.media-amazon.com/images/I/sonos-move-2-pic-1.jpg,https://m.media-amazon.com/images/I/sonos-move-2-pic-2.jpg,https://m.media-amazon.com/images/I/sonos-move-2-pic-3.jpg,https://m.media-amazon.com/images/I/sonos-move-2-pic-4.jpg,https://m.media-amazon.com/images/I/sonos-move-2-pic-5.jpg
246,bang-olufsen-beosound-a1-3rd-gen,B&O Beosound A1 3rd Gen,"<p>Bring the party wherever life takes you with powerful Bluetooth audio, all-day battery, and a rugged build that handles anything the outdoors can throw at it.</p><ul><li>360-degree immersive sound with enhanced bass radiator</li><li>Up to 20 hours playtime on a single charge</li><li>IP67 water, dust, and shock resistant for true outdoor use</li><li>Bluetooth 5.3 for stable long-range wireless connection</li><li>Party Link connects 100+ speakers for synchronized playback</li></ul>",B&O,Electronics > Audio > Speakers,Portable Bluetooth Speaker,"[""bang-olufsen"",""premium"",""luxury""]",299.0,,,,B&O Beosound A1 3rd Gen | AllGoodsCo Electronics,"Bring the party wherever life takes you with powerful Bluetooth audio, all-day battery, and a rugged build that handles anything the outdoors can throw at",True,False,"""2026-07-28T01:07:39.457Z""","""2026-07-28T01:07:39.457Z""",https://m.media-amazon.com/images/I/bang-olufsen-beosound-a1-3rd-gen-pic-1.jpg,https://m.media-amazon.com/images/I/bang-olufsen-beosound-a1-3rd-gen-pic-2.jpg,https://m.media-amazon.com/images/I/bang-olufsen-beosound-a1-3rd-gen-pic-3.jpg,https://m.media-amazon.com/images/I/bang-olufsen-beosound-a1-3rd-gen-pic-4.jpg,https://m.media-amazon.com/images/I/bang-olufsen-beosound-a1-3rd-gen-pic-5.jpg
247,harman-kardon-onyx-studio-8,Harman Kardon Onyx Studio 8,"<p>Fill every corner of your home with exceptional concert-quality sound using a complete audio system built for audiophiles who demand the best in home listening.</p><ul><li>Multi-driver configuration for precise full-range audio reproduction</li><li>Supports Wi-Fi, Bluetooth, and wired connectivity options</li><li>Hi-Res Audio: FLAC, ALAC, and DSD playback support</li><li>Multi-room streaming — different music in every room simultaneously</li><li>Works with Alexa, Google Assistant, and Apple AirPlay 2</li></ul>",Harman,Electronics > Audio > Speakers,Home Audio System,"[""harman-kardon"",""premium"",""wireless""]",399.0,,,,Harman Kardon Onyx Studio 8 | AllGoodsCo Electronics,Fill every corner of your home with exceptional concert-quality sound using a complete audio system built for audiophiles who demand the best in home liste,True,False,"""2026-07-28T01:07:39.459Z""","""2026-07-28T01:07:39.459Z""",https://m.media-amazon.com/images/I/harman-kardon-onyx-studio-8-pic-1.jpg,https://m.media-amazon.com/images/I/harman-kardon-onyx-studio-8-pic-2.jpg,https://m.media-amazon.com/images/I/harman-kardon-onyx-studio-8-pic-3.jpg,https://m.media-amazon.com/images/I/harman-kardon-onyx-studio-8-pic-4.jpg,https://m.media-amazon.com/images/I/harman-kardon-onyx-studio-8-pic-5.jpg
248,treblab-hd-max,Treblab HD-Max,"<p>Bring the party wherever life takes you with powerful Bluetooth audio, all-day battery, and a rugged build that handles anything the outdoors can throw at it.</p><ul><li>360-degree immersive sound with enhanced bass radiator</li><li>Up to 20 hours playtime on a single charge</li><li>IP67 water, dust, and shock resistant for true outdoor use</li><li>Bluetooth 5.3 for stable long-range wireless connection</li><li>Party Link connects 100+ speakers for synchronized playback</li></ul>",Treblab,Electronics > Audio > Speakers,Portable Bluetooth Speaker,"[""treblab"",""outdoor"",""rugged""]",89.0,,,,Treblab HD-Max | AllGoodsCo Electronics,"Bring the party wherever life takes you with powerful Bluetooth audio, all-day battery, and a rugged build that handles anything the outdoors can throw at",True,False,"""2026-07-28T01:07:39.464Z""","""2026-07-28T01:07:39.464Z""",https://m.media-amazon.com/images/I/treblab-hd-max-pic-1.jpg,https://m.media-amazon.com/images/I/treblab-hd-max-pic-2.jpg,https://m.media-amazon.com/images/I/treblab-hd-max-pic-3.jpg,https://m.media-amazon.com/images/I/treblab-hd-max-pic-4.jpg,https://m.media-amazon.com/images/I/treblab-hd-max-pic-5.jpg
249,jbl-partybox-310,JBL PartyBox 310,"<p>Fill every corner of your home with exceptional concert-quality sound using a complete audio system built for audiophiles who demand the best in home listening.</p><ul><li>Multi-driver configuration for precise full-range audio reproduction</li><li>Supports Wi-Fi, Bluetooth, and wired connectivity options</li><li>Hi-Res Audio: FLAC, ALAC, and DSD playback support</li><li>Multi-room streaming — different music in every room simultaneously</li><li>Works with Alexa, Google Assistant, and Apple AirPlay 2</li></ul>",JBL,Electronics > Audio > Speakers,Home Audio System,"[""jbl"",""partybox"",""party"",""light-show""]",399.0,,,,JBL PartyBox 310 | AllGoodsCo Electronics,Fill every corner of your home with exceptional concert-quality sound using a complete audio system built for audiophiles who demand the best in home liste,True,False,"""2026-07-28T01:07:39.468Z""","""2026-07-28T01:07:39.468Z""",https://m.media-amazon.com/images/I/jbl-partybox-310-pic-1.jpg,https://m.media-amazon.com/images/I/jbl-partybox-310-pic-2.jpg,https://m.media-amazon.com/images/I/jbl-partybox-310-pic-3.jpg,https://m.media-amazon.com/images/I/jbl-partybox-310-pic-4.jpg,https://m.media-amazon.com/images/I/jbl-partybox-310-pic-5.jpg
250,sony-srs-xg500,Sony SRS-XG500,"<p>Bring the party wherever life takes you with powerful Bluetooth audio, all-day battery, and a rugged build that handles anything the outdoors can throw at it.</p><ul><li>360-degree immersive sound with enhanced bass radiator</li><li>Up to 20 hours playtime on a single charge</li><li>IP67 water, dust, and shock resistant for true outdoor use</li><li>Bluetooth 5.3 for stable long-range wireless connection</li><li>Party Link connects 100+ speakers for synchronized playback</li></ul>",Sony,Electronics > Audio > Speakers,Portable Bluetooth Speaker,"[""sony"",""outdoor"",""powerful""]",349.0,,,,Sony SRS-XG500 | AllGoodsCo Electronics,"Bring the party wherever life takes you with powerful Bluetooth audio, all-day battery, and a rugged build that handles anything the outdoors can throw at",True,False,"""2026-07-28T01:07:39.471Z""","""2026-07-28T01:07:39.471Z""",https://sony.scene7.com/is/image/sony/sony-srs-xg500-view-1,https://sony.scene7.com/is/image/sony/sony-srs-xg500-view-2,https://sony.scene7.com/is/image/sony/sony-srs-xg500-view-3,https://sony.scene7.com/is/image/sony/sony-srs-xg500-view-4,https://sony.scene7.com/is/image/sony/sony-srs-xg500-view-5
1000,sony-x522-sk-soundbar-system,Sony X522-SK Soundbar System,"<p>Experience the ultimate in tv & home theater with the Sony X522-SK Soundbar System. Designed for performance and style, this product offers cutting-edge technology and premium features.</p><ul><li>High-performance hardware for seamless operation</li><li>Elegant design that fits any lifestyle</li><li>Industry-leading reliability and support</li></ul>",Sony,TV & Home Theater,TV,"[""tv"", ""trending"", ""2026"", ""electronics""]",652.25,782.7,https://m.media-amazon.com/images/I/sony-x522-sk-soundbar-system-pic-1.jpg,Sony X522-SK Soundbar System,Sony X522-SK Soundbar System | Top Rated TV & Home Theater,Buy the Sony X522-SK Soundbar System at the best price. High-quality tv & home theater product with top-tier features and 2026 technology.,True,False,2026-07-28T06:30:00.000Z,2026-07-28T06:30:00.000Z,https://m.media-amazon.com/images/I/sony-x522-sk-soundbar-system-pic-1.jpg,https://m.media-amazon.com/images/I/sony-x522-sk-soundbar-system-pic-2.jpg,https://m.media-amazon.com/images/I/sony-x522-sk-soundbar-system-pic-3.jpg,https://m.media-amazon.com/images/I/sony-x522-sk-soundbar-system-pic-4.jpg,https://m.media-amazon.com/images/I/sony-x522-sk-soundbar-system-pic-5.jpg
1001,vizio-x252-zw-qled-smart-tv,Vizio X252-ZW QLED Smart TV,"<p>Experience the ultimate in tv & home theater with the Vizio X252-ZW QLED Smart TV. Designed for performance and style, this product offers cutting-edge technology and premium features.</p><ul><li>High-performance hardware for seamless operation</li><li>Elegant design that fits any lifestyle</li><li>Industry-leading reliability and support</li></ul>",Vizio,TV & Home Theater,TV,"[""tv"", ""trending"", ""2026"", ""electronics""]",2515.35,3018.42,https://m.media-amazon.com/images/I/vizio-x252-zw-qled-smart-tv-pic-1.jpg,Vizio X252-ZW QLED Smart TV,Vizio X252-ZW QLED Smart TV | Top Rated TV & Home Theater,Buy the Vizio X252-ZW QLED Smart TV at the best price. High-quality tv & home theater product with top-tier features and 2026 technology.,True,False,2026-07-28T06:30:00.000Z,2026-07-28T06:30:00.000Z,https://m.media-amazon.com/images/I/vizio-x252-zw-qled-smart-tv-pic-1.jpg,https://m.media-amazon.com/images/I/vizio-x252-zw-qled-smart-tv-pic-2.jpg,https://m.media-amazon.com/images/I/vizio-x252-zw-qled-smart-tv-pic-3.jpg,https://m.media-amazon.com/images/I/vizio-x252-zw-qled-smart-tv-pic-4.jpg,https://m.media-amazon.com/images/I/vizio-x252-zw-qled-smart-tv-pic-5.jpg
1002,hisense-x786-nx-mini-led-4k-tv,Hisense X786-NX Mini-LED 4K TV,"<p>Experience the ultimate in tv & home theater with the Hisense X786-NX Mini-LED 4K TV. Designed for performance and style, this product offers cutting-edge technology and premium features.</p><ul><li>High-performance hardware for seamless operation</li><li>Elegant design that fits any lifestyle</li><li>Industry-leading reliability and support</li></ul>",Hisense,TV & Home Theater,TV,"[""tv"", ""trending"", ""2026"", ""electronics""]",2093.04,2511.65,https://m.media-amazon.com/images/I/hisense-x786-nx-mini-led-4k-tv-pic-1.jpg,Hisense X786-NX Mini-LED 4K TV,Hisense X786-NX Mini-LED 4K TV | Top Rated TV & Home Theater,Buy the Hisense X786-NX Mini-LED 4K TV at the best price. High-quality tv & home theater product with top-tier features and 2026 technology.,True,True,2026-07-28T06:30:00.000Z,2026-07-28T06:30:00.000Z,https://m.media-amazon.com/images/I/hisense-x786-nx-mini-led-4k-tv-pic-1.jpg,https://m.media-amazon.com/images/I/hisense-x786-nx-mini-led-4k-tv-pic-2.jpg,https://m.media-amazon.com/images/I/hisense-x786-nx-mini-led-4k-tv-pic-3.jpg,https://m.media-amazon.com/images/I/hisense-x786-nx-mini-led-4k-tv-pic-4.jpg,https://m.media-amazon.com/images/I/hisense-x786-nx-mini-led-4k-tv-pic-5.jpg
1003,hisense-x705-ao-qled-smart-tv,Hisense X705-AO QLED Smart TV,"<p>Experience the ultimate in tv & home theater with the Hisense X705-AO QLED Smart TV. Designed for performance and style, this product offers cutting-edge technology and premium features.</p><ul><li>High-performance hardware for seamless operation</li><li>Elegant design that fits any lifestyle</li><li>Industry-leading reliability and support</li></ul>",Hisense,TV & Home Theater,TV,"[""tv"", ""trending"", ""2026"", ""electronics""]",2315.48,2778.58,https://m.media-amazon.com/images/I/hisense-x705-ao-qled-smart-tv-pic-1.jpg,Hisense X705-AO QLED Smart TV,Hisense X705-AO QLED Smart TV | Top Rated TV & Home Theater,Buy the Hisense X705-AO QLED Smart TV at the best price. High-quality tv & home theater product with top-tier features and 2026 technology.,True,False,2026-07-28T06:30:00.000Z,2026-07-28T06:30:00.000Z,https://m.media-amazon.com/images/I/hisense-x705-ao-qled-smart-tv-pic-1.jpg,https://m.media-amazon.com/images/I/hisense-x705-ao-qled-smart-tv-pic-2.jpg,https://m.media-amazon.com/images/I/hisense-x705-ao-qled-smart-tv-pic-3.jpg,https://m.media-amazon.com/images/I/hisense-x705-ao-qled-smart-tv-pic-4.jpg,https://m.media-amazon.com/images/I/hisense-x705-ao-qled-smart-tv-pic-5.jpg
1004,vizio-x262-wr-mini-led-4k-tv,Vizio X262-WR Mini-LED 4K TV,"<p>Experience the ultimate in tv & home theater with the Vizio X262-WR Mini-LED 4K TV. Designed for performance and style, this product offers cutting-edge technology and premium features.</p><ul><li>High-performance hardware for seamless operation</li><li>Elegant design that fits any lifestyle</li><li>Industry-leading reliability and support</li></ul>",Vizio,TV & Home Theater,TV,"[""tv"", ""trending"", ""2026"", ""electronics""]",2802.52,3363.02,https://m.media-amazon.com/images/I/vizio-x262-wr-mini-led-4k-tv-pic-1.jpg,Vizio X262-WR Mini-LED 4K TV,Vizio X262-WR Mini-LED 4K TV | Top Rated TV & Home Theater,Buy the Vizio X262-WR Mini-LED 4K TV at the best price. High-quality tv & home theater product with top-tier features and 2026 technology.,True,False,2026-07-28T06:30:00.000Z,2026-07-28T06:30:00.000Z,https://m.media-amazon.com/images/I/vizio-x262-wr-mini-led-4k-tv-pic-1.jpg,https://m.media-amazon.com/images/I/vizio-x262-wr-mini-led-4k-tv-pic-2.jpg,https://m.media-amazon.com/images/I/vizio-x262-wr-mini-led-4k-tv-pic-3.jpg,https://m.media-amazon.com/images/I/vizio-x262-wr-mini-led-4k-tv-pic-4.jpg,https://m.media-amazon.com/images/I/vizio-x262-wr-mini-led-4k-tv-pic-5.jpg
1005,tcl-x874-vd-mini-led-4k-tv,TCL X874-VD Mini-LED 4K TV,"<p>Experience the ultimate in tv & home theater with the TCL X874-VD Mini-LED 4K TV. Designed for performance and style, this product offers cutting-edge technology and premium features.</p><ul><li>High-performance hardware for seamless operation</li><li>Elegant design that fits any lifestyle</li><li>Industry-leading reliability and support</li></ul>",TCL,TV & Home Theater,TV,"[""tv"", ""trending"", ""2026"", ""electronics""]",1026.72,1232.06,https://m.media-amazon.com/images/I/tcl-x874-vd-mini-led-4k-tv-pic-1.jpg,TCL X874-VD Mini-LED 4K TV,TCL X874-VD Mini-LED 4K TV | Top Rated TV & Home Theater,Buy the TCL X874-VD Mini-LED 4K TV at the best price. High-quality tv & home theater product with top-tier features and 2026 technology.,True,False,2026-07-28T06:30:00.000Z,2026-07-28T06:30:00.000Z,https://m.media-amazon.com/images/I/tcl-x874-vd-mini-led-4k-tv-pic-1.jpg,https://m.media-amazon.com/images/I/tcl-x874-vd-mini-led-4k-tv-pic-2.jpg,https://m.media-amazon.com/images/I/tcl-x874-vd-mini-led-4k-tv-pic-3.jpg,https://m.media-amazon.com/images/I/tcl-x874-vd-mini-led-4k-tv-pic-4.jpg,https://m.media-amazon.com/images/I/tcl-x874-vd-mini-led-4k-tv-pic-5.jpg
1006,lg-x193-fk-qled-smart-tv,LG X193-FK QLED Smart TV,"<p>Experience the ultimate in tv & home theater with the LG X193-FK QLED Smart TV. Designed for performance and style, this product offers cutting-edge technology and premium features.</p><ul><li>High-performance hardware for seamless operation</li><li>Elegant design that fits any lifestyle</li><li>Industry-leading reliability and support</li></ul>",LG,TV & Home Theater,TV,"[""tv"", ""trending"", ""2026"", ""electronics""]",1344.75,1613.7,https://m.media-amazon.com/images/I/lg-x193-fk-qled-smart-tv-pic-1.jpg,LG X193-FK QLED Smart TV,LG X193-FK QLED Smart TV | Top Rated TV & Home Theater,Buy the LG X193-FK QLED Smart TV at the best price. High-quality tv & home theater product with top-tier features and 2026 technology.,True,False,2026-07-28T06:30:00.000Z,2026-07-28T06:30:00.000Z,https://m.media-amazon.com/images/I/lg-x193-fk-qled-smart-tv-pic-1.jpg,https://m.media-amazon.com/images/I/lg-x193-fk-qled-smart-tv-pic-2.jpg,https://m.media-amazon.com/images/I/lg-x193-fk-qled-smart-tv-pic-3.jpg,https://m.media-amazon.com/images/I/lg-x193-fk-qled-smart-tv-pic-4.jpg,https://m.media-amazon.com/images/I/lg-x193-fk-qled-smart-tv-pic-5.jpg
1007,tcl-x797-yp-mini-led-4k-tv,TCL X797-YP Mini-LED 4K TV,"<p>Experience the ultimate in tv & home theater with the TCL X797-YP Mini-LED 4K TV. Designed for performance and style, this product offers cutting-edge technology and premium features.</p><ul><li>High-performance hardware for seamless operation</li><li>Elegant design that fits any lifestyle</li><li>Industry-leading reliability and support</li></ul>",TCL,TV & Home Theater,TV,"[""tv"", ""trending"", ""2026"", ""electronics""]",669.49,803.39,https://m.media-amazon.com/images/I/tcl-x797-yp-mini-led-4k-tv-pic-1.jpg,TCL X797-YP Mini-LED 4K TV,TCL X797-YP Mini-LED 4K TV | Top Rated TV & Home Theater,Buy the TCL X797-YP Mini-LED 4K TV at the best price. High-quality tv & home theater product with top-tier features and 2026 technology.,True,False,2026-07-28T06:30:00.000Z,2026-07-28T06:30:00.000Z,https://m.media-amazon.com/images/I/tcl-x797-yp-mini-led-4k-tv-pic-1.jpg,https://m.media-amazon.com/images/I/tcl-x797-yp-mini-led-4k-tv-pic-2.jpg,https://m.media-amazon.com/images/I/tcl-x797-yp-mini-led-4k-tv-pic-3.jpg,https://m.media-amazon.com/images/I/tcl-x797-yp-mini-led-4k-tv-pic-4.jpg,https://m.media-amazon.com/images/I/tcl-x797-yp-mini-led-4k-tv-pic-5.jpg
1008,hisense-x828-vl-oled-tv,Hisense X828-VL OLED TV,"<p>Experience the ultimate in tv & home theater with the Hisense X828-VL OLED TV. Designed for performance and style, this product offers cutting-edge technology and premium features.</p><ul><li>High-performance hardware for seamless operation</li><li>Elegant design that fits any lifestyle</li><li>Industry-leading reliability and support</li></ul>",Hisense,TV & Home Theater,TV,"[""tv"", ""trending"", ""2026"", ""electronics""]",2144.79,2573.75,https://m.media-amazon.com/images/I/hisense-x828-vl-oled-tv-pic-1.jpg,Hisense X828-VL OLED TV,Hisense X828-VL OLED TV | Top Rated TV & Home Theater,Buy the Hisense X828-VL OLED TV at the best price. High-quality tv & home theater product with top-tier features and 2026 technology.,True,True,2026-07-28T06:30:00.000Z,2026-07-28T06:30:00.000Z,https://m.media-amazon.com/images/I/hisense-x828-vl-oled-tv-pic-1.jpg,https://m.media-amazon.com/images/I/hisense-x828-vl-oled-tv-pic-2.jpg,https://m.media-amazon.com/images/I/hisense-x828-vl-oled-tv-pic-3.jpg,https://m.media-amazon.com/images/I/hisense-x828-vl-oled-tv-pic-4.jpg,https://m.media-amazon.com/images/I/hisense-x828-vl-oled-tv-pic-5.jpg
1009,hisense-x162-zy-oled-tv,Hisense X162-ZY OLED TV,"<p>Experience the ultimate in tv & home theater with the Hisense X162-ZY OLED TV. Designed for performance and style, this product offers cutting-edge technology and premium features.</p><ul><li>High-performance hardware for seamless operation</li><li>Elegant design that fits any lifestyle</li><li>Industry-leading reliability and support</li></ul>",Hisense,TV & Home Theater,TV,"[""tv"", ""trending"", ""2026"", ""electronics""]",372.6,447.12,https://m.media-amazon.com/images/I/hisense-x162-zy-oled-tv-pic-1.jpg,Hisense X162-ZY OLED TV,Hisense X162-ZY OLED TV | Top Rated TV & Home Theater,Buy the Hisense X162-ZY OLED TV at the best price. High-quality tv & home theater product with top-tier features and 2026 technology.,True,False,2026-07-28T06:30:00.000Z,2026-07-28T06:30:00.000Z,https://m.media-amazon.com/images/I/hisense-x162-zy-oled-tv-pic-1.jpg,https://m.media-amazon.com/images/I/hisense-x162-zy-oled-tv-pic-2.jpg,https://m.media-amazon.com/images/I/hisense-x162-zy-oled-tv-pic-3.jpg,https://m.media-amazon.com/images/I/hisense-x162-zy-oled-tv-pic-4.jpg,https://m.media-amazon.com/images/I/hisense-x162-zy-oled-tv-pic-5.jpg
1010,sony-x749-kh-mini-led-4k-tv,Sony X749-KH Mini-LED 4K TV,"<p>Experience the ultimate in tv & home theater with the Sony X749-KH Mini-LED 4K TV. Designed for performance and style, this product offers cutting-edge technology and premium features.</p><ul><li>High-performance hardware for seamless operation</li><li>Elegant design that fits any lifestyle</li><li>Industry-leading reliability and support</li></ul>",Sony,TV & Home Theater,TV,"[""tv"", ""trending"", ""2026"", ""electronics""]",1832.71,2199.25,https://m.media-amazon.com/images/I/sony-x749-kh-mini-led-4k-tv-pic-1.jpg,Sony X749-KH Mini-LED 4K TV,Sony X749-KH Mini-LED 4K TV | Top Rated TV & Home Theater,Buy the Sony X749-KH Mini-LED 4K TV at the best price. High-quality tv & home theater product with top-tier features and 2026 technology.,True,False,2026-07-28T06:30:00.000Z,2026-07-28T06:30:00.000Z,https://m.media-amazon.com/images/I/sony-x749-kh-mini-led-4k-tv-pic-1.jpg,https://m.media-amazon.com/images/I/sony-x749-kh-mini-led-4k-tv-pic-2.jpg,https://m.media-amazon.com/images/I/sony-x749-kh-mini-led-4k-tv-pic-3.jpg,https://m.media-amazon.com/images/I/sony-x749-kh-mini-led-4k-tv-pic-4.jpg,https://m.media-amazon.com/images/I/sony-x749-kh-mini-led-4k-tv-pic-5.jpg
1011,hisense-x361-qe-soundbar-system,Hisense X361-QE Soundbar System,"<p>Experience the ultimate in tv & home theater with the Hisense X361-QE Soundbar System. Designed for performance and style, this product offers cutting-edge technology and premium features.</p><ul><li>High-performance hardware for seamless operation</li><li>Elegant design that fits any lifestyle</li><li>Industry-leading reliability and support</li></ul>",Hisense,TV & Home Theater,TV,"[""tv"", ""trending"", ""2026"", ""electronics""]",168.4,202.08,https://m.media-amazon.com/images/I/hisense-x361-qe-soundbar-system-pic-1.jpg,Hisense X361-QE Soundbar System,Hisense X361-QE Soundbar System | Top Rated TV & Home Theater,Buy the Hisense X361-QE Soundbar System at the best price. High-quality tv & home theater product with top-tier features and 2026 technology.,True,False,2026-07-28T06:30:00.000Z,2026-07-28T06:30:00.000Z,https://m.media-amazon.com/images/I/hisense-x361-qe-soundbar-system-pic-1.jpg,https://m.media-amazon.com/images/I/hisense-x361-qe-soundbar-system-pic-2.jpg,https://m.media-amazon.com/images/I/hisense-x361-qe-soundbar-system-pic-3.jpg,https://m.media-amazon.com/images/I/hisense-x361-qe-soundbar-system-pic-4.jpg,https://m.media-amazon.com/images/I/hisense-x361-qe-soundbar-system-pic-5.jpg
1012,vizio-x778-la-oled-tv,Vizio X778-LA OLED TV,"<p>Experience the ultimate in tv & home theater with the Vizio X778-LA OLED TV. Designed for performance and style, this product offers cutting-edge technology and premium features.</p><ul><li>High-performance hardware for seamless operation</li><li>Elegant design that fits any lifestyle</li><li>Industry-leading reliability and support</li></ul>",Vizio,TV & Home Theater,TV,"[""tv"", ""trending"", ""2026"", ""electronics""]",2821.26,3385.51,https://m.media-amazon.com/images/I/vizio-x778-la-oled-tv-pic-1.jpg,Vizio X778-LA OLED TV,Vizio X778-LA OLED TV | Top Rated TV & Home Theater,Buy the Vizio X778-LA OLED TV at the best price. High-quality tv & home theater product with top-tier features and 2026 technology.,True,True,2026-07-28T06:30:00.000Z,2026-07-28T06:30:00.000Z,https://m.media-amazon.com/images/I/vizio-x778-la-oled-tv-pic-1.jpg,https://m.media-amazon.com/images/I/vizio-x778-la-oled-tv-pic-2.jpg,https://m.media-amazon.com/images/I/vizio-x778-la-oled-tv-pic-3.jpg,https://m.media-amazon.com/images/I/vizio-x778-la-oled-tv-pic-4.jpg,https://m.media-amazon.com/images/I/vizio-x778-la-oled-tv-pic-5.jpg
1013,tcl-x167-nv-mini-led-4k-tv,TCL X167-NV Mini-LED 4K TV,"<p>Experience the ultimate in tv & home theater with the TCL X167-NV Mini-LED 4K TV. Designed for performance and style, this product offers cutting-edge technology and premium features.</p><ul><li>High-performance hardware for seamless operation</li><li>Elegant design that fits any lifestyle</li><li>Industry-leading reliability and support</li></ul>",TCL,TV & Home Theater,TV,"[""tv"", ""trending"", ""2026"", ""electronics""]",2148.26,2577.91,https://m.media-amazon.com/images/I/tcl-x167-nv-mini-led-4k-tv-pic-1.jpg,TCL X167-NV Mini-LED 4K TV,TCL X167-NV Mini-LED 4K TV | Top Rated TV & Home Theater,Buy the TCL X167-NV Mini-LED 4K TV at the best price. High-quality tv & home theater product with top-tier features and 2026 technology.,True,False,2026-07-28T06:30:00.000Z,2026-07-28T06:30:00.000Z,https://m.media-amazon.com/images/I/tcl-x167-nv-mini-led-4k-tv-pic-1.jpg,https://m.media-amazon.com/images/I/tcl-x167-nv-mini-led-4k-tv-pic-2.jpg,https://m.media-amazon.com/images/I/tcl-x167-nv-mini-led-4k-tv-pic-3.jpg,https://m.media-amazon.com/images/I/tcl-x167-nv-mini-led-4k-tv-pic-4.jpg,https://m.media-amazon.com/images/I/tcl-x167-nv-mini-led-4k-tv-pic-5.jpg
1014,sony-x206-cn-oled-tv,Sony X206-CN OLED TV,"<p>Experience the ultimate in tv & home theater with the Sony X206-CN OLED TV. Designed for performance and style, this product offers cutting-edge technology and premium features.</p><ul><li>High-performance hardware for seamless operation</li><li>Elegant design that fits any lifestyle</li><li>Industry-leading reliability and support</li></ul>",Sony,TV & Home Theater,TV,"[""tv"", ""trending"", ""2026"", ""electronics""]",389.2,467.04,https://m.media-amazon.com/images/I/sony-x206-cn-oled-tv-pic-1.jpg,Sony X206-CN OLED TV,Sony X206-CN OLED TV | Top Rated TV & Home Theater,Buy the Sony X206-CN OLED TV at the best price. High-quality tv & home theater product with top-tier features and 2026 technology.,True,True,2026-07-28T06:30:00.000Z,2026-07-28T06:30:00.000Z,https://m.media-amazon.com/images/I/sony-x206-cn-oled-tv-pic-1.jpg,https://m.media-amazon.com/images/I/sony-x206-cn-oled-tv-pic-2.jpg,https://m.media-amazon.com/images/I/sony-x206-cn-oled-tv-pic-3.jpg,https://m.media-amazon.com/images/I/sony-x206-cn-oled-tv-pic-4.jpg,https://m.media-amazon.com/images/I/sony-x206-cn-oled-tv-pic-5.jpg
1015,lg-x365-ag-oled-tv,LG X365-AG OLED TV,"<p>Experience the ultimate in tv & home theater with the LG X365-AG OLED TV. Designed for performance and style, this product offers cutting-edge technology and premium features.</p><ul><li>High-performance hardware for seamless operation</li><li>Elegant design that fits any lifestyle</li><li>Industry-leading reliability and support</li></ul>",LG,TV & Home Theater,TV,"[""tv"", ""trending"", ""2026"", ""electronics""]",2329.63,2795.56,https://m.media-amazon.com/images/I/lg-x365-ag-oled-tv-pic-1.jpg,LG X365-AG OLED TV,LG X365-AG OLED TV | Top Rated TV & Home Theater,Buy the LG X365-AG OLED TV at the best price. High-quality tv & home theater product with top-tier features and 2026 technology.,True,False,2026-07-28T06:30:00.000Z,2026-07-28T06:30:00.000Z,https://m.media-amazon.com/images/I/lg-x365-ag-oled-tv-pic-1.jpg,https://m.media-amazon.com/images/I/lg-x365-ag-oled-tv-pic-2.jpg,https://m.media-amazon.com/images/I/lg-x365-ag-oled-tv-pic-3.jpg,https://m.media-amazon.com/images/I/lg-x365-ag-oled-tv-pic-4.jpg,https://m.media-amazon.com/images/I/lg-x365-ag-oled-tv-pic-5.jpg
1016,tcl-x500-av-qled-smart-tv,TCL X500-AV QLED Smart TV,"<p>Experience the ultimate in tv & home theater with the TCL X500-AV QLED Smart TV. Designed for performance and style, this product offers cutting-edge technology and premium features.</p><ul><li>High-performance hardware for seamless operation</li><li>Elegant design that fits any lifestyle</li><li>Industry-leading reliability and support</li></ul>",TCL,TV & Home Theater,TV,"[""tv"", ""trending"", ""2026"", ""electronics""]",377.19,452.63,https://m.media-amazon.com/images/I/tcl-x500-av-qled-smart-tv-pic-1.jpg,TCL X500-AV QLED Smart TV,TCL X500-AV QLED Smart TV | Top Rated TV & Home Theater,Buy the TCL X500-AV QLED Smart TV at the best price. High-quality tv & home theater product with top-tier features and 2026 technology.,True,False,2026-07-28T06:30:00.000Z,2026-07-28T06:30:00.000Z,https://m.media-amazon.com/images/I/tcl-x500-av-qled-smart-tv-pic-1.jpg,https://m.media-amazon.com/images/I/tcl-x500-av-qled-smart-tv-pic-2.jpg,https://m.media-amazon.com/images/I/tcl-x500-av-qled-smart-tv-pic-3.jpg,https://m.media-amazon.com/images/I/tcl-x500-av-qled-smart-tv-pic-4.jpg,https://m.media-amazon.com/images/I/tcl-x500-av-qled-smart-tv-pic-5.jpg
1017,vizio-x710-es-qled-smart-tv,Vizio X710-ES QLED Smart TV,"<p>Experience the ultimate in tv & home theater with the Vizio X710-ES QLED Smart TV. Designed for performance and style, this product offers cutting-edge technology and premium features.</p><ul><li>High-performance hardware for seamless operation</li><li>Elegant design that fits any lifestyle</li><li>Industry-leading reliability and support</li></ul>",Vizio,TV & Home Theater,TV,"[""tv"", ""trending"", ""2026"", ""electronics""]",2340.6,2808.72,https://m.media-amazon.com/images/I/vizio-x710-es-qled-smart-tv-pic-1.jpg,Vizio X710-ES QLED Smart TV,Vizio X710-ES QLED Smart TV | Top Rated TV & Home Theater,Buy the Vizio X710-ES QLED Smart TV at the best price. High-quality tv & home theater product with top-tier features and 2026 technology.,True,False,2026-07-28T06:30:00.000Z,2026-07-28T06:30:00.000Z,https://m.media-amazon.com/images/I/vizio-x710-es-qled-smart-tv-pic-1.jpg,https://m.media-amazon.com/images/I/vizio-x710-es-qled-smart-tv-pic-2.jpg,https://m.media-amazon.com/images/I/vizio-x710-es-qled-smart-tv-pic-3.jpg,https://m.media-amazon.com/images/I/vizio-x710-es-qled-smart-tv-pic-4.jpg,https://m.media-amazon.com/images/I/vizio-x710-es-qled-smart-tv-pic-5.jpg
1018,lg-x987-wp-qled-smart-tv,LG X987-WP QLED Smart TV,"<p>Experience the ultimate in tv & home theater with the LG X987-WP QLED Smart TV. Designed for performance and style, this product offers cutting-edge technology and premium features.</p><ul><li>High-performance hardware for seamless operation</li><li>Elegant design that fits any lifestyle</li><li>Industry-leading reliability and support</li></ul>",LG,TV & Home Theater,TV,"[""tv"", ""trending"", ""2026"", ""electronics""]",1138.09,1365.71,https://m.media-amazon.com/images/I/lg-x987-wp-qled-smart-tv-pic-1.jpg,LG X987-WP QLED Smart TV,LG X987-WP QLED Smart TV | Top Rated TV & Home Theater,Buy the LG X987-WP QLED Smart TV at the best price. High-quality tv & home theater product with top-tier features and 2026 technology.,True,True,2026-07-28T06:30:00.000Z,2026-07-28T06:30:00.000Z,https://m.media-amazon.com/images/I/lg-x987-wp-qled-smart-tv-pic-1.jpg,https://m.media-amazon.com/images/I/lg-x987-wp-qled-smart-tv-pic-2.jpg,https://m.media-amazon.com/images/I/lg-x987-wp-qled-smart-tv-pic-3.jpg,https://m.media-amazon.com/images/I/lg-x987-wp-qled-smart-tv-pic-4.jpg,https://m.media-amazon.com/images/I/lg-x987-wp-qled-smart-tv-pic-5.jpg
1019,tcl-x460-ge-oled-tv,TCL X460-GE OLED TV,"<p>Experience the ultimate in tv & home theater with the TCL X460-GE OLED TV. Designed for performance and style, this product offers cutting-edge technology and premium features.</p><ul><li>High-performance hardware for seamless operation</li><li>Elegant design that fits any lifestyle</li><li>Industry-leading reliability and support</li></ul>",TCL,TV & Home Theater,TV,"[""tv"", ""trending"", ""2026"", ""electronics""]",2117.74,2541.29,https://m.media-amazon.com/images/I/tcl-x460-ge-oled-tv-pic-1.jpg,TCL X460-GE OLED TV,TCL X460-GE OLED TV | Top Rated TV & Home Theater,Buy the TCL X460-GE OLED TV at the best price. High-quality tv & home theater product with top-tier features and 2026 technology.,True,True,2026-07-28T06:30:00.000Z,2026-07-28T06:30:00.000Z,https://m.media-amazon.com/images/I/tcl-x460-ge-oled-tv-pic-1.jpg,https://m.media-amazon.com/images/I/tcl-x460-ge-oled-tv-pic-2.jpg,https://m.media-amazon.com/images/I/tcl-x460-ge-oled-tv-pic-3.jpg,https://m.media-amazon.com/images/I/tcl-x460-ge-oled-tv-pic-4.jpg,https://m.media-amazon.com/images/I/tcl-x460-ge-oled-tv-pic-5.jpg
1020,lg-x884-on-qled-smart-tv,LG X884-ON QLED Smart TV,"<p>Experience the ultimate in tv & home theater with the LG X884-ON QLED Smart TV. Designed for performance and style, this product offers cutting-edge technology and premium features.</p><ul><li>High-performance hardware for seamless operation</li><li>Elegant design that fits any lifestyle</li><li>Industry-leading reliability and support</li></ul>",LG,TV & Home Theater,TV,"[""tv"", ""trending"", ""2026"", ""electronics""]",1608.97,1930.76,https://m.media-amazon.com/images/I/lg-x884-on-qled-smart-tv-pic-1.jpg,LG X884-ON QLED Smart TV,LG X884-ON QLED Smart TV | Top Rated TV & Home Theater,Buy the LG X884-ON QLED Smart TV at the best price. High-quality tv & home theater product with top-tier features and 2026 technology.,True,False,2026-07-28T06:30:00.000Z,2026-07-28T06:30:00.000Z,https://m.media-amazon.com/images/I/lg-x884-on-qled-smart-tv-pic-1.jpg,https://m.media-amazon.com/images/I/lg-x884-on-qled-smart-tv-pic-2.jpg,https://m.media-amazon.com/images/I/lg-x884-on-qled-smart-tv-pic-3.jpg,https://m.media-amazon.com/images/I/lg-x884-on-qled-smart-tv-pic-4.jpg,https://m.media-amazon.com/images/I/lg-x884-on-qled-smart-tv-pic-5.jpg
1021,tcl-x671-qd-oled-tv,TCL X671-QD OLED TV,"<p>Experience the ultimate in tv & home theater with the TCL X671-QD OLED TV. Designed for performance and style, this product offers cutting-edge technology and premium features.</p><ul><li>High-performance hardware for seamless operation</li><li>Elegant design that fits any lifestyle</li><li>Industry-leading reliability and support</li></ul>",TCL,TV & Home Theater,TV,"[""tv"", ""trending"", ""2026"", ""electronics""]",2272.59,2727.11,https://m.media-amazon.com/images/I/tcl-x671-qd-oled-tv-pic-1.jpg,TCL X671-QD OLED TV,TCL X671-QD OLED TV | Top Rated TV & Home Theater,Buy the TCL X671-QD OLED TV at the best price. High-quality tv & home theater product with top-tier features and 2026 technology.,True,True,2026-07-28T06:30:00.000Z,2026-07-28T06:30:00.000Z,https://m.media-amazon.com/images/I/tcl-x671-qd-oled-tv-pic-1.jpg,https://m.media-amazon.com/images/I/tcl-x671-qd-oled-tv-pic-2.jpg,https://m.media-amazon.com/images/I/tcl-x671-qd-oled-tv-pic-3.jpg,https://m.media-amazon.com/images/I/tcl-x671-qd-oled-tv-pic-4.jpg,https://m.media-amazon.com/images/I/tcl-x671-qd-oled-tv-pic-5.jpg
1022,vizio-x324-qn-qled-smart-tv,Vizio X324-QN QLED Smart TV,"<p>Experience the ultimate in tv & home theater with the Vizio X324-QN QLED Smart TV. Designed for performance and style, this product offers cutting-edge technology and premium features.</p><ul><li>High-performance hardware for seamless operation</li><li>Elegant design that fits any lifestyle</li><li>Industry-leading reliability and support</li></ul>",Vizio,TV & Home Theater,TV,"[""tv"", ""trending"", ""2026"", ""electronics""]",2615.96,3139.15,https://m.media-amazon.com/images/I/vizio-x324-qn-qled-smart-tv-pic-1.jpg,Vizio X324-QN QLED Smart TV,Vizio X324-QN QLED Smart TV | Top Rated TV & Home Theater,Buy the Vizio X324-QN QLED Smart TV at the best price. High-quality tv & home theater product with top-tier features and 2026 technology.,True,False,2026-07-28T06:30:00.000Z,2026-07-28T06:30:00.000Z,https://m.media-amazon.com/images/I/vizio-x324-qn-qled-smart-tv-pic-1.jpg,https://m.media-amazon.com/images/I/vizio-x324-qn-qled-smart-tv-pic-2.jpg,https://m.media-amazon.com/images/I/vizio-x324-qn-qled-smart-tv-pic-3.jpg,https://m.media-amazon.com/images/I/vizio-x324-qn-qled-smart-tv-pic-4.jpg,https://m.media-amazon.com/images/I/vizio-x324-qn-qled-smart-tv-pic-5.jpg
1023,samsung-x682-pp-oled-tv,Samsung X682-PP OLED TV,"<p>Experience the ultimate in tv & home theater with the Samsung X682-PP OLED TV. Designed for performance and style, this product offers cutting-edge technology and premium features.</p><ul><li>High-performance hardware for seamless operation</li><li>Elegant design that fits any lifestyle</li><li>Industry-leading reliability and support</li></ul>",Samsung,TV & Home Theater,TV,"[""tv"", ""trending"", ""2026"", ""electronics""]",569.01,682.81,https://images.samsung.com/is/image/samsung/p6pim/us/samsung-x682-pp-oled-tv/samsung-x682-pp-oled-tv-gallery-1.jpg,Samsung X682-PP OLED TV,Samsung X682-PP OLED TV | Top Rated TV & Home Theater,Buy the Samsung X682-PP OLED TV at the best price. High-quality tv & home theater product with top-tier features and 2026 technology.,True,True,2026-07-28T06:30:00.000Z,2026-07-28T06:30:00.000Z,https://images.samsung.com/is/image/samsung/p6pim/us/samsung-x682-pp-oled-tv/samsung-x682-pp-oled-tv-gallery-1.jpg,https://images.samsung.com/is/image/samsung/p6pim/us/samsung-x682-pp-oled-tv/samsung-x682-pp-oled-tv-gallery-2.jpg,https://images.samsung.com/is/image/samsung/p6pim/us/samsung-x682-pp-oled-tv/samsung-x682-pp-oled-tv-gallery-3.jpg,https://images.samsung.com/is/image/samsung/p6pim/us/samsung-x682-pp-oled-tv/samsung-x682-pp-oled-tv-gallery-4.jpg,https://images.samsung.com/is/image/samsung/p6pim/us/samsung-x682-pp-oled-tv/samsung-x682-pp-oled-tv-gallery-5.jpg
1024,tcl-x932-ff-mini-led-4k-tv,TCL X932-FF Mini-LED 4K TV,"<p>Experience the ultimate in tv & home theater with the TCL X932-FF Mini-LED 4K TV. Designed for performance and style, this product offers cutting-edge technology and premium features.</p><ul><li>High-performance hardware for seamless operation</li><li>Elegant design that fits any lifestyle</li><li>Industry-leading reliability and support</li></ul>",TCL,TV & Home Theater,TV,"[""tv"", ""trending"", ""2026"", ""electronics""]",1099.21,1319.05,https://m.media-amazon.com/images/I/tcl-x932-ff-mini-led-4k-tv-pic-1.jpg,TCL X932-FF Mini-LED 4K TV,TCL X932-FF Mini-LED 4K TV | Top Rated TV & Home Theater,Buy the TCL X932-FF Mini-LED 4K TV at the best price. High-quality tv & home theater product with top-tier features and 2026 technology.,True,True,2026-07-28T06:30:00.000Z,2026-07-28T06:30:00.000Z,https://m.media-amazon.com/images/I/tcl-x932-ff-mini-led-4k-tv-pic-1.jpg,https://m.media-amazon.com/images/I/tcl-x932-ff-mini-led-4k-tv-pic-2.jpg,https://m.media-amazon.com/images/I/tcl-x932-ff-mini-led-4k-tv-pic-3.jpg,https://m.media-amazon.com/images/I/tcl-x932-ff-mini-led-4k-tv-pic-4.jpg,https://m.media-amazon.com/images/I/tcl-x932-ff-mini-led-4k-tv-pic-5.jpg
1025,apple-x841-vp-laptop,Apple X841-VP Laptop,"<p>Experience the ultimate in computers & tablets with the Apple X841-VP Laptop. Designed for performance and style, this product offers cutting-edge technology and premium features.</p><ul><li>High-performance hardware for seamless operation</li><li>Elegant design that fits any lifestyle</li><li>Industry-leading reliability and support</li></ul>",Apple,Computers & Tablets,Computers,"[""computers"", ""trending"", ""2026"", ""electronics""]",446.0,535.2,https://store.storeimages.cdn-apple.com/as-images.apple.com/is/apple-x841-vp-laptop-gallery-1?wid=1000,Apple X841-VP Laptop,Apple X841-VP Laptop | Top Rated Computers & Tablets,Buy the Apple X841-VP Laptop at the best price. High-quality computers & tablets product with top-tier features and 2026 technology.,True,False,2026-07-28T06:30:00.000Z,2026-07-28T06:30:00.000Z,https://store.storeimages.cdn-apple.com/as-images.apple.com/is/apple-x841-vp-laptop-gallery-1?wid=1000,https://store.storeimages.cdn-apple.com/as-images.apple.com/is/apple-x841-vp-laptop-gallery-2?wid=1000,https://store.storeimages.cdn-apple.com/as-images.apple.com/is/apple-x841-vp-laptop-gallery-3?wid=1000,https://store.storeimages.cdn-apple.com/as-images.apple.com/is/apple-x841-vp-laptop-gallery-4?wid=1000,https://store.storeimages.cdn-apple.com/as-images.apple.com/is/apple-x841-vp-laptop-gallery-5?wid=1000
1026,asus-x165-mi-chromebook,ASUS X165-MI Chromebook,"<p>Experience the ultimate in computers & tablets with the ASUS X165-MI Chromebook. Designed for performance and style, this product offers cutting-edge technology and premium features.</p><ul><li>High-performance hardware for seamless operation</li><li>Elegant design that fits any lifestyle</li><li>Industry-leading reliability and support</li></ul>",ASUS,Computers & Tablets,Computers,"[""computers"", ""trending"", ""2026"", ""electronics""]",1442.73,1731.28,https://m.media-amazon.com/images/I/asus-x165-mi-chromebook-pic-1.jpg,ASUS X165-MI Chromebook,ASUS X165-MI Chromebook | Top Rated Computers & Tablets,Buy the ASUS X165-MI Chromebook at the best price. High-quality computers & tablets product with top-tier features and 2026 technology.,True,True,2026-07-28T06:30:00.000Z,2026-07-28T06:30:00.000Z,https://m.media-amazon.com/images/I/asus-x165-mi-chromebook-pic-1.jpg,https://m.media-amazon.com/images/I/asus-x165-mi-chromebook-pic-2.jpg,https://m.media-amazon.com/images/I/asus-x165-mi-chromebook-pic-3.jpg,https://m.media-amazon.com/images/I/asus-x165-mi-chromebook-pic-4.jpg,https://m.media-amazon.com/images/I/asus-x165-mi-chromebook-pic-5.jpg
1027,hp-x253-dv-tablet-pro,HP X253-DV Tablet Pro,"<p>Experience the ultimate in computers & tablets with the HP X253-DV Tablet Pro. Designed for performance and style, this product offers cutting-edge technology and premium features.</p><ul><li>High-performance hardware for seamless operation</li><li>Elegant design that fits any lifestyle</li><li>Industry-leading reliability and support</li></ul>",HP,Computers & Tablets,Computers,"[""computers"", ""trending"", ""2026"", ""electronics""]",2788.0,3345.6,https://m.media-amazon.com/images/I/hp-x253-dv-tablet-pro-pic-1.jpg,HP X253-DV Tablet Pro,HP X253-DV Tablet Pro | Top Rated Computers & Tablets,Buy the HP X253-DV Tablet Pro at the best price. High-quality computers & tablets product with top-tier features and 2026 technology.,True,True,2026-07-28T06:30:00.000Z,2026-07-28T06:30:00.000Z,https://m.media-amazon.com/images/I/hp-x253-dv-tablet-pro-pic-1.jpg,https://m.media-amazon.com/images/I/hp-x253-dv-tablet-pro-pic-2.jpg,https://m.media-amazon.com/images/I/hp-x253-dv-tablet-pro-pic-3.jpg,https://m.media-amazon.com/images/I/hp-x253-dv-tablet-pro-pic-4.jpg,https://m.media-amazon.com/images/I/hp-x253-dv-tablet-pro-pic-5.jpg
1028,acer-x809-uk-desktop-pc,Acer X809-UK Desktop PC,"<p>Experience the ultimate in computers & tablets with the Acer X809-UK Desktop PC. Designed for performance and style, this product offers cutting-edge technology and premium features.</p><ul><li>High-performance hardware for seamless operation</li><li>Elegant design that fits any lifestyle</li><li>Industry-leading reliability and support</li></ul>",Acer,Computers & Tablets,Computers,"[""computers"", ""trending"", ""2026"", ""electronics""]",1012.25,1214.7,https://m.media-amazon.com/images/I/acer-x809-uk-desktop-pc-pic-1.jpg,Acer X809-UK Desktop PC,Acer X809-UK Desktop PC | Top Rated Computers & Tablets,Buy the Acer X809-UK Desktop PC at the best price. High-quality computers & tablets product with top-tier features and 2026 technology.,True,False,2026-07-28T06:30:00.000Z,2026-07-28T06:30:00.000Z,https://m.media-amazon.com/images/I/acer-x809-uk-desktop-pc-pic-1.jpg,https://m.media-amazon.com/images/I/acer-x809-uk-desktop-pc-pic-2.jpg,https://m.media-amazon.com/images/I/acer-x809-uk-desktop-pc-pic-3.jpg,https://m.media-amazon.com/images/I/acer-x809-uk-desktop-pc-pic-4.jpg,https://m.media-amazon.com/images/I/acer-x809-uk-desktop-pc-pic-5.jpg
1029,lenovo-x109-xq-chromebook,Lenovo X109-XQ Chromebook,"<p>Experience the ultimate in computers & tablets with the Lenovo X109-XQ Chromebook. Designed for performance and style, this product offers cutting-edge technology and premium features.</p><ul><li>High-performance hardware for seamless operation</li><li>Elegant design that fits any lifestyle</li><li>Industry-leading reliability and support</li></ul>",Lenovo,Computers & Tablets,Computers,"[""computers"", ""trending"", ""2026"", ""electronics""]",2576.53,3091.84,https://m.media-amazon.com/images/I/lenovo-x109-xq-chromebook-pic-1.jpg,Lenovo X109-XQ Chromebook,Lenovo X109-XQ Chromebook | Top Rated Computers & Tablets,Buy the Lenovo X109-XQ Chromebook at the best price. High-quality computers & tablets product with top-tier features and 2026 technology.,True,True,2026-07-28T06:30:00.000Z,2026-07-28T06:30:00.000Z,https://m.media-amazon.com/images/I/lenovo-x109-xq-chromebook-pic-1.jpg,https://m.media-amazon.com/images/I/lenovo-x109-xq-chromebook-pic-2.jpg,https://m.media-amazon.com/images/I/lenovo-x109-xq-chromebook-pic-3.jpg,https://m.media-amazon.com/images/I/lenovo-x109-xq-chromebook-pic-4.jpg,https://m.media-amazon.com/images/I/lenovo-x109-xq-chromebook-pic-5.jpg
1030,hp-x628-bj-laptop,HP X628-BJ Laptop,"<p>Experience the ultimate in computers & tablets with the HP X628-BJ Laptop. Designed for performance and style, this product offers cutting-edge technology and premium features.</p><ul><li>High-performance hardware for seamless operation</li><li>Elegant design that fits any lifestyle</li><li>Industry-leading reliability and support</li></ul>",HP,Computers & Tablets,Computers,"[""computers"", ""trending"", ""2026"", ""electronics""]",156.08,187.3,https://m.media-amazon.com/images/I/hp-x628-bj-laptop-pic-1.jpg,HP X628-BJ Laptop,HP X628-BJ Laptop | Top Rated Computers & Tablets,Buy the HP X628-BJ Laptop at the best price. High-quality computers & tablets product with top-tier features and 2026 technology.,True,False,2026-07-28T06:30:00.000Z,2026-07-28T06:30:00.000Z,https://m.media-amazon.com/images/I/hp-x628-bj-laptop-pic-1.jpg,https://m.media-amazon.com/images/I/hp-x628-bj-laptop-pic-2.jpg,https://m.media-amazon.com/images/I/hp-x628-bj-laptop-pic-3.jpg,https://m.media-amazon.com/images/I/hp-x628-bj-laptop-pic-4.jpg,https://m.media-amazon.com/images/I/hp-x628-bj-laptop-pic-5.jpg
1031,samsung-x616-lo-tablet-pro,Samsung X616-LO Tablet Pro,"<p>Experience the ultimate in computers & tablets with the Samsung X616-LO Tablet Pro. Designed for performance and style, this product offers cutting-edge technology and premium features.</p><ul><li>High-performance hardware for seamless operation</li><li>Elegant design that fits any lifestyle</li><li>Industry-leading reliability and support</li></ul>",Samsung,Computers & Tablets,Computers,"[""computers"", ""trending"", ""2026"", ""electronics""]",2579.35,3095.22,https://images.samsung.com/is/image/samsung/p6pim/us/samsung-x616-lo-tablet-pro/samsung-x616-lo-tablet-pro-gallery-1.jpg,Samsung X616-LO Tablet Pro,Samsung X616-LO Tablet Pro | Top Rated Computers & Tablets,Buy the Samsung X616-LO Tablet Pro at the best price. High-quality computers & tablets product with top-tier features and 2026 technology.,True,True,2026-07-28T06:30:00.000Z,2026-07-28T06:30:00.000Z,https://images.samsung.com/is/image/samsung/p6pim/us/samsung-x616-lo-tablet-pro/samsung-x616-lo-tablet-pro-gallery-1.jpg,https://images.samsung.com/is/image/samsung/p6pim/us/samsung-x616-lo-tablet-pro/samsung-x616-lo-tablet-pro-gallery-2.jpg,https://images.samsung.com/is/image/samsung/p6pim/us/samsung-x616-lo-tablet-pro/samsung-x616-lo-tablet-pro-gallery-3.jpg,https://images.samsung.com/is/image/samsung/p6pim/us/samsung-x616-lo-tablet-pro/samsung-x616-lo-tablet-pro-gallery-4.jpg,https://images.samsung.com/is/image/samsung/p6pim/us/samsung-x616-lo-tablet-pro/samsung-x616-lo-tablet-pro-gallery-5.jpg
1032,dell-x340-cn-laptop,Dell X340-CN Laptop,"<p>Experience the ultimate in computers & tablets with the Dell X340-CN Laptop. Designed for performance and style, this product offers cutting-edge technology and premium features.</p><ul><li>High-performance hardware for seamless operation</li><li>Elegant design that fits any lifestyle</li><li>Industry-leading reliability and support</li></ul>",Dell,Computers & Tablets,Computers,"[""computers"", ""trending"", ""2026"", ""electronics""]",1254.37,1505.24,https://m.media-amazon.com/images/I/dell-x340-cn-laptop-pic-1.jpg,Dell X340-CN Laptop,Dell X340-CN Laptop | Top Rated Computers & Tablets,Buy the Dell X340-CN Laptop at the best price. High-quality computers & tablets product with top-tier features and 2026 technology.,True,True,2026-07-28T06:30:00.000Z,2026-07-28T06:30:00.000Z,https://m.media-amazon.com/images/I/dell-x340-cn-laptop-pic-1.jpg,https://m.media-amazon.com/images/I/dell-x340-cn-laptop-pic-2.jpg,https://m.media-amazon.com/images/I/dell-x340-cn-laptop-pic-3.jpg,https://m.media-amazon.com/images/I/dell-x340-cn-laptop-pic-4.jpg,https://m.media-amazon.com/images/I/dell-x340-cn-laptop-pic-5.jpg
1033,dell-x508-dd-tablet-pro,Dell X508-DD Tablet Pro,"<p>Experience the ultimate in computers & tablets with the Dell X508-DD Tablet Pro. Designed for performance and style, this product offers cutting-edge technology and premium features.</p><ul><li>High-performance hardware for seamless operation</li><li>Elegant design that fits any lifestyle</li><li>Industry-leading reliability and support</li></ul>",Dell,Computers & Tablets,Computers,"[""computers"", ""trending"", ""2026"", ""electronics""]",820.33,984.4,https://m.media-amazon.com/images/I/dell-x508-dd-tablet-pro-pic-1.jpg,Dell X508-DD Tablet Pro,Dell X508-DD Tablet Pro | Top Rated Computers & Tablets,Buy the Dell X508-DD Tablet Pro at the best price. High-quality computers & tablets product with top-tier features and 2026 technology.,True,False,2026-07-28T06:30:00.000Z,2026-07-28T06:30:00.000Z,https://m.media-amazon.com/images/I/dell-x508-dd-tablet-pro-pic-1.jpg,https://m.media-amazon.com/images/I/dell-x508-dd-tablet-pro-pic-2.jpg,https://m.media-amazon.com/images/I/dell-x508-dd-tablet-pro-pic-3.jpg,https://m.media-amazon.com/images/I/dell-x508-dd-tablet-pro-pic-4.jpg,https://m.media-amazon.com/images/I/dell-x508-dd-tablet-pro-pic-5.jpg
1034,acer-x507-fk-laptop,Acer X507-FK Laptop,"<p>Experience the ultimate in computers & tablets with the Acer X507-FK Laptop. Designed for performance and style, this product offers cutting-edge technology and premium features.</p><ul><li>High-performance hardware for seamless operation</li><li>Elegant design that fits any lifestyle</li><li>Industry-leading reliability and support</li></ul>",Acer,Computers & Tablets,Computers,"[""computers"", ""trending"", ""2026"", ""electronics""]",2791.51,3349.81,https://m.media-amazon.com/images/I/acer-x507-fk-laptop-pic-1.jpg,Acer X507-FK Laptop,Acer X507-FK Laptop | Top Rated Computers & Tablets,Buy the Acer X507-FK Laptop at the best price. High-quality computers & tablets product with top-tier features and 2026 technology.,True,False,2026-07-28T06:30:00.000Z,2026-07-28T06:30:00.000Z,https://m.media-amazon.com/images/I/acer-x507-fk-laptop-pic-1.jpg,https://m.media-amazon.com/images/I/acer-x507-fk-laptop-pic-2.jpg,https://m.media-amazon.com/images/I/acer-x507-fk-laptop-pic-3.jpg,https://m.media-amazon.com/images/I/acer-x507-fk-laptop-pic-4.jpg,https://m.media-amazon.com/images/I/acer-x507-fk-laptop-pic-5.jpg
1035,dell-x457-fc-chromebook,Dell X457-FC Chromebook,"<p>Experience the ultimate in computers & tablets with the Dell X457-FC Chromebook. Designed for performance and style, this product offers cutting-edge technology and premium features.</p><ul><li>High-performance hardware for seamless operation</li><li>Elegant design that fits any lifestyle</li><li>Industry-leading reliability and support</li></ul>",Dell,Computers & Tablets,Computers,"[""computers"", ""trending"", ""2026"", ""electronics""]",2518.52,3022.22,https://m.media-amazon.com/images/I/dell-x457-fc-chromebook-pic-1.jpg,Dell X457-FC Chromebook,Dell X457-FC Chromebook | Top Rated Computers & Tablets,Buy the Dell X457-FC Chromebook at the best price. High-quality computers & tablets product with top-tier features and 2026 technology.,True,True,2026-07-28T06:30:00.000Z,2026-07-28T06:30:00.000Z,https://m.media-amazon.com/images/I/dell-x457-fc-chromebook-pic-1.jpg,https://m.media-amazon.com/images/I/dell-x457-fc-chromebook-pic-2.jpg,https://m.media-amazon.com/images/I/dell-x457-fc-chromebook-pic-3.jpg,https://m.media-amazon.com/images/I/dell-x457-fc-chromebook-pic-4.jpg,https://m.media-amazon.com/images/I/dell-x457-fc-chromebook-pic-5.jpg
1036,acer-x708-iu-chromebook,Acer X708-IU Chromebook,"<p>Experience the ultimate in computers & tablets with the Acer X708-IU Chromebook. Designed for performance and style, this product offers cutting-edge technology and premium features.</p><ul><li>High-performance hardware for seamless operation</li><li>Elegant design that fits any lifestyle</li><li>Industry-leading reliability and support</li></ul>",Acer,Computers & Tablets,Computers,"[""computers"", ""trending"", ""2026"", ""electronics""]",2901.91,3482.29,https://m.media-amazon.com/images/I/acer-x708-iu-chromebook-pic-1.jpg,Acer X708-IU Chromebook,Acer X708-IU Chromebook | Top Rated Computers & Tablets,Buy the Acer X708-IU Chromebook at the best price. High-quality computers & tablets product with top-tier features and 2026 technology.,True,True,2026-07-28T06:30:00.000Z,2026-07-28T06:30:00.000Z,https://m.media-amazon.com/images/I/acer-x708-iu-chromebook-pic-1.jpg,https://m.media-amazon.com/images/I/acer-x708-iu-chromebook-pic-2.jpg,https://m.media-amazon.com/images/I/acer-x708-iu-chromebook-pic-3.jpg,https://m.media-amazon.com/images/I/acer-x708-iu-chromebook-pic-4.jpg,https://m.media-amazon.com/images/I/acer-x708-iu-chromebook-pic-5.jpg
1037,dell-x124-iq-desktop-pc,Dell X124-IQ Desktop PC,"<p>Experience the ultimate in computers & tablets with the Dell X124-IQ Desktop PC. Designed for performance and style, this product offers cutting-edge technology and premium features.</p><ul><li>High-performance hardware for seamless operation</li><li>Elegant design that fits any lifestyle</li><li>Industry-leading reliability and support</li></ul>",Dell,Computers & Tablets,Computers,"[""computers"", ""trending"", ""2026"", ""electronics""]",122.63,147.16,https://m.media-amazon.com/images/I/dell-x124-iq-desktop-pc-pic-1.jpg,Dell X124-IQ Desktop PC,Dell X124-IQ Desktop PC | Top Rated Computers & Tablets,Buy the Dell X124-IQ Desktop PC at the best price. High-quality computers & tablets product with top-tier features and 2026 technology.,True,False,2026-07-28T06:30:00.000Z,2026-07-28T06:30:00.000Z,https://m.media-amazon.com/images/I/dell-x124-iq-desktop-pc-pic-1.jpg,https://m.media-amazon.com/images/I/dell-x124-iq-desktop-pc-pic-2.jpg,https://m.media-amazon.com/images/I/dell-x124-iq-desktop-pc-pic-3.jpg,https://m.media-amazon.com/images/I/dell-x124-iq-desktop-pc-pic-4.jpg,https://m.media-amazon.com/images/I/dell-x124-iq-desktop-pc-pic-5.jpg
1038,acer-x366-tt-laptop,Acer X366-TT Laptop,"<p>Experience the ultimate in computers & tablets with the Acer X366-TT Laptop. Designed for performance and style, this product offers cutting-edge technology and premium features.</p><ul><li>High-performance hardware for seamless operation</li><li>Elegant design that fits any lifestyle</li><li>Industry-leading reliability and support</li></ul>",Acer,Computers & Tablets,Computers,"[""computers"", ""trending"", ""2026"", ""electronics""]",665.23,798.28,https://m.media-amazon.com/images/I/acer-x366-tt-laptop-pic-1.jpg,Acer X366-TT Laptop,Acer X366-TT Laptop | Top Rated Computers & Tablets,Buy the Acer X366-TT Laptop at the best price. High-quality computers & tablets product with top-tier features and 2026 technology.,True,True,2026-07-28T06:30:00.000Z,2026-07-28T06:30:00.000Z,https://m.media-amazon.com/images/I/acer-x366-tt-laptop-pic-1.jpg,https://m.media-amazon.com/images/I/acer-x366-tt-laptop-pic-2.jpg,https://m.media-amazon.com/images/I/acer-x366-tt-laptop-pic-3.jpg,https://m.media-amazon.com/images/I/acer-x366-tt-laptop-pic-4.jpg,https://m.media-amazon.com/images/I/acer-x366-tt-laptop-pic-5.jpg
1039,samsung-x279-uq-tablet-pro,Samsung X279-UQ Tablet Pro,"<p>Experience the ultimate in computers & tablets with the Samsung X279-UQ Tablet Pro. Designed for performance and style, this product offers cutting-edge technology and premium features.</p><ul><li>High-performance hardware for seamless operation</li><li>Elegant design that fits any lifestyle</li><li>Industry-leading reliability and support</li></ul>",Samsung,Computers & Tablets,Computers,"[""computers"", ""trending"", ""2026"", ""electronics""]",2413.61,2896.33,https://images.samsung.com/is/image/samsung/p6pim/us/samsung-x279-uq-tablet-pro/samsung-x279-uq-tablet-pro-gallery-1.jpg,Samsung X279-UQ Tablet Pro,Samsung X279-UQ Tablet Pro | Top Rated Computers & Tablets,Buy the Samsung X279-UQ Tablet Pro at the best price. High-quality computers & tablets product with top-tier features and 2026 technology.,True,False,2026-07-28T06:30:00.000Z,2026-07-28T06:30:00.000Z,https://images.samsung.com/is/image/samsung/p6pim/us/samsung-x279-uq-tablet-pro/samsung-x279-uq-tablet-pro-gallery-1.jpg,https://images.samsung.com/is/image/samsung/p6pim/us/samsung-x279-uq-tablet-pro/samsung-x279-uq-tablet-pro-gallery-2.jpg,https://images.samsung.com/is/image/samsung/p6pim/us/samsung-x279-uq-tablet-pro/samsung-x279-uq-tablet-pro-gallery-3.jpg,https://images.samsung.com/is/image/samsung/p6pim/us/samsung-x279-uq-tablet-pro/samsung-x279-uq-tablet-pro-gallery-4.jpg,https://images.samsung.com/is/image/samsung/p6pim/us/samsung-x279-uq-tablet-pro/samsung-x279-uq-tablet-pro-gallery-5.jpg
1040,samsung-x769-tz-tablet-pro,Samsung X769-TZ Tablet Pro,"<p>Experience the ultimate in computers & tablets with the Samsung X769-TZ Tablet Pro. Designed for performance and style, this product offers cutting-edge technology and premium features.</p><ul><li>High-performance hardware for seamless operation</li><li>Elegant design that fits any lifestyle</li><li>Industry-leading reliability and support</li></ul>",Samsung,Computers & Tablets,Computers,"[""computers"", ""trending"", ""2026"", ""electronics""]",2648.24,3177.89,https://images.samsung.com/is/image/samsung/p6pim/us/samsung-x769-tz-tablet-pro/samsung-x769-tz-tablet-pro-gallery-1.jpg,Samsung X769-TZ Tablet Pro,Samsung X769-TZ Tablet Pro | Top Rated Computers & Tablets,Buy the Samsung X769-TZ Tablet Pro at the best price. High-quality computers & tablets product with top-tier features and 2026 technology.,True,False,2026-07-28T06:30:00.000Z,2026-07-28T06:30:00.000Z,https://images.samsung.com/is/image/samsung/p6pim/us/samsung-x769-tz-tablet-pro/samsung-x769-tz-tablet-pro-gallery-1.jpg,https://images.samsung.com/is/image/samsung/p6pim/us/samsung-x769-tz-tablet-pro/samsung-x769-tz-tablet-pro-gallery-2.jpg,https://images.samsung.com/is/image/samsung/p6pim/us/samsung-x769-tz-tablet-pro/samsung-x769-tz-tablet-pro-gallery-3.jpg,https://images.samsung.com/is/image/samsung/p6pim/us/samsung-x769-tz-tablet-pro/samsung-x769-tz-tablet-pro-gallery-4.jpg,https://images.samsung.com/is/image/samsung/p6pim/us/samsung-x769-tz-tablet-pro/samsung-x769-tz-tablet-pro-gallery-5.jpg
1041,samsung-x641-be-chromebook,Samsung X641-BE Chromebook,"<p>Experience the ultimate in computers & tablets with the Samsung X641-BE Chromebook. Designed for performance and style, this product offers cutting-edge technology and premium features.</p><ul><li>High-performance hardware for seamless operation</li><li>Elegant design that fits any lifestyle</li><li>Industry-leading reliability and support</li></ul>",Samsung,Computers & Tablets,Computers,"[""computers"", ""trending"", ""2026"", ""electronics""]",128.69,154.43,https://images.samsung.com/is/image/samsung/p6pim/us/samsung-x641-be-chromebook/samsung-x641-be-chromebook-gallery-1.jpg,Samsung X641-BE Chromebook,Samsung X641-BE Chromebook | Top Rated Computers & Tablets,Buy the Samsung X641-BE Chromebook at the best price. High-quality computers & tablets product with top-tier features and 2026 technology.,True,True,2026-07-28T06:30:00.000Z,2026-07-28T06:30:00.000Z,https://images.samsung.com/is/image/samsung/p6pim/us/samsung-x641-be-chromebook/samsung-x641-be-chromebook-gallery-1.jpg,https://images.samsung.com/is/image/samsung/p6pim/us/samsung-x641-be-chromebook/samsung-x641-be-chromebook-gallery-2.jpg,https://images.samsung.com/is/image/samsung/p6pim/us/samsung-x641-be-chromebook/samsung-x641-be-chromebook-gallery-3.jpg,https://images.samsung.com/is/image/samsung/p6pim/us/samsung-x641-be-chromebook/samsung-x641-be-chromebook-gallery-4.jpg,https://images.samsung.com/is/image/samsung/p6pim/us/samsung-x641-be-chromebook/samsung-x641-be-chromebook-gallery-5.jpg
1042,asus-x726-ot-chromebook,ASUS X726-OT Chromebook,"<p>Experience the ultimate in computers & tablets with the ASUS X726-OT Chromebook. Designed for performance and style, this product offers cutting-edge technology and premium features.</p><ul><li>High-performance hardware for seamless operation</li><li>Elegant design that fits any lifestyle</li><li>Industry-leading reliability and support</li></ul>",ASUS,Computers & Tablets,Computers,"[""computers"", ""trending"", ""2026"", ""electronics""]",385.3,462.36,https://m.media-amazon.com/images/I/asus-x726-ot-chromebook-pic-1.jpg,ASUS X726-OT Chromebook,ASUS X726-OT Chromebook | Top Rated Computers & Tablets,Buy the ASUS X726-OT Chromebook at the best price. High-quality computers & tablets product with top-tier features and 2026 technology.,True,False,2026-07-28T06:30:00.000Z,2026-07-28T06:30:00.000Z,https://m.media-amazon.com/images/I/asus-x726-ot-chromebook-pic-1.jpg,https://m.media-amazon.com/images/I/asus-x726-ot-chromebook-pic-2.jpg,https://m.media-amazon.com/images/I/asus-x726-ot-chromebook-pic-3.jpg,https://m.media-amazon.com/images/I/asus-x726-ot-chromebook-pic-4.jpg,https://m.media-amazon.com/images/I/asus-x726-ot-chromebook-pic-5.jpg
1043,acer-x702-ej-desktop-pc,Acer X702-EJ Desktop PC,"<p>Experience the ultimate in computers & tablets with the Acer X702-EJ Desktop PC. Designed for performance and style, this product offers cutting-edge technology and premium features.</p><ul><li>High-performance hardware for seamless operation</li><li>Elegant design that fits any lifestyle</li><li>Industry-leading reliability and support</li></ul>",Acer,Computers & Tablets,Computers,"[""computers"", ""trending"", ""2026"", ""electronics""]",2599.79,3119.75,https://m.media-amazon.com/images/I/acer-x702-ej-desktop-pc-pic-1.jpg,Acer X702-EJ Desktop PC,Acer X702-EJ Desktop PC | Top Rated Computers & Tablets,Buy the Acer X702-EJ Desktop PC at the best price. High-quality computers & tablets product with top-tier features and 2026 technology.,True,True,2026-07-28T06:30:00.000Z,2026-07-28T06:30:00.000Z,https://m.media-amazon.com/images/I/acer-x702-ej-desktop-pc-pic-1.jpg,https://m.media-amazon.com/images/I/acer-x702-ej-desktop-pc-pic-2.jpg,https://m.media-amazon.com/images/I/acer-x702-ej-desktop-pc-pic-3.jpg,https://m.media-amazon.com/images/I/acer-x702-ej-desktop-pc-pic-4.jpg,https://m.media-amazon.com/images/I/acer-x702-ej-desktop-pc-pic-5.jpg
1044,apple-x968-tk-desktop-pc,Apple X968-TK Desktop PC,"<p>Experience the ultimate in computers & tablets with the Apple X968-TK Desktop PC. Designed for performance and style, this product offers cutting-edge technology and premium features.</p><ul><li>High-performance hardware for seamless operation</li><li>Elegant design that fits any lifestyle</li><li>Industry-leading reliability and support</li></ul>",Apple,Computers & Tablets,Computers,"[""computers"", ""trending"", ""2026"", ""electronics""]",482.26,578.71,https://store.storeimages.cdn-apple.com/as-images.apple.com/is/apple-x968-tk-desktop-pc-gallery-1?wid=1000,Apple X968-TK Desktop PC,Apple X968-TK Desktop PC | Top Rated Computers & Tablets,Buy the Apple X968-TK Desktop PC at the best price. High-quality computers & tablets product with top-tier features and 2026 technology.,True,True,2026-07-28T06:30:00.000Z,2026-07-28T06:30:00.000Z,https://store.storeimages.cdn-apple.com/as-images.apple.com/is/apple-x968-tk-desktop-pc-gallery-1?wid=1000,https://store.storeimages.cdn-apple.com/as-images.apple.com/is/apple-x968-tk-desktop-pc-gallery-2?wid=1000,https://store.storeimages.cdn-apple.com/as-images.apple.com/is/apple-x968-tk-desktop-pc-gallery-3?wid=1000,https://store.storeimages.cdn-apple.com/as-images.apple.com/is/apple-x968-tk-desktop-pc-gallery-4?wid=1000,https://store.storeimages.cdn-apple.com/as-images.apple.com/is/apple-x968-tk-desktop-pc-gallery-5?wid=1000
1045,microsoft-x800-cj-chromebook,Microsoft X800-CJ Chromebook,"<p>Experience the ultimate in computers & tablets with the Microsoft X800-CJ Chromebook. Designed for performance and style, this product offers cutting-edge technology and premium features.</p><ul><li>High-performance hardware for seamless operation</li><li>Elegant design that fits any lifestyle</li><li>Industry-leading reliability and support</li></ul>",Microsoft,Computers & Tablets,Computers,"[""computers"", ""trending"", ""2026"", ""electronics""]",1430.11,1716.13,https://m.media-amazon.com/images/I/microsoft-x800-cj-chromebook-pic-1.jpg,Microsoft X800-CJ Chromebook,Microsoft X800-CJ Chromebook | Top Rated Computers & Tablets,Buy the Microsoft X800-CJ Chromebook at the best price. High-quality computers & tablets product with top-tier features and 2026 technology.,True,False,2026-07-28T06:30:00.000Z,2026-07-28T06:30:00.000Z,https://m.media-amazon.com/images/I/microsoft-x800-cj-chromebook-pic-1.jpg,https://m.media-amazon.com/images/I/microsoft-x800-cj-chromebook-pic-2.jpg,https://m.media-amazon.com/images/I/microsoft-x800-cj-chromebook-pic-3.jpg,https://m.media-amazon.com/images/I/microsoft-x800-cj-chromebook-pic-4.jpg,https://m.media-amazon.com/images/I/microsoft-x800-cj-chromebook-pic-5.jpg
1046,acer-x827-gp-desktop-pc,Acer X827-GP Desktop PC,"<p>Experience the ultimate in computers & tablets with the Acer X827-GP Desktop PC. Designed for performance and style, this product offers cutting-edge technology and premium features.</p><ul><li>High-performance hardware for seamless operation</li><li>Elegant design that fits any lifestyle</li><li>Industry-leading reliability and support</li></ul>",Acer,Computers & Tablets,Computers,"[""computers"", ""trending"", ""2026"", ""electronics""]",342.65,411.18,https://m.media-amazon.com/images/I/acer-x827-gp-desktop-pc-pic-1.jpg,Acer X827-GP Desktop PC,Acer X827-GP Desktop PC | Top Rated Computers & Tablets,Buy the Acer X827-GP Desktop PC at the best price. High-quality computers & tablets product with top-tier features and 2026 technology.,True,True,2026-07-28T06:30:00.000Z,2026-07-28T06:30:00.000Z,https://m.media-amazon.com/images/I/acer-x827-gp-desktop-pc-pic-1.jpg,https://m.media-amazon.com/images/I/acer-x827-gp-desktop-pc-pic-2.jpg,https://m.media-amazon.com/images/I/acer-x827-gp-desktop-pc-pic-3.jpg,https://m.media-amazon.com/images/I/acer-x827-gp-desktop-pc-pic-4.jpg,https://m.media-amazon.com/images/I/acer-x827-gp-desktop-pc-pic-5.jpg
1047,samsung-x770-uk-chromebook,Samsung X770-UK Chromebook,"<p>Experience the ultimate in computers & tablets with the Samsung X770-UK Chromebook. Designed for performance and style, this product offers cutting-edge technology and premium features.</p><ul><li>High-performance hardware for seamless operation</li><li>Elegant design that fits any lifestyle</li><li>Industry-leading reliability and support</li></ul>",Samsung,Computers & Tablets,Computers,"[""computers"", ""trending"", ""2026"", ""electronics""]",735.21,882.25,https://images.samsung.com/is/image/samsung/p6pim/us/samsung-x770-uk-chromebook/samsung-x770-uk-chromebook-gallery-1.jpg,Samsung X770-UK Chromebook,Samsung X770-UK Chromebook | Top Rated Computers & Tablets,Buy the Samsung X770-UK Chromebook at the best price. High-quality computers & tablets product with top-tier features and 2026 technology.,True,True,2026-07-28T06:30:00.000Z,2026-07-28T06:30:00.000Z,https://images.samsung.com/is/image/samsung/p6pim/us/samsung-x770-uk-chromebook/samsung-x770-uk-chromebook-gallery-1.jpg,https://images.samsung.com/is/image/samsung/p6pim/us/samsung-x770-uk-chromebook/samsung-x770-uk-chromebook-gallery-2.jpg,https://images.samsung.com/is/image/samsung/p6pim/us/samsung-x770-uk-chromebook/samsung-x770-uk-chromebook-gallery-3.jpg,https://images.samsung.com/is/image/samsung/p6pim/us/samsung-x770-uk-chromebook/samsung-x770-uk-chromebook-gallery-4.jpg,https://images.samsung.com/is/image/samsung/p6pim/us/samsung-x770-uk-chromebook/samsung-x770-uk-chromebook-gallery-5.jpg
1048,dell-x137-pv-tablet-pro,Dell X137-PV Tablet Pro,"<p>Experience the ultimate in computers & tablets with the Dell X137-PV Tablet Pro. Designed for performance and style, this product offers cutting-edge technology and premium features.</p><ul><li>High-performance hardware for seamless operation</li><li>Elegant design that fits any lifestyle</li><li>Industry-leading reliability and support</li></ul>",Dell,Computers & Tablets,Computers,"[""computers"", ""trending"", ""2026"", ""electronics""]",2152.76,2583.31,https://m.media-amazon.com/images/I/dell-x137-pv-tablet-pro-pic-1.jpg,Dell X137-PV Tablet Pro,Dell X137-PV Tablet Pro | Top Rated Computers & Tablets,Buy the Dell X137-PV Tablet Pro at the best price. High-quality computers & tablets product with top-tier features and 2026 technology.,True,True,2026-07-28T06:30:00.000Z,2026-07-28T06:30:00.000Z,https://m.media-amazon.com/images/I/dell-x137-pv-tablet-pro-pic-1.jpg,https://m.media-amazon.com/images/I/dell-x137-pv-tablet-pro-pic-2.jpg,https://m.media-amazon.com/images/I/dell-x137-pv-tablet-pro-pic-3.jpg,https://m.media-amazon.com/images/I/dell-x137-pv-tablet-pro-pic-4.jpg,https://m.media-amazon.com/images/I/dell-x137-pv-tablet-pro-pic-5.jpg
1049,samsung-x570-wx-desktop-pc,Samsung X570-WX Desktop PC,"<p>Experience the ultimate in computers & tablets with the Samsung X570-WX Desktop PC. Designed for performance and style, this product offers cutting-edge technology and premium features.</p><ul><li>High-performance hardware for seamless operation</li><li>Elegant design that fits any lifestyle</li><li>Industry-leading reliability and support</li></ul>",Samsung,Computers & Tablets,Computers,"[""computers"", ""trending"", ""2026"", ""electronics""]",205.34,246.41,https://images.samsung.com/is/image/samsung/p6pim/us/samsung-x570-wx-desktop-pc/samsung-x570-wx-desktop-pc-gallery-1.jpg,Samsung X570-WX Desktop PC,Samsung X570-WX Desktop PC | Top Rated Computers & Tablets,Buy the Samsung X570-WX Desktop PC at the best price. High-quality computers & tablets product with top-tier features and 2026 technology.,True,True,2026-07-28T06:30:00.000Z,2026-07-28T06:30:00.000Z,https://images.samsung.com/is/image/samsung/p6pim/us/samsung-x570-wx-desktop-pc/samsung-x570-wx-desktop-pc-gallery-1.jpg,https://images.samsung.com/is/image/samsung/p6pim/us/samsung-x570-wx-desktop-pc/samsung-x570-wx-desktop-pc-gallery-2.jpg,https://images.samsung.com/is/image/samsung/p6pim/us/samsung-x570-wx-desktop-pc/samsung-x570-wx-desktop-pc-gallery-3.jpg,https://images.samsung.com/is/image/samsung/p6pim/us/samsung-x570-wx-desktop-pc/samsung-x570-wx-desktop-pc-gallery-4.jpg,https://images.samsung.com/is/image/samsung/p6pim/us/samsung-x570-wx-desktop-pc/samsung-x570-wx-desktop-pc-gallery-5.jpg
1050,microsoft-x985-jh-vr-headset,Microsoft X985-JH VR Headset,"<p>Experience the ultimate in video games with the Microsoft X985-JH VR Headset. Designed for performance and style, this product offers cutting-edge technology and premium features.</p><ul><li>High-performance hardware for seamless operation</li><li>Elegant design that fits any lifestyle</li><li>Industry-leading reliability and support</li></ul>",Microsoft,Video Games,Video Games,"[""video games"", ""trending"", ""2026"", ""electronics""]",1538.52,1846.22,https://m.media-amazon.com/images/I/microsoft-x985-jh-vr-headset-pic-1.jpg,Microsoft X985-JH VR Headset,Microsoft X985-JH VR Headset | Top Rated Video Games,Buy the Microsoft X985-JH VR Headset at the best price. High-quality video games product with top-tier features and 2026 technology.,True,False,2026-07-28T06:30:00.000Z,2026-07-28T06:30:00.000Z,https://m.media-amazon.com/images/I/microsoft-x985-jh-vr-headset-pic-1.jpg,https://m.media-amazon.com/images/I/microsoft-x985-jh-vr-headset-pic-2.jpg,https://m.media-amazon.com/images/I/microsoft-x985-jh-vr-headset-pic-3.jpg,https://m.media-amazon.com/images/I/microsoft-x985-jh-vr-headset-pic-4.jpg,https://m.media-amazon.com/images/I/microsoft-x985-jh-vr-headset-pic-5.jpg
1051,electronic-arts-x137-it-gaming-headset,Electronic Arts X137-IT Gaming Headset,"<p>Experience the ultimate in video games with the Electronic Arts X137-IT Gaming Headset. Designed for performance and style, this product offers cutting-edge technology and premium features.</p><ul><li>High-performance hardware for seamless operation</li><li>Elegant design that fits any lifestyle</li><li>Industry-leading reliability and support</li></ul>",Electronic Arts,Video Games,Video Games,"[""video games"", ""trending"", ""2026"", ""electronics""]",1539.92,1847.9,https://m.media-amazon.com/images/I/electronic-arts-x137-it-gaming-headset-pic-1.jpg,Electronic Arts X137-IT Gaming Headset,Electronic Arts X137-IT Gaming Headset | Top Rated Video Games,Buy the Electronic Arts X137-IT Gaming Headset at the best price. High-quality video games product with top-tier features and 2026 technology.,True,False,2026-07-28T06:30:00.000Z,2026-07-28T06:30:00.000Z,https://m.media-amazon.com/images/I/electronic-arts-x137-it-gaming-headset-pic-1.jpg,https://m.media-amazon.com/images/I/electronic-arts-x137-it-gaming-headset-pic-2.jpg,https://m.media-amazon.com/images/I/electronic-arts-x137-it-gaming-headset-pic-3.jpg,https://m.media-amazon.com/images/I/electronic-arts-x137-it-gaming-headset-pic-4.jpg,https://m.media-amazon.com/images/I/electronic-arts-x137-it-gaming-headset-pic-5.jpg
1052,sega-x892-jz-vr-headset,Sega X892-JZ VR Headset,"<p>Experience the ultimate in video games with the Sega X892-JZ VR Headset. Designed for performance and style, this product offers cutting-edge technology and premium features.</p><ul><li>High-performance hardware for seamless operation</li><li>Elegant design that fits any lifestyle</li><li>Industry-leading reliability and support</li></ul>",Sega,Video Games,Video Games,"[""video games"", ""trending"", ""2026"", ""electronics""]",542.09,650.51,https://m.media-amazon.com/images/I/sega-x892-jz-vr-headset-pic-1.jpg,Sega X892-JZ VR Headset,Sega X892-JZ VR Headset | Top Rated Video Games,Buy the Sega X892-JZ VR Headset at the best price. High-quality video games product with top-tier features and 2026 technology.,True,True,2026-07-28T06:30:00.000Z,2026-07-28T06:30:00.000Z,https://m.media-amazon.com/images/I/sega-x892-jz-vr-headset-pic-1.jpg,https://m.media-amazon.com/images/I/sega-x892-jz-vr-headset-pic-2.jpg,https://m.media-amazon.com/images/I/sega-x892-jz-vr-headset-pic-3.jpg,https://m.media-amazon.com/images/I/sega-x892-jz-vr-headset-pic-4.jpg,https://m.media-amazon.com/images/I/sega-x892-jz-vr-headset-pic-5.jpg
1053,sony-x732-ab-gaming-headset,Sony X732-AB Gaming Headset,"<p>Experience the ultimate in video games with the Sony X732-AB Gaming Headset. Designed for performance and style, this product offers cutting-edge technology and premium features.</p><ul><li>High-performance hardware for seamless operation</li><li>Elegant design that fits any lifestyle</li><li>Industry-leading reliability and support</li></ul>",Sony,Video Games,Video Games,"[""video games"", ""trending"", ""2026"", ""electronics""]",1766.65,2119.98,https://m.media-amazon.com/images/I/sony-x732-ab-gaming-headset-pic-1.jpg,Sony X732-AB Gaming Headset,Sony X732-AB Gaming Headset | Top Rated Video Games,Buy the Sony X732-AB Gaming Headset at the best price. High-quality video games product with top-tier features and 2026 technology.,True,False,2026-07-28T06:30:00.000Z,2026-07-28T06:30:00.000Z,https://m.media-amazon.com/images/I/sony-x732-ab-gaming-headset-pic-1.jpg,https://m.media-amazon.com/images/I/sony-x732-ab-gaming-headset-pic-2.jpg,https://m.media-amazon.com/images/I/sony-x732-ab-gaming-headset-pic-3.jpg,https://m.media-amazon.com/images/I/sony-x732-ab-gaming-headset-pic-4.jpg,https://m.media-amazon.com/images/I/sony-x732-ab-gaming-headset-pic-5.jpg
1054,nintendo-x706-xk-wireless-controller,Nintendo X706-XK Wireless Controller,"<p>Experience the ultimate in video games with the Nintendo X706-XK Wireless Controller. Designed for performance and style, this product offers cutting-edge technology and premium features.</p><ul><li>High-performance hardware for seamless operation</li><li>Elegant design that fits any lifestyle</li><li>Industry-leading reliability and support</li></ul>",Nintendo,Video Games,Video Games,"[""video games"", ""trending"", ""2026"", ""electronics""]",2226.88,2672.26,https://m.media-amazon.com/images/I/nintendo-x706-xk-wireless-controller-pic-1.jpg,Nintendo X706-XK Wireless Controller,Nintendo X706-XK Wireless Controller | Top Rated Video Games,Buy the Nintendo X706-XK Wireless Controller at the best price. High-quality video games product with top-tier features and 2026 technology.,True,True,2026-07-28T06:30:00.000Z,2026-07-28T06:30:00.000Z,https://m.media-amazon.com/images/I/nintendo-x706-xk-wireless-controller-pic-1.jpg,https://m.media-amazon.com/images/I/nintendo-x706-xk-wireless-controller-pic-2.jpg,https://m.media-amazon.com/images/I/nintendo-x706-xk-wireless-controller-pic-3.jpg,https://m.media-amazon.com/images/I/nintendo-x706-xk-wireless-controller-pic-4.jpg,https://m.media-amazon.com/images/I/nintendo-x706-xk-wireless-controller-pic-5.jpg
1055,microsoft-x948-hg-vr-headset,Microsoft X948-HG VR Headset,"<p>Experience the ultimate in video games with the Microsoft X948-HG VR Headset. Designed for performance and style, this product offers cutting-edge technology and premium features.</p><ul><li>High-performance hardware for seamless operation</li><li>Elegant design that fits any lifestyle</li><li>Industry-leading reliability and support</li></ul>",Microsoft,Video Games,Video Games,"[""video games"", ""trending"", ""2026"", ""electronics""]",2925.14,3510.17,https://m.media-amazon.com/images/I/microsoft-x948-hg-vr-headset-pic-1.jpg,Microsoft X948-HG VR Headset,Microsoft X948-HG VR Headset | Top Rated Video Games,Buy the Microsoft X948-HG VR Headset at the best price. High-quality video games product with top-tier features and 2026 technology.,True,False,2026-07-28T06:30:00.000Z,2026-07-28T06:30:00.000Z,https://m.media-amazon.com/images/I/microsoft-x948-hg-vr-headset-pic-1.jpg,https://m.media-amazon.com/images/I/microsoft-x948-hg-vr-headset-pic-2.jpg,https://m.media-amazon.com/images/I/microsoft-x948-hg-vr-headset-pic-3.jpg,https://m.media-amazon.com/images/I/microsoft-x948-hg-vr-headset-pic-4.jpg,https://m.media-amazon.com/images/I/microsoft-x948-hg-vr-headset-pic-5.jpg
1056,ubisoft-x963-bv-gaming-headset,Ubisoft X963-BV Gaming Headset,"<p>Experience the ultimate in video games with the Ubisoft X963-BV Gaming Headset. Designed for performance and style, this product offers cutting-edge technology and premium features.</p><ul><li>High-performance hardware for seamless operation</li><li>Elegant design that fits any lifestyle</li><li>Industry-leading reliability and support</li></ul>",Ubisoft,Video Games,Video Games,"[""video games"", ""trending"", ""2026"", ""electronics""]",181.23,217.48,https://m.media-amazon.com/images/I/ubisoft-x963-bv-gaming-headset-pic-1.jpg,Ubisoft X963-BV Gaming Headset,Ubisoft X963-BV Gaming Headset | Top Rated Video Games,Buy the Ubisoft X963-BV Gaming Headset at the best price. High-quality video games product with top-tier features and 2026 technology.,True,False,2026-07-28T06:30:00.000Z,2026-07-28T06:30:00.000Z,https://m.media-amazon.com/images/I/ubisoft-x963-bv-gaming-headset-pic-1.jpg,https://m.media-amazon.com/images/I/ubisoft-x963-bv-gaming-headset-pic-2.jpg,https://m.media-amazon.com/images/I/ubisoft-x963-bv-gaming-headset-pic-3.jpg,https://m.media-amazon.com/images/I/ubisoft-x963-bv-gaming-headset-pic-4.jpg,https://m.media-amazon.com/images/I/ubisoft-x963-bv-gaming-headset-pic-5.jpg
1057,electronic-arts-x637-ew-wireless-controller,Electronic Arts X637-EW Wireless Controller,"<p>Experience the ultimate in video games with the Electronic Arts X637-EW Wireless Controller. Designed for performance and style, this product offers cutting-edge technology and premium features.</p><ul><li>High-performance hardware for seamless operation</li><li>Elegant design that fits any lifestyle</li><li>Industry-leading reliability and support</li></ul>",Electronic Arts,Video Games,Video Games,"[""video games"", ""trending"", ""2026"", ""electronics""]",2606.56,3127.87,https://m.media-amazon.com/images/I/electronic-arts-x637-ew-wireless-controller-pic-1.jpg,Electronic Arts X637-EW Wireless Controller,Electronic Arts X637-EW Wireless Controller | Top Rated Video Games,Buy the Electronic Arts X637-EW Wireless Controller at the best price. High-quality video games product with top-tier features and 2026 technology.,True,True,2026-07-28T06:30:00.000Z,2026-07-28T06:30:00.000Z,https://m.media-amazon.com/images/I/electronic-arts-x637-ew-wireless-controller-pic-1.jpg,https://m.media-amazon.com/images/I/electronic-arts-x637-ew-wireless-controller-pic-2.jpg,https://m.media-amazon.com/images/I/electronic-arts-x637-ew-wireless-controller-pic-3.jpg,https://m.media-amazon.com/images/I/electronic-arts-x637-ew-wireless-controller-pic-4.jpg,https://m.media-amazon.com/images/I/electronic-arts-x637-ew-wireless-controller-pic-5.jpg
1058,electronic-arts-x167-wb-console,Electronic Arts X167-WB Console,"<p>Experience the ultimate in video games with the Electronic Arts X167-WB Console. Designed for performance and style, this product offers cutting-edge technology and premium features.</p><ul><li>High-performance hardware for seamless operation</li><li>Elegant design that fits any lifestyle</li><li>Industry-leading reliability and support</li></ul>",Electronic Arts,Video Games,Video Games,"[""video games"", ""trending"", ""2026"", ""electronics""]",1824.95,2189.94,https://m.media-amazon.com/images/I/electronic-arts-x167-wb-console-pic-1.jpg,Electronic Arts X167-WB Console,Electronic Arts X167-WB Console | Top Rated Video Games,Buy the Electronic Arts X167-WB Console at the best price. High-quality video games product with top-tier features and 2026 technology.,True,True,2026-07-28T06:30:00.000Z,2026-07-28T06:30:00.000Z,https://m.media-amazon.com/images/I/electronic-arts-x167-wb-console-pic-1.jpg,https://m.media-amazon.com/images/I/electronic-arts-x167-wb-console-pic-2.jpg,https://m.media-amazon.com/images/I/electronic-arts-x167-wb-console-pic-3.jpg,https://m.media-amazon.com/images/I/electronic-arts-x167-wb-console-pic-4.jpg,https://m.media-amazon.com/images/I/electronic-arts-x167-wb-console-pic-5.jpg
1059,activision-x823-bm-console,Activision X823-BM Console,"<p>Experience the ultimate in video games with the Activision X823-BM Console. Designed for performance and style, this product offers cutting-edge technology and premium features.</p><ul><li>High-performance hardware for seamless operation</li><li>Elegant design that fits any lifestyle</li><li>Industry-leading reliability and support</li></ul>",Activision,Video Games,Video Games,"[""video games"", ""trending"", ""2026"", ""electronics""]",2257.47,2708.96,https://m.media-amazon.com/images/I/activision-x823-bm-console-pic-1.jpg,Activision X823-BM Console,Activision X823-BM Console | Top Rated Video Games,Buy the Activision X823-BM Console at the best price. High-quality video games product with top-tier features and 2026 technology.,True,False,2026-07-28T06:30:00.000Z,2026-07-28T06:30:00.000Z,https://m.media-amazon.com/images/I/activision-x823-bm-console-pic-1.jpg,https://m.media-amazon.com/images/I/activision-x823-bm-console-pic-2.jpg,https://m.media-amazon.com/images/I/activision-x823-bm-console-pic-3.jpg,https://m.media-amazon.com/images/I/activision-x823-bm-console-pic-4.jpg,https://m.media-amazon.com/images/I/activision-x823-bm-console-pic-5.jpg
1060,sony-x402-nh-vr-headset,Sony X402-NH VR Headset,"<p>Experience the ultimate in video games with the Sony X402-NH VR Headset. Designed for performance and style, this product offers cutting-edge technology and premium features.</p><ul><li>High-performance hardware for seamless operation</li><li>Elegant design that fits any lifestyle</li><li>Industry-leading reliability and support</li></ul>",Sony,Video Games,Video Games,"[""video games"", ""trending"", ""2026"", ""electronics""]",2427.75,2913.3,https://m.media-amazon.com/images/I/sony-x402-nh-vr-headset-pic-1.jpg,Sony X402-NH VR Headset,Sony X402-NH VR Headset | Top Rated Video Games,Buy the Sony X402-NH VR Headset at the best price. High-quality video games product with top-tier features and 2026 technology.,True,True,2026-07-28T06:30:00.000Z,2026-07-28T06:30:00.000Z,https://m.media-amazon.com/images/I/sony-x402-nh-vr-headset-pic-1.jpg,https://m.media-amazon.com/images/I/sony-x402-nh-vr-headset-pic-2.jpg,https://m.media-amazon.com/images/I/sony-x402-nh-vr-headset-pic-3.jpg,https://m.media-amazon.com/images/I/sony-x402-nh-vr-headset-pic-4.jpg,https://m.media-amazon.com/images/I/sony-x402-nh-vr-headset-pic-5.jpg
1061,microsoft-x256-zd-vr-headset,Microsoft X256-ZD VR Headset,"<p>Experience the ultimate in video games with the Microsoft X256-ZD VR Headset. Designed for performance and style, this product offers cutting-edge technology and premium features.</p><ul><li>High-performance hardware for seamless operation</li><li>Elegant design that fits any lifestyle</li><li>Industry-leading reliability and support</li></ul>",Microsoft,Video Games,Video Games,"[""video games"", ""trending"", ""2026"", ""electronics""]",724.37,869.24,https://m.media-amazon.com/images/I/microsoft-x256-zd-vr-headset-pic-1.jpg,Microsoft X256-ZD VR Headset,Microsoft X256-ZD VR Headset | Top Rated Video Games,Buy the Microsoft X256-ZD VR Headset at the best price. High-quality video games product with top-tier features and 2026 technology.,True,False,2026-07-28T06:30:00.000Z,2026-07-28T06:30:00.000Z,https://m.media-amazon.com/images/I/microsoft-x256-zd-vr-headset-pic-1.jpg,https://m.media-amazon.com/images/I/microsoft-x256-zd-vr-headset-pic-2.jpg,https://m.media-amazon.com/images/I/microsoft-x256-zd-vr-headset-pic-3.jpg,https://m.media-amazon.com/images/I/microsoft-x256-zd-vr-headset-pic-4.jpg,https://m.media-amazon.com/images/I/microsoft-x256-zd-vr-headset-pic-5.jpg
1062,nintendo-x529-tu-console,Nintendo X529-TU Console,"<p>Experience the ultimate in video games with the Nintendo X529-TU Console. Designed for performance and style, this product offers cutting-edge technology and premium features.</p><ul><li>High-performance hardware for seamless operation</li><li>Elegant design that fits any lifestyle</li><li>Industry-leading reliability and support</li></ul>",Nintendo,Video Games,Video Games,"[""video games"", ""trending"", ""2026"", ""electronics""]",505.84,607.01,https://m.media-amazon.com/images/I/nintendo-x529-tu-console-pic-1.jpg,Nintendo X529-TU Console,Nintendo X529-TU Console | Top Rated Video Games,Buy the Nintendo X529-TU Console at the best price. High-quality video games product with top-tier features and 2026 technology.,True,False,2026-07-28T06:30:00.000Z,2026-07-28T06:30:00.000Z,https://m.media-amazon.com/images/I/nintendo-x529-tu-console-pic-1.jpg,https://m.media-amazon.com/images/I/nintendo-x529-tu-console-pic-2.jpg,https://m.media-amazon.com/images/I/nintendo-x529-tu-console-pic-3.jpg,https://m.media-amazon.com/images/I/nintendo-x529-tu-console-pic-4.jpg,https://m.media-amazon.com/images/I/nintendo-x529-tu-console-pic-5.jpg
1063,sega-x733-ex-wireless-controller,Sega X733-EX Wireless Controller,"<p>Experience the ultimate in video games with the Sega X733-EX Wireless Controller. Designed for performance and style, this product offers cutting-edge technology and premium features.</p><ul><li>High-performance hardware for seamless operation</li><li>Elegant design that fits any lifestyle</li><li>Industry-leading reliability and support</li></ul>",Sega,Video Games,Video Games,"[""video games"", ""trending"", ""2026"", ""electronics""]",940.45,1128.54,https://m.media-amazon.com/images/I/sega-x733-ex-wireless-controller-pic-1.jpg,Sega X733-EX Wireless Controller,Sega X733-EX Wireless Controller | Top Rated Video Games,Buy the Sega X733-EX Wireless Controller at the best price. High-quality video games product with top-tier features and 2026 technology.,True,True,2026-07-28T06:30:00.000Z,2026-07-28T06:30:00.000Z,https://m.media-amazon.com/images/I/sega-x733-ex-wireless-controller-pic-1.jpg,https://m.media-amazon.com/images/I/sega-x733-ex-wireless-controller-pic-2.jpg,https://m.media-amazon.com/images/I/sega-x733-ex-wireless-controller-pic-3.jpg,https://m.media-amazon.com/images/I/sega-x733-ex-wireless-controller-pic-4.jpg,https://m.media-amazon.com/images/I/sega-x733-ex-wireless-controller-pic-5.jpg
1064,nintendo-x296-xu-gaming-headset,Nintendo X296-XU Gaming Headset,"<p>Experience the ultimate in video games with the Nintendo X296-XU Gaming Headset. Designed for performance and style, this product offers cutting-edge technology and premium features.</p><ul><li>High-performance hardware for seamless operation</li><li>Elegant design that fits any lifestyle</li><li>Industry-leading reliability and support</li></ul>",Nintendo,Video Games,Video Games,"[""video games"", ""trending"", ""2026"", ""electronics""]",755.88,907.06,https://m.media-amazon.com/images/I/nintendo-x296-xu-gaming-headset-pic-1.jpg,Nintendo X296-XU Gaming Headset,Nintendo X296-XU Gaming Headset | Top Rated Video Games,Buy the Nintendo X296-XU Gaming Headset at the best price. High-quality video games product with top-tier features and 2026 technology.,True,True,2026-07-28T06:30:00.000Z,2026-07-28T06:30:00.000Z,https://m.media-amazon.com/images/I/nintendo-x296-xu-gaming-headset-pic-1.jpg,https://m.media-amazon.com/images/I/nintendo-x296-xu-gaming-headset-pic-2.jpg,https://m.media-amazon.com/images/I/nintendo-x296-xu-gaming-headset-pic-3.jpg,https://m.media-amazon.com/images/I/nintendo-x296-xu-gaming-headset-pic-4.jpg,https://m.media-amazon.com/images/I/nintendo-x296-xu-gaming-headset-pic-5.jpg
1065,sega-x792-cu-console,Sega X792-CU Console,"<p>Experience the ultimate in video games with the Sega X792-CU Console. Designed for performance and style, this product offers cutting-edge technology and premium features.</p><ul><li>High-performance hardware for seamless operation</li><li>Elegant design that fits any lifestyle</li><li>Industry-leading reliability and support</li></ul>",Sega,Video Games,Video Games,"[""video games"", ""trending"", ""2026"", ""electronics""]",262.65,315.18,https://m.media-amazon.com/images/I/sega-x792-cu-console-pic-1.jpg,Sega X792-CU Console,Sega X792-CU Console | Top Rated Video Games,Buy the Sega X792-CU Console at the best price. High-quality video games product with top-tier features and 2026 technology.,True,True,2026-07-28T06:30:00.000Z,2026-07-28T06:30:00.000Z,https://m.media-amazon.com/images/I/sega-x792-cu-console-pic-1.jpg,https://m.media-amazon.com/images/I/sega-x792-cu-console-pic-2.jpg,https://m.media-amazon.com/images/I/sega-x792-cu-console-pic-3.jpg,https://m.media-amazon.com/images/I/sega-x792-cu-console-pic-4.jpg,https://m.media-amazon.com/images/I/sega-x792-cu-console-pic-5.jpg
1066,sony-x655-iz-wireless-controller,Sony X655-IZ Wireless Controller,"<p>Experience the ultimate in video games with the Sony X655-IZ Wireless Controller. Designed for performance and style, this product offers cutting-edge technology and premium features.</p><ul><li>High-performance hardware for seamless operation</li><li>Elegant design that fits any lifestyle</li><li>Industry-leading reliability and support</li></ul>",Sony,Video Games,Video Games,"[""video games"", ""trending"", ""2026"", ""electronics""]",2357.03,2828.44,https://m.media-amazon.com/images/I/sony-x655-iz-wireless-controller-pic-1.jpg,Sony X655-IZ Wireless Controller,Sony X655-IZ Wireless Controller | Top Rated Video Games,Buy the Sony X655-IZ Wireless Controller at the best price. High-quality video games product with top-tier features and 2026 technology.,True,True,2026-07-28T06:30:00.000Z,2026-07-28T06:30:00.000Z,https://m.media-amazon.com/images/I/sony-x655-iz-wireless-controller-pic-1.jpg,https://m.media-amazon.com/images/I/sony-x655-iz-wireless-controller-pic-2.jpg,https://m.media-amazon.com/images/I/sony-x655-iz-wireless-controller-pic-3.jpg,https://m.media-amazon.com/images/I/sony-x655-iz-wireless-controller-pic-4.jpg,https://m.media-amazon.com/images/I/sony-x655-iz-wireless-controller-pic-5.jpg
1067,nintendo-x632-op-gaming-headset,Nintendo X632-OP Gaming Headset,"<p>Experience the ultimate in video games with the Nintendo X632-OP Gaming Headset. Designed for performance and style, this product offers cutting-edge technology and premium features.</p><ul><li>High-performance hardware for seamless operation</li><li>Elegant design that fits any lifestyle</li><li>Industry-leading reliability and support</li></ul>",Nintendo,Video Games,Video Games,"[""video games"", ""trending"", ""2026"", ""electronics""]",772.17,926.6,https://m.media-amazon.com/images/I/nintendo-x632-op-gaming-headset-pic-1.jpg,Nintendo X632-OP Gaming Headset,Nintendo X632-OP Gaming Headset | Top Rated Video Games,Buy the Nintendo X632-OP Gaming Headset at the best price. High-quality video games product with top-tier features and 2026 technology.,True,False,2026-07-28T06:30:00.000Z,2026-07-28T06:30:00.000Z,https://m.media-amazon.com/images/I/nintendo-x632-op-gaming-headset-pic-1.jpg,https://m.media-amazon.com/images/I/nintendo-x632-op-gaming-headset-pic-2.jpg,https://m.media-amazon.com/images/I/nintendo-x632-op-gaming-headset-pic-3.jpg,https://m.media-amazon.com/images/I/nintendo-x632-op-gaming-headset-pic-4.jpg,https://m.media-amazon.com/images/I/nintendo-x632-op-gaming-headset-pic-5.jpg
1068,microsoft-x909-ts-gaming-headset,Microsoft X909-TS Gaming Headset,"<p>Experience the ultimate in video games with the Microsoft X909-TS Gaming Headset. Designed for performance and style, this product offers cutting-edge technology and premium features.</p><ul><li>High-performance hardware for seamless operation</li><li>Elegant design that fits any lifestyle</li><li>Industry-leading reliability and support</li></ul>",Microsoft,Video Games,Video Games,"[""video games"", ""trending"", ""2026"", ""electronics""]",2201.8,2642.16,https://m.media-amazon.com/images/I/microsoft-x909-ts-gaming-headset-pic-1.jpg,Microsoft X909-TS Gaming Headset,Microsoft X909-TS Gaming Headset | Top Rated Video Games,Buy the Microsoft X909-TS Gaming Headset at the best price. High-quality video games product with top-tier features and 2026 technology.,True,False,2026-07-28T06:30:00.000Z,2026-07-28T06:30:00.000Z,https://m.media-amazon.com/images/I/microsoft-x909-ts-gaming-headset-pic-1.jpg,https://m.media-amazon.com/images/I/microsoft-x909-ts-gaming-headset-pic-2.jpg,https://m.media-amazon.com/images/I/microsoft-x909-ts-gaming-headset-pic-3.jpg,https://m.media-amazon.com/images/I/microsoft-x909-ts-gaming-headset-pic-4.jpg,https://m.media-amazon.com/images/I/microsoft-x909-ts-gaming-headset-pic-5.jpg
1069,electronic-arts-x552-hy-vr-headset,Electronic Arts X552-HY VR Headset,"<p>Experience the ultimate in video games with the Electronic Arts X552-HY VR Headset. Designed for performance and style, this product offers cutting-edge technology and premium features.</p><ul><li>High-performance hardware for seamless operation</li><li>Elegant design that fits any lifestyle</li><li>Industry-leading reliability and support</li></ul>",Electronic Arts,Video Games,Video Games,"[""video games"", ""trending"", ""2026"", ""electronics""]",2612.49,3134.99,https://m.media-amazon.com/images/I/electronic-arts-x552-hy-vr-headset-pic-1.jpg,Electronic Arts X552-HY VR Headset,Electronic Arts X552-HY VR Headset | Top Rated Video Games,Buy the Electronic Arts X552-HY VR Headset at the best price. High-quality video games product with top-tier features and 2026 technology.,True,False,2026-07-28T06:30:00.000Z,2026-07-28T06:30:00.000Z,https://m.media-amazon.com/images/I/electronic-arts-x552-hy-vr-headset-pic-1.jpg,https://m.media-amazon.com/images/I/electronic-arts-x552-hy-vr-headset-pic-2.jpg,https://m.media-amazon.com/images/I/electronic-arts-x552-hy-vr-headset-pic-3.jpg,https://m.media-amazon.com/images/I/electronic-arts-x552-hy-vr-headset-pic-4.jpg,https://m.media-amazon.com/images/I/electronic-arts-x552-hy-vr-headset-pic-5.jpg
1070,sony-x105-bj-wireless-controller,Sony X105-BJ Wireless Controller,"<p>Experience the ultimate in video games with the Sony X105-BJ Wireless Controller. Designed for performance and style, this product offers cutting-edge technology and premium features.</p><ul><li>High-performance hardware for seamless operation</li><li>Elegant design that fits any lifestyle</li><li>Industry-leading reliability and support</li></ul>",Sony,Video Games,Video Games,"[""video games"", ""trending"", ""2026"", ""electronics""]",1631.11,1957.33,https://m.media-amazon.com/images/I/sony-x105-bj-wireless-controller-pic-1.jpg,Sony X105-BJ Wireless Controller,Sony X105-BJ Wireless Controller | Top Rated Video Games,Buy the Sony X105-BJ Wireless Controller at the best price. High-quality video games product with top-tier features and 2026 technology.,True,False,2026-07-28T06:30:00.000Z,2026-07-28T06:30:00.000Z,https://m.media-amazon.com/images/I/sony-x105-bj-wireless-controller-pic-1.jpg,https://m.media-amazon.com/images/I/sony-x105-bj-wireless-controller-pic-2.jpg,https://m.media-amazon.com/images/I/sony-x105-bj-wireless-controller-pic-3.jpg,https://m.media-amazon.com/images/I/sony-x105-bj-wireless-controller-pic-4.jpg,https://m.media-amazon.com/images/I/sony-x105-bj-wireless-controller-pic-5.jpg
1071,activision-x342-ug-gaming-headset,Activision X342-UG Gaming Headset,"<p>Experience the ultimate in video games with the Activision X342-UG Gaming Headset. Designed for performance and style, this product offers cutting-edge technology and premium features.</p><ul><li>High-performance hardware for seamless operation</li><li>Elegant design that fits any lifestyle</li><li>Industry-leading reliability and support</li></ul>",Activision,Video Games,Video Games,"[""video games"", ""trending"", ""2026"", ""electronics""]",2340.92,2809.1,https://m.media-amazon.com/images/I/activision-x342-ug-gaming-headset-pic-1.jpg,Activision X342-UG Gaming Headset,Activision X342-UG Gaming Headset | Top Rated Video Games,Buy the Activision X342-UG Gaming Headset at the best price. High-quality video games product with top-tier features and 2026 technology.,True,True,2026-07-28T06:30:00.000Z,2026-07-28T06:30:00.000Z,https://m.media-amazon.com/images/I/activision-x342-ug-gaming-headset-pic-1.jpg,https://m.media-amazon.com/images/I/activision-x342-ug-gaming-headset-pic-2.jpg,https://m.media-amazon.com/images/I/activision-x342-ug-gaming-headset-pic-3.jpg,https://m.media-amazon.com/images/I/activision-x342-ug-gaming-headset-pic-4.jpg,https://m.media-amazon.com/images/I/activision-x342-ug-gaming-headset-pic-5.jpg
1072,sega-x513-jz-wireless-controller,Sega X513-JZ Wireless Controller,"<p>Experience the ultimate in video games with the Sega X513-JZ Wireless Controller. Designed for performance and style, this product offers cutting-edge technology and premium features.</p><ul><li>High-performance hardware for seamless operation</li><li>Elegant design that fits any lifestyle</li><li>Industry-leading reliability and support</li></ul>",Sega,Video Games,Video Games,"[""video games"", ""trending"", ""2026"", ""electronics""]",1523.09,1827.71,https://m.media-amazon.com/images/I/sega-x513-jz-wireless-controller-pic-1.jpg,Sega X513-JZ Wireless Controller,Sega X513-JZ Wireless Controller | Top Rated Video Games,Buy the Sega X513-JZ Wireless Controller at the best price. High-quality video games product with top-tier features and 2026 technology.,True,False,2026-07-28T06:30:00.000Z,2026-07-28T06:30:00.000Z,https://m.media-amazon.com/images/I/sega-x513-jz-wireless-controller-pic-1.jpg,https://m.media-amazon.com/images/I/sega-x513-jz-wireless-controller-pic-2.jpg,https://m.media-amazon.com/images/I/sega-x513-jz-wireless-controller-pic-3.jpg,https://m.media-amazon.com/images/I/sega-x513-jz-wireless-controller-pic-4.jpg,https://m.media-amazon.com/images/I/sega-x513-jz-wireless-controller-pic-5.jpg
1073,sony-x309-ta-vr-headset,Sony X309-TA VR Headset,"<p>Experience the ultimate in video games with the Sony X309-TA VR Headset. Designed for performance and style, this product offers cutting-edge technology and premium features.</p><ul><li>High-performance hardware for seamless operation</li><li>Elegant design that fits any lifestyle</li><li>Industry-leading reliability and support</li></ul>",Sony,Video Games,Video Games,"[""video games"", ""trending"", ""2026"", ""electronics""]",682.7,819.24,https://m.media-amazon.com/images/I/sony-x309-ta-vr-headset-pic-1.jpg,Sony X309-TA VR Headset,Sony X309-TA VR Headset | Top Rated Video Games,Buy the Sony X309-TA VR Headset at the best price. High-quality video games product with top-tier features and 2026 technology.,True,False,2026-07-28T06:30:00.000Z,2026-07-28T06:30:00.000Z,https://m.media-amazon.com/images/I/sony-x309-ta-vr-headset-pic-1.jpg,https://m.media-amazon.com/images/I/sony-x309-ta-vr-headset-pic-2.jpg,https://m.media-amazon.com/images/I/sony-x309-ta-vr-headset-pic-3.jpg,https://m.media-amazon.com/images/I/sony-x309-ta-vr-headset-pic-4.jpg,https://m.media-amazon.com/images/I/sony-x309-ta-vr-headset-pic-5.jpg
1074,activision-x483-qx-vr-headset,Activision X483-QX VR Headset,"<p>Experience the ultimate in video games with the Activision X483-QX VR Headset. Designed for performance and style, this product offers cutting-edge technology and premium features.</p><ul><li>High-performance hardware for seamless operation</li><li>Elegant design that fits any lifestyle</li><li>Industry-leading reliability and support</li></ul>",Activision,Video Games,Video Games,"[""video games"", ""trending"", ""2026"", ""electronics""]",2815.57,3378.68,https://m.media-amazon.com/images/I/activision-x483-qx-vr-headset-pic-1.jpg,Activision X483-QX VR Headset,Activision X483-QX VR Headset | Top Rated Video Games,Buy the Activision X483-QX VR Headset at the best price. High-quality video games product with top-tier features and 2026 technology.,True,False,2026-07-28T06:30:00.000Z,2026-07-28T06:30:00.000Z,https://m.media-amazon.com/images/I/activision-x483-qx-vr-headset-pic-1.jpg,https://m.media-amazon.com/images/I/activision-x483-qx-vr-headset-pic-2.jpg,https://m.media-amazon.com/images/I/activision-x483-qx-vr-headset-pic-3.jpg,https://m.media-amazon.com/images/I/activision-x483-qx-vr-headset-pic-4.jpg,https://m.media-amazon.com/images/I/activision-x483-qx-vr-headset-pic-5.jpg
1075,xiaomi-x660-bx-plus-smartphone,Xiaomi X660-BX Plus Smartphone,"<p>Experience the ultimate in cell phones with the Xiaomi X660-BX Plus Smartphone. Designed for performance and style, this product offers cutting-edge technology and premium features.</p><ul><li>High-performance hardware for seamless operation</li><li>Elegant design that fits any lifestyle</li><li>Industry-leading reliability and support</li></ul>",Xiaomi,Cell Phones,Cell Phones,"[""cell phones"", ""trending"", ""2026"", ""electronics""]",2001.38,2401.66,https://m.media-amazon.com/images/I/xiaomi-x660-bx-plus-smartphone-pic-1.jpg,Xiaomi X660-BX Plus Smartphone,Xiaomi X660-BX Plus Smartphone | Top Rated Cell Phones,Buy the Xiaomi X660-BX Plus Smartphone at the best price. High-quality cell phones product with top-tier features and 2026 technology.,True,True,2026-07-28T06:30:00.000Z,2026-07-28T06:30:00.000Z,https://m.media-amazon.com/images/I/xiaomi-x660-bx-plus-smartphone-pic-1.jpg,https://m.media-amazon.com/images/I/xiaomi-x660-bx-plus-smartphone-pic-2.jpg,https://m.media-amazon.com/images/I/xiaomi-x660-bx-plus-smartphone-pic-3.jpg,https://m.media-amazon.com/images/I/xiaomi-x660-bx-plus-smartphone-pic-4.jpg,https://m.media-amazon.com/images/I/xiaomi-x660-bx-plus-smartphone-pic-5.jpg
1076,google-x117-um-ultra,Google X117-UM Ultra,"<p>Experience the ultimate in cell phones with the Google X117-UM Ultra. Designed for performance and style, this product offers cutting-edge technology and premium features.</p><ul><li>High-performance hardware for seamless operation</li><li>Elegant design that fits any lifestyle</li><li>Industry-leading reliability and support</li></ul>",Google,Cell Phones,Cell Phones,"[""cell phones"", ""trending"", ""2026"", ""electronics""]",1277.69,1533.23,https://m.media-amazon.com/images/I/google-x117-um-ultra-pic-1.jpg,Google X117-UM Ultra,Google X117-UM Ultra | Top Rated Cell Phones,Buy the Google X117-UM Ultra at the best price. High-quality cell phones product with top-tier features and 2026 technology.,True,False,2026-07-28T06:30:00.000Z,2026-07-28T06:30:00.000Z,https://m.media-amazon.com/images/I/google-x117-um-ultra-pic-1.jpg,https://m.media-amazon.com/images/I/google-x117-um-ultra-pic-2.jpg,https://m.media-amazon.com/images/I/google-x117-um-ultra-pic-3.jpg,https://m.media-amazon.com/images/I/google-x117-um-ultra-pic-4.jpg,https://m.media-amazon.com/images/I/google-x117-um-ultra-pic-5.jpg
1077,samsung-x651-sx-plus-smartphone,Samsung X651-SX Plus Smartphone,"<p>Experience the ultimate in cell phones with the Samsung X651-SX Plus Smartphone. Designed for performance and style, this product offers cutting-edge technology and premium features.</p><ul><li>High-performance hardware for seamless operation</li><li>Elegant design that fits any lifestyle</li><li>Industry-leading reliability and support</li></ul>",Samsung,Cell Phones,Cell Phones,"[""cell phones"", ""trending"", ""2026"", ""electronics""]",1640.54,1968.65,https://images.samsung.com/is/image/samsung/p6pim/us/samsung-x651-sx-plus-smartphone/samsung-x651-sx-plus-smartphone-gallery-1.jpg,Samsung X651-SX Plus Smartphone,Samsung X651-SX Plus Smartphone | Top Rated Cell Phones,Buy the Samsung X651-SX Plus Smartphone at the best price. High-quality cell phones product with top-tier features and 2026 technology.,True,True,2026-07-28T06:30:00.000Z,2026-07-28T06:30:00.000Z,https://images.samsung.com/is/image/samsung/p6pim/us/samsung-x651-sx-plus-smartphone/samsung-x651-sx-plus-smartphone-gallery-1.jpg,https://images.samsung.com/is/image/samsung/p6pim/us/samsung-x651-sx-plus-smartphone/samsung-x651-sx-plus-smartphone-gallery-2.jpg,https://images.samsung.com/is/image/samsung/p6pim/us/samsung-x651-sx-plus-smartphone/samsung-x651-sx-plus-smartphone-gallery-3.jpg,https://images.samsung.com/is/image/samsung/p6pim/us/samsung-x651-sx-plus-smartphone/samsung-x651-sx-plus-smartphone-gallery-4.jpg,https://images.samsung.com/is/image/samsung/p6pim/us/samsung-x651-sx-plus-smartphone/samsung-x651-sx-plus-smartphone-gallery-5.jpg
1078,xiaomi-x380-mj-ultra,Xiaomi X380-MJ Ultra,"<p>Experience the ultimate in cell phones with the Xiaomi X380-MJ Ultra. Designed for performance and style, this product offers cutting-edge technology and premium features.</p><ul><li>High-performance hardware for seamless operation</li><li>Elegant design that fits any lifestyle</li><li>Industry-leading reliability and support</li></ul>",Xiaomi,Cell Phones,Cell Phones,"[""cell phones"", ""trending"", ""2026"", ""electronics""]",839.11,1006.93,https://m.media-amazon.com/images/I/xiaomi-x380-mj-ultra-pic-1.jpg,Xiaomi X380-MJ Ultra,Xiaomi X380-MJ Ultra | Top Rated Cell Phones,Buy the Xiaomi X380-MJ Ultra at the best price. High-quality cell phones product with top-tier features and 2026 technology.,True,True,2026-07-28T06:30:00.000Z,2026-07-28T06:30:00.000Z,https://m.media-amazon.com/images/I/xiaomi-x380-mj-ultra-pic-1.jpg,https://m.media-amazon.com/images/I/xiaomi-x380-mj-ultra-pic-2.jpg,https://m.media-amazon.com/images/I/xiaomi-x380-mj-ultra-pic-3.jpg,https://m.media-amazon.com/images/I/xiaomi-x380-mj-ultra-pic-4.jpg,https://m.media-amazon.com/images/I/xiaomi-x380-mj-ultra-pic-5.jpg
1079,motorola-x704-zx-foldable-phone,Motorola X704-ZX Foldable Phone,"<p>Experience the ultimate in cell phones with the Motorola X704-ZX Foldable Phone. Designed for performance and style, this product offers cutting-edge technology and premium features.</p><ul><li>High-performance hardware for seamless operation</li><li>Elegant design that fits any lifestyle</li><li>Industry-leading reliability and support</li></ul>",Motorola,Cell Phones,Cell Phones,"[""cell phones"", ""trending"", ""2026"", ""electronics""]",584.64,701.57,https://m.media-amazon.com/images/I/motorola-x704-zx-foldable-phone-pic-1.jpg,Motorola X704-ZX Foldable Phone,Motorola X704-ZX Foldable Phone | Top Rated Cell Phones,Buy the Motorola X704-ZX Foldable Phone at the best price. High-quality cell phones product with top-tier features and 2026 technology.,True,True,2026-07-28T06:30:00.000Z,2026-07-28T06:30:00.000Z,https://m.media-amazon.com/images/I/motorola-x704-zx-foldable-phone-pic-1.jpg,https://m.media-amazon.com/images/I/motorola-x704-zx-foldable-phone-pic-2.jpg,https://m.media-amazon.com/images/I/motorola-x704-zx-foldable-phone-pic-3.jpg,https://m.media-amazon.com/images/I/motorola-x704-zx-foldable-phone-pic-4.jpg,https://m.media-amazon.com/images/I/motorola-x704-zx-foldable-phone-pic-5.jpg
1080,samsung-x447-qd-ultra,Samsung X447-QD Ultra,"<p>Experience the ultimate in cell phones with the Samsung X447-QD Ultra. Designed for performance and style, this product offers cutting-edge technology and premium features.</p><ul><li>High-performance hardware for seamless operation</li><li>Elegant design that fits any lifestyle</li><li>Industry-leading reliability and support</li></ul>",Samsung,Cell Phones,Cell Phones,"[""cell phones"", ""trending"", ""2026"", ""electronics""]",182.77,219.32,https://images.samsung.com/is/image/samsung/p6pim/us/samsung-x447-qd-ultra/samsung-x447-qd-ultra-gallery-1.jpg,Samsung X447-QD Ultra,Samsung X447-QD Ultra | Top Rated Cell Phones,Buy the Samsung X447-QD Ultra at the best price. High-quality cell phones product with top-tier features and 2026 technology.,True,True,2026-07-28T06:30:00.000Z,2026-07-28T06:30:00.000Z,https://images.samsung.com/is/image/samsung/p6pim/us/samsung-x447-qd-ultra/samsung-x447-qd-ultra-gallery-1.jpg,https://images.samsung.com/is/image/samsung/p6pim/us/samsung-x447-qd-ultra/samsung-x447-qd-ultra-gallery-2.jpg,https://images.samsung.com/is/image/samsung/p6pim/us/samsung-x447-qd-ultra/samsung-x447-qd-ultra-gallery-3.jpg,https://images.samsung.com/is/image/samsung/p6pim/us/samsung-x447-qd-ultra/samsung-x447-qd-ultra-gallery-4.jpg,https://images.samsung.com/is/image/samsung/p6pim/us/samsung-x447-qd-ultra/samsung-x447-qd-ultra-gallery-5.jpg
1081,xiaomi-x594-gz-plus-smartphone,Xiaomi X594-GZ Plus Smartphone,"<p>Experience the ultimate in cell phones with the Xiaomi X594-GZ Plus Smartphone. Designed for performance and style, this product offers cutting-edge technology and premium features.</p><ul><li>High-performance hardware for seamless operation</li><li>Elegant design that fits any lifestyle</li><li>Industry-leading reliability and support</li></ul>",Xiaomi,Cell Phones,Cell Phones,"[""cell phones"", ""trending"", ""2026"", ""electronics""]",1942.76,2331.31,https://m.media-amazon.com/images/I/xiaomi-x594-gz-plus-smartphone-pic-1.jpg,Xiaomi X594-GZ Plus Smartphone,Xiaomi X594-GZ Plus Smartphone | Top Rated Cell Phones,Buy the Xiaomi X594-GZ Plus Smartphone at the best price. High-quality cell phones product with top-tier features and 2026 technology.,True,True,2026-07-28T06:30:00.000Z,2026-07-28T06:30:00.000Z,https://m.media-amazon.com/images/I/xiaomi-x594-gz-plus-smartphone-pic-1.jpg,https://m.media-amazon.com/images/I/xiaomi-x594-gz-plus-smartphone-pic-2.jpg,https://m.media-amazon.com/images/I/xiaomi-x594-gz-plus-smartphone-pic-3.jpg,https://m.media-amazon.com/images/I/xiaomi-x594-gz-plus-smartphone-pic-4.jpg,https://m.media-amazon.com/images/I/xiaomi-x594-gz-plus-smartphone-pic-5.jpg
1082,oneplus-x704-ez-5g-smartphone,OnePlus X704-EZ 5G Smartphone,"<p>Experience the ultimate in cell phones with the OnePlus X704-EZ 5G Smartphone. Designed for performance and style, this product offers cutting-edge technology and premium features.</p><ul><li>High-performance hardware for seamless operation</li><li>Elegant design that fits any lifestyle</li><li>Industry-leading reliability and support</li></ul>",OnePlus,Cell Phones,Cell Phones,"[""cell phones"", ""trending"", ""2026"", ""electronics""]",756.39,907.67,https://m.media-amazon.com/images/I/oneplus-x704-ez-5g-smartphone-pic-1.jpg,OnePlus X704-EZ 5G Smartphone,OnePlus X704-EZ 5G Smartphone | Top Rated Cell Phones,Buy the OnePlus X704-EZ 5G Smartphone at the best price. High-quality cell phones product with top-tier features and 2026 technology.,True,True,2026-07-28T06:30:00.000Z,2026-07-28T06:30:00.000Z,https://m.media-amazon.com/images/I/oneplus-x704-ez-5g-smartphone-pic-1.jpg,https://m.media-amazon.com/images/I/oneplus-x704-ez-5g-smartphone-pic-2.jpg,https://m.media-amazon.com/images/I/oneplus-x704-ez-5g-smartphone-pic-3.jpg,https://m.media-amazon.com/images/I/oneplus-x704-ez-5g-smartphone-pic-4.jpg,https://m.media-amazon.com/images/I/oneplus-x704-ez-5g-smartphone-pic-5.jpg
1083,apple-x578-hn-5g-smartphone,Apple X578-HN 5G Smartphone,"<p>Experience the ultimate in cell phones with the Apple X578-HN 5G Smartphone. Designed for performance and style, this product offers cutting-edge technology and premium features.</p><ul><li>High-performance hardware for seamless operation</li><li>Elegant design that fits any lifestyle</li><li>Industry-leading reliability and support</li></ul>",Apple,Cell Phones,Cell Phones,"[""cell phones"", ""trending"", ""2026"", ""electronics""]",1074.11,1288.93,https://store.storeimages.cdn-apple.com/as-images.apple.com/is/apple-x578-hn-5g-smartphone-gallery-1?wid=1000,Apple X578-HN 5G Smartphone,Apple X578-HN 5G Smartphone | Top Rated Cell Phones,Buy the Apple X578-HN 5G Smartphone at the best price. High-quality cell phones product with top-tier features and 2026 technology.,True,True,2026-07-28T06:30:00.000Z,2026-07-28T06:30:00.000Z,https://store.storeimages.cdn-apple.com/as-images.apple.com/is/apple-x578-hn-5g-smartphone-gallery-1?wid=1000,https://store.storeimages.cdn-apple.com/as-images.apple.com/is/apple-x578-hn-5g-smartphone-gallery-2?wid=1000,https://store.storeimages.cdn-apple.com/as-images.apple.com/is/apple-x578-hn-5g-smartphone-gallery-3?wid=1000,https://store.storeimages.cdn-apple.com/as-images.apple.com/is/apple-x578-hn-5g-smartphone-gallery-4?wid=1000,https://store.storeimages.cdn-apple.com/as-images.apple.com/is/apple-x578-hn-5g-smartphone-gallery-5?wid=1000
1084,motorola-x298-su-ultra,Motorola X298-SU Ultra,"<p>Experience the ultimate in cell phones with the Motorola X298-SU Ultra. Designed for performance and style, this product offers cutting-edge technology and premium features.</p><ul><li>High-performance hardware for seamless operation</li><li>Elegant design that fits any lifestyle</li><li>Industry-leading reliability and support</li></ul>",Motorola,Cell Phones,Cell Phones,"[""cell phones"", ""trending"", ""2026"", ""electronics""]",2456.58,2947.9,https://m.media-amazon.com/images/I/motorola-x298-su-ultra-pic-1.jpg,Motorola X298-SU Ultra,Motorola X298-SU Ultra | Top Rated Cell Phones,Buy the Motorola X298-SU Ultra at the best price. High-quality cell phones product with top-tier features and 2026 technology.,True,False,2026-07-28T06:30:00.000Z,2026-07-28T06:30:00.000Z,https://m.media-amazon.com/images/I/motorola-x298-su-ultra-pic-1.jpg,https://m.media-amazon.com/images/I/motorola-x298-su-ultra-pic-2.jpg,https://m.media-amazon.com/images/I/motorola-x298-su-ultra-pic-3.jpg,https://m.media-amazon.com/images/I/motorola-x298-su-ultra-pic-4.jpg,https://m.media-amazon.com/images/I/motorola-x298-su-ultra-pic-5.jpg
1085,google-x877-sp-foldable-phone,Google X877-SP Foldable Phone,"<p>Experience the ultimate in cell phones with the Google X877-SP Foldable Phone. Designed for performance and style, this product offers cutting-edge technology and premium features.</p><ul><li>High-performance hardware for seamless operation</li><li>Elegant design that fits any lifestyle</li><li>Industry-leading reliability and support</li></ul>",Google,Cell Phones,Cell Phones,"[""cell phones"", ""trending"", ""2026"", ""electronics""]",741.95,890.34,https://m.media-amazon.com/images/I/google-x877-sp-foldable-phone-pic-1.jpg,Google X877-SP Foldable Phone,Google X877-SP Foldable Phone | Top Rated Cell Phones,Buy the Google X877-SP Foldable Phone at the best price. High-quality cell phones product with top-tier features and 2026 technology.,True,True,2026-07-28T06:30:00.000Z,2026-07-28T06:30:00.000Z,https://m.media-amazon.com/images/I/google-x877-sp-foldable-phone-pic-1.jpg,https://m.media-amazon.com/images/I/google-x877-sp-foldable-phone-pic-2.jpg,https://m.media-amazon.com/images/I/google-x877-sp-foldable-phone-pic-3.jpg,https://m.media-amazon.com/images/I/google-x877-sp-foldable-phone-pic-4.jpg,https://m.media-amazon.com/images/I/google-x877-sp-foldable-phone-pic-5.jpg
1086,google-x695-lm-ultra,Google X695-LM Ultra,"<p>Experience the ultimate in cell phones with the Google X695-LM Ultra. Designed for performance and style, this product offers cutting-edge technology and premium features.</p><ul><li>High-performance hardware for seamless operation</li><li>Elegant design that fits any lifestyle</li><li>Industry-leading reliability and support</li></ul>",Google,Cell Phones,Cell Phones,"[""cell phones"", ""trending"", ""2026"", ""electronics""]",345.61,414.73,https://m.media-amazon.com/images/I/google-x695-lm-ultra-pic-1.jpg,Google X695-LM Ultra,Google X695-LM Ultra | Top Rated Cell Phones,Buy the Google X695-LM Ultra at the best price. High-quality cell phones product with top-tier features and 2026 technology.,True,False,2026-07-28T06:30:00.000Z,2026-07-28T06:30:00.000Z,https://m.media-amazon.com/images/I/google-x695-lm-ultra-pic-1.jpg,https://m.media-amazon.com/images/I/google-x695-lm-ultra-pic-2.jpg,https://m.media-amazon.com/images/I/google-x695-lm-ultra-pic-3.jpg,https://m.media-amazon.com/images/I/google-x695-lm-ultra-pic-4.jpg,https://m.media-amazon.com/images/I/google-x695-lm-ultra-pic-5.jpg
1087,google-x581-lh-ultra,Google X581-LH Ultra,"<p>Experience the ultimate in cell phones with the Google X581-LH Ultra. Designed for performance and style, this product offers cutting-edge technology and premium features.</p><ul><li>High-performance hardware for seamless operation</li><li>Elegant design that fits any lifestyle</li><li>Industry-leading reliability and support</li></ul>",Google,Cell Phones,Cell Phones,"[""cell phones"", ""trending"", ""2026"", ""electronics""]",332.4,398.88,https://m.media-amazon.com/images/I/google-x581-lh-ultra-pic-1.jpg,Google X581-LH Ultra,Google X581-LH Ultra | Top Rated Cell Phones,Buy the Google X581-LH Ultra at the best price. High-quality cell phones product with top-tier features and 2026 technology.,True,False,2026-07-28T06:30:00.000Z,2026-07-28T06:30:00.000Z,https://m.media-amazon.com/images/I/google-x581-lh-ultra-pic-1.jpg,https://m.media-amazon.com/images/I/google-x581-lh-ultra-pic-2.jpg,https://m.media-amazon.com/images/I/google-x581-lh-ultra-pic-3.jpg,https://m.media-amazon.com/images/I/google-x581-lh-ultra-pic-4.jpg,https://m.media-amazon.com/images/I/google-x581-lh-ultra-pic-5.jpg
1088,motorola-x605-lc-foldable-phone,Motorola X605-LC Foldable Phone,"<p>Experience the ultimate in cell phones with the Motorola X605-LC Foldable Phone. Designed for performance and style, this product offers cutting-edge technology and premium features.</p><ul><li>High-performance hardware for seamless operation</li><li>Elegant design that fits any lifestyle</li><li>Industry-leading reliability and support</li></ul>",Motorola,Cell Phones,Cell Phones,"[""cell phones"", ""trending"", ""2026"", ""electronics""]",1663.36,1996.03,https://m.media-amazon.com/images/I/motorola-x605-lc-foldable-phone-pic-1.jpg,Motorola X605-LC Foldable Phone,Motorola X605-LC Foldable Phone | Top Rated Cell Phones,Buy the Motorola X605-LC Foldable Phone at the best price. High-quality cell phones product with top-tier features and 2026 technology.,True,False,2026-07-28T06:30:00.000Z,2026-07-28T06:30:00.000Z,https://m.media-amazon.com/images/I/motorola-x605-lc-foldable-phone-pic-1.jpg,https://m.media-amazon.com/images/I/motorola-x605-lc-foldable-phone-pic-2.jpg,https://m.media-amazon.com/images/I/motorola-x605-lc-foldable-phone-pic-3.jpg,https://m.media-amazon.com/images/I/motorola-x605-lc-foldable-phone-pic-4.jpg,https://m.media-amazon.com/images/I/motorola-x605-lc-foldable-phone-pic-5.jpg
1089,google-x580-lp-5g-smartphone,Google X580-LP 5G Smartphone,"<p>Experience the ultimate in cell phones with the Google X580-LP 5G Smartphone. Designed for performance and style, this product offers cutting-edge technology and premium features.</p><ul><li>High-performance hardware for seamless operation</li><li>Elegant design that fits any lifestyle</li><li>Industry-leading reliability and support</li></ul>",Google,Cell Phones,Cell Phones,"[""cell phones"", ""trending"", ""2026"", ""electronics""]",1948.2,2337.84,https://m.media-amazon.com/images/I/google-x580-lp-5g-smartphone-pic-1.jpg,Google X580-LP 5G Smartphone,Google X580-LP 5G Smartphone | Top Rated Cell Phones,Buy the Google X580-LP 5G Smartphone at the best price. High-quality cell phones product with top-tier features and 2026 technology.,True,True,2026-07-28T06:30:00.000Z,2026-07-28T06:30:00.000Z,https://m.media-amazon.com/images/I/google-x580-lp-5g-smartphone-pic-1.jpg,https://m.media-amazon.com/images/I/google-x580-lp-5g-smartphone-pic-2.jpg,https://m.media-amazon.com/images/I/google-x580-lp-5g-smartphone-pic-3.jpg,https://m.media-amazon.com/images/I/google-x580-lp-5g-smartphone-pic-4.jpg,https://m.media-amazon.com/images/I/google-x580-lp-5g-smartphone-pic-5.jpg
1090,xiaomi-x673-vj-ultra,Xiaomi X673-VJ Ultra,"<p>Experience the ultimate in cell phones with the Xiaomi X673-VJ Ultra. Designed for performance and style, this product offers cutting-edge technology and premium features.</p><ul><li>High-performance hardware for seamless operation</li><li>Elegant design that fits any lifestyle</li><li>Industry-leading reliability and support</li></ul>",Xiaomi,Cell Phones,Cell Phones,"[""cell phones"", ""trending"", ""2026"", ""electronics""]",616.44,739.73,https://m.media-amazon.com/images/I/xiaomi-x673-vj-ultra-pic-1.jpg,Xiaomi X673-VJ Ultra,Xiaomi X673-VJ Ultra | Top Rated Cell Phones,Buy the Xiaomi X673-VJ Ultra at the best price. High-quality cell phones product with top-tier features and 2026 technology.,True,True,2026-07-28T06:30:00.000Z,2026-07-28T06:30:00.000Z,https://m.media-amazon.com/images/I/xiaomi-x673-vj-ultra-pic-1.jpg,https://m.media-amazon.com/images/I/xiaomi-x673-vj-ultra-pic-2.jpg,https://m.media-amazon.com/images/I/xiaomi-x673-vj-ultra-pic-3.jpg,https://m.media-amazon.com/images/I/xiaomi-x673-vj-ultra-pic-4.jpg,https://m.media-amazon.com/images/I/xiaomi-x673-vj-ultra-pic-5.jpg
1091,motorola-x836-cu-ultra,Motorola X836-CU Ultra,"<p>Experience the ultimate in cell phones with the Motorola X836-CU Ultra. Designed for performance and style, this product offers cutting-edge technology and premium features.</p><ul><li>High-performance hardware for seamless operation</li><li>Elegant design that fits any lifestyle</li><li>Industry-leading reliability and support</li></ul>",Motorola,Cell Phones,Cell Phones,"[""cell phones"", ""trending"", ""2026"", ""electronics""]",2463.38,2956.06,https://m.media-amazon.com/images/I/motorola-x836-cu-ultra-pic-1.jpg,Motorola X836-CU Ultra,Motorola X836-CU Ultra | Top Rated Cell Phones,Buy the Motorola X836-CU Ultra at the best price. High-quality cell phones product with top-tier features and 2026 technology.,True,True,2026-07-28T06:30:00.000Z,2026-07-28T06:30:00.000Z,https://m.media-amazon.com/images/I/motorola-x836-cu-ultra-pic-1.jpg,https://m.media-amazon.com/images/I/motorola-x836-cu-ultra-pic-2.jpg,https://m.media-amazon.com/images/I/motorola-x836-cu-ultra-pic-3.jpg,https://m.media-amazon.com/images/I/motorola-x836-cu-ultra-pic-4.jpg,https://m.media-amazon.com/images/I/motorola-x836-cu-ultra-pic-5.jpg
1092,samsung-x602-ue-plus-smartphone,Samsung X602-UE Plus Smartphone,"<p>Experience the ultimate in cell phones with the Samsung X602-UE Plus Smartphone. Designed for performance and style, this product offers cutting-edge technology and premium features.</p><ul><li>High-performance hardware for seamless operation</li><li>Elegant design that fits any lifestyle</li><li>Industry-leading reliability and support</li></ul>",Samsung,Cell Phones,Cell Phones,"[""cell phones"", ""trending"", ""2026"", ""electronics""]",290.53,348.64,https://images.samsung.com/is/image/samsung/p6pim/us/samsung-x602-ue-plus-smartphone/samsung-x602-ue-plus-smartphone-gallery-1.jpg,Samsung X602-UE Plus Smartphone,Samsung X602-UE Plus Smartphone | Top Rated Cell Phones,Buy the Samsung X602-UE Plus Smartphone at the best price. High-quality cell phones product with top-tier features and 2026 technology.,True,True,2026-07-28T06:30:00.000Z,2026-07-28T06:30:00.000Z,https://images.samsung.com/is/image/samsung/p6pim/us/samsung-x602-ue-plus-smartphone/samsung-x602-ue-plus-smartphone-gallery-1.jpg,https://images.samsung.com/is/image/samsung/p6pim/us/samsung-x602-ue-plus-smartphone/samsung-x602-ue-plus-smartphone-gallery-2.jpg,https://images.samsung.com/is/image/samsung/p6pim/us/samsung-x602-ue-plus-smartphone/samsung-x602-ue-plus-smartphone-gallery-3.jpg,https://images.samsung.com/is/image/samsung/p6pim/us/samsung-x602-ue-plus-smartphone/samsung-x602-ue-plus-smartphone-gallery-4.jpg,https://images.samsung.com/is/image/samsung/p6pim/us/samsung-x602-ue-plus-smartphone/samsung-x602-ue-plus-smartphone-gallery-5.jpg
1093,oneplus-x380-ih-5g-smartphone,OnePlus X380-IH 5G Smartphone,"<p>Experience the ultimate in cell phones with the OnePlus X380-IH 5G Smartphone. Designed for performance and style, this product offers cutting-edge technology and premium features.</p><ul><li>High-performance hardware for seamless operation</li><li>Elegant design that fits any lifestyle</li><li>Industry-leading reliability and support</li></ul>",OnePlus,Cell Phones,Cell Phones,"[""cell phones"", ""trending"", ""2026"", ""electronics""]",253.52,304.22,https://m.media-amazon.com/images/I/oneplus-x380-ih-5g-smartphone-pic-1.jpg,OnePlus X380-IH 5G Smartphone,OnePlus X380-IH 5G Smartphone | Top Rated Cell Phones,Buy the OnePlus X380-IH 5G Smartphone at the best price. High-quality cell phones product with top-tier features and 2026 technology.,True,False,2026-07-28T06:30:00.000Z,2026-07-28T06:30:00.000Z,https://m.media-amazon.com/images/I/oneplus-x380-ih-5g-smartphone-pic-1.jpg,https://m.media-amazon.com/images/I/oneplus-x380-ih-5g-smartphone-pic-2.jpg,https://m.media-amazon.com/images/I/oneplus-x380-ih-5g-smartphone-pic-3.jpg,https://m.media-amazon.com/images/I/oneplus-x380-ih-5g-smartphone-pic-4.jpg,https://m.media-amazon.com/images/I/oneplus-x380-ih-5g-smartphone-pic-5.jpg
1094,oneplus-x350-qy-5g-smartphone,OnePlus X350-QY 5G Smartphone,"<p>Experience the ultimate in cell phones with the OnePlus X350-QY 5G Smartphone. Designed for performance and style, this product offers cutting-edge technology and premium features.</p><ul><li>High-performance hardware for seamless operation</li><li>Elegant design that fits any lifestyle</li><li>Industry-leading reliability and support</li></ul>",OnePlus,Cell Phones,Cell Phones,"[""cell phones"", ""trending"", ""2026"", ""electronics""]",2448.36,2938.03,https://m.media-amazon.com/images/I/oneplus-x350-qy-5g-smartphone-pic-1.jpg,OnePlus X350-QY 5G Smartphone,OnePlus X350-QY 5G Smartphone | Top Rated Cell Phones,Buy the OnePlus X350-QY 5G Smartphone at the best price. High-quality cell phones product with top-tier features and 2026 technology.,True,True,2026-07-28T06:30:00.000Z,2026-07-28T06:30:00.000Z,https://m.media-amazon.com/images/I/oneplus-x350-qy-5g-smartphone-pic-1.jpg,https://m.media-amazon.com/images/I/oneplus-x350-qy-5g-smartphone-pic-2.jpg,https://m.media-amazon.com/images/I/oneplus-x350-qy-5g-smartphone-pic-3.jpg,https://m.media-amazon.com/images/I/oneplus-x350-qy-5g-smartphone-pic-4.jpg,https://m.media-amazon.com/images/I/oneplus-x350-qy-5g-smartphone-pic-5.jpg
1095,oneplus-x430-hm-foldable-phone,OnePlus X430-HM Foldable Phone,"<p>Experience the ultimate in cell phones with the OnePlus X430-HM Foldable Phone. Designed for performance and style, this product offers cutting-edge technology and premium features.</p><ul><li>High-performance hardware for seamless operation</li><li>Elegant design that fits any lifestyle</li><li>Industry-leading reliability and support</li></ul>",OnePlus,Cell Phones,Cell Phones,"[""cell phones"", ""trending"", ""2026"", ""electronics""]",1416.63,1699.96,https://m.media-amazon.com/images/I/oneplus-x430-hm-foldable-phone-pic-1.jpg,OnePlus X430-HM Foldable Phone,OnePlus X430-HM Foldable Phone | Top Rated Cell Phones,Buy the OnePlus X430-HM Foldable Phone at the best price. High-quality cell phones product with top-tier features and 2026 technology.,True,False,2026-07-28T06:30:00.000Z,2026-07-28T06:30:00.000Z,https://m.media-amazon.com/images/I/oneplus-x430-hm-foldable-phone-pic-1.jpg,https://m.media-amazon.com/images/I/oneplus-x430-hm-foldable-phone-pic-2.jpg,https://m.media-amazon.com/images/I/oneplus-x430-hm-foldable-phone-pic-3.jpg,https://m.media-amazon.com/images/I/oneplus-x430-hm-foldable-phone-pic-4.jpg,https://m.media-amazon.com/images/I/oneplus-x430-hm-foldable-phone-pic-5.jpg
1096,samsung-x508-no-plus-smartphone,Samsung X508-NO Plus Smartphone,"<p>Experience the ultimate in cell phones with the Samsung X508-NO Plus Smartphone. Designed for performance and style, this product offers cutting-edge technology and premium features.</p><ul><li>High-performance hardware for seamless operation</li><li>Elegant design that fits any lifestyle</li><li>Industry-leading reliability and support</li></ul>",Samsung,Cell Phones,Cell Phones,"[""cell phones"", ""trending"", ""2026"", ""electronics""]",507.32,608.78,https://images.samsung.com/is/image/samsung/p6pim/us/samsung-x508-no-plus-smartphone/samsung-x508-no-plus-smartphone-gallery-1.jpg,Samsung X508-NO Plus Smartphone,Samsung X508-NO Plus Smartphone | Top Rated Cell Phones,Buy the Samsung X508-NO Plus Smartphone at the best price. High-quality cell phones product with top-tier features and 2026 technology.,True,False,2026-07-28T06:30:00.000Z,2026-07-28T06:30:00.000Z,https://images.samsung.com/is/image/samsung/p6pim/us/samsung-x508-no-plus-smartphone/samsung-x508-no-plus-smartphone-gallery-1.jpg,https://images.samsung.com/is/image/samsung/p6pim/us/samsung-x508-no-plus-smartphone/samsung-x508-no-plus-smartphone-gallery-2.jpg,https://images.samsung.com/is/image/samsung/p6pim/us/samsung-x508-no-plus-smartphone/samsung-x508-no-plus-smartphone-gallery-3.jpg,https://images.samsung.com/is/image/samsung/p6pim/us/samsung-x508-no-plus-smartphone/samsung-x508-no-plus-smartphone-gallery-4.jpg,https://images.samsung.com/is/image/samsung/p6pim/us/samsung-x508-no-plus-smartphone/samsung-x508-no-plus-smartphone-gallery-5.jpg
1097,oneplus-x989-dd-plus-smartphone,OnePlus X989-DD Plus Smartphone,"<p>Experience the ultimate in cell phones with the OnePlus X989-DD Plus Smartphone. Designed for performance and style, this product offers cutting-edge technology and premium features.</p><ul><li>High-performance hardware for seamless operation</li><li>Elegant design that fits any lifestyle</li><li>Industry-leading reliability and support</li></ul>",OnePlus,Cell Phones,Cell Phones,"[""cell phones"", ""trending"", ""2026"", ""electronics""]",1624.15,1948.98,https://m.media-amazon.com/images/I/oneplus-x989-dd-plus-smartphone-pic-1.jpg,OnePlus X989-DD Plus Smartphone,OnePlus X989-DD Plus Smartphone | Top Rated Cell Phones,Buy the OnePlus X989-DD Plus Smartphone at the best price. High-quality cell phones product with top-tier features and 2026 technology.,True,True,2026-07-28T06:30:00.000Z,2026-07-28T06:30:00.000Z,https://m.media-amazon.com/images/I/oneplus-x989-dd-plus-smartphone-pic-1.jpg,https://m.media-amazon.com/images/I/oneplus-x989-dd-plus-smartphone-pic-2.jpg,https://m.media-amazon.com/images/I/oneplus-x989-dd-plus-smartphone-pic-3.jpg,https://m.media-amazon.com/images/I/oneplus-x989-dd-plus-smartphone-pic-4.jpg,https://m.media-amazon.com/images/I/oneplus-x989-dd-plus-smartphone-pic-5.jpg
1098,motorola-x514-fb-plus-smartphone,Motorola X514-FB Plus Smartphone,"<p>Experience the ultimate in cell phones with the Motorola X514-FB Plus Smartphone. Designed for performance and style, this product offers cutting-edge technology and premium features.</p><ul><li>High-performance hardware for seamless operation</li><li>Elegant design that fits any lifestyle</li><li>Industry-leading reliability and support</li></ul>",Motorola,Cell Phones,Cell Phones,"[""cell phones"", ""trending"", ""2026"", ""electronics""]",2125.1,2550.12,https://m.media-amazon.com/images/I/motorola-x514-fb-plus-smartphone-pic-1.jpg,Motorola X514-FB Plus Smartphone,Motorola X514-FB Plus Smartphone | Top Rated Cell Phones,Buy the Motorola X514-FB Plus Smartphone at the best price. High-quality cell phones product with top-tier features and 2026 technology.,True,False,2026-07-28T06:30:00.000Z,2026-07-28T06:30:00.000Z,https://m.media-amazon.com/images/I/motorola-x514-fb-plus-smartphone-pic-1.jpg,https://m.media-amazon.com/images/I/motorola-x514-fb-plus-smartphone-pic-2.jpg,https://m.media-amazon.com/images/I/motorola-x514-fb-plus-smartphone-pic-3.jpg,https://m.media-amazon.com/images/I/motorola-x514-fb-plus-smartphone-pic-4.jpg,https://m.media-amazon.com/images/I/motorola-x514-fb-plus-smartphone-pic-5.jpg
1099,samsung-x212-rj-plus-smartphone,Samsung X212-RJ Plus Smartphone,"<p>Experience the ultimate in cell phones with the Samsung X212-RJ Plus Smartphone. Designed for performance and style, this product offers cutting-edge technology and premium features.</p><ul><li>High-performance hardware for seamless operation</li><li>Elegant design that fits any lifestyle</li><li>Industry-leading reliability and support</li></ul>",Samsung,Cell Phones,Cell Phones,"[""cell phones"", ""trending"", ""2026"", ""electronics""]",2548.24,3057.89,https://images.samsung.com/is/image/samsung/p6pim/us/samsung-x212-rj-plus-smartphone/samsung-x212-rj-plus-smartphone-gallery-1.jpg,Samsung X212-RJ Plus Smartphone,Samsung X212-RJ Plus Smartphone | Top Rated Cell Phones,Buy the Samsung X212-RJ Plus Smartphone at the best price. High-quality cell phones product with top-tier features and 2026 technology.,True,False,2026-07-28T06:30:00.000Z,2026-07-28T06:30:00.000Z,https://images.samsung.com/is/image/samsung/p6pim/us/samsung-x212-rj-plus-smartphone/samsung-x212-rj-plus-smartphone-gallery-1.jpg,https://images.samsung.com/is/image/samsung/p6pim/us/samsung-x212-rj-plus-smartphone/samsung-x212-rj-plus-smartphone-gallery-2.jpg,https://images.samsung.com/is/image/samsung/p6pim/us/samsung-x212-rj-plus-smartphone/samsung-x212-rj-plus-smartphone-gallery-3.jpg,https://images.samsung.com/is/image/samsung/p6pim/us/samsung-x212-rj-plus-smartphone/samsung-x212-rj-plus-smartphone-gallery-4.jpg,https://images.samsung.com/is/image/samsung/p6pim/us/samsung-x212-rj-plus-smartphone/samsung-x212-rj-plus-smartphone-gallery-5.jpg
1100,bose-x190-tj-true-wireless-earbuds,Bose X190-TJ True Wireless Earbuds,"<p>Experience the ultimate in headphones with the Bose X190-TJ True Wireless Earbuds. Designed for performance and style, this product offers cutting-edge technology and premium features.</p><ul><li>High-performance hardware for seamless operation</li><li>Elegant design that fits any lifestyle</li><li>Industry-leading reliability and support</li></ul>",Bose,Headphones,Headphones,"[""headphones"", ""trending"", ""2026"", ""electronics""]",1901.2,2281.44,https://m.media-amazon.com/images/I/bose-x190-tj-true-wireless-earbuds-pic-1.jpg,Bose X190-TJ True Wireless Earbuds,Bose X190-TJ True Wireless Earbuds | Top Rated Headphones,Buy the Bose X190-TJ True Wireless Earbuds at the best price. High-quality headphones product with top-tier features and 2026 technology.,True,False,2026-07-28T06:30:00.000Z,2026-07-28T06:30:00.000Z,https://m.media-amazon.com/images/I/bose-x190-tj-true-wireless-earbuds-pic-1.jpg,https://m.media-amazon.com/images/I/bose-x190-tj-true-wireless-earbuds-pic-2.jpg,https://m.media-amazon.com/images/I/bose-x190-tj-true-wireless-earbuds-pic-3.jpg,https://m.media-amazon.com/images/I/bose-x190-tj-true-wireless-earbuds-pic-4.jpg,https://m.media-amazon.com/images/I/bose-x190-tj-true-wireless-earbuds-pic-5.jpg
1101,beats-x848-sg-bluetooth-headphones,Beats X848-SG Bluetooth Headphones,"<p>Experience the ultimate in headphones with the Beats X848-SG Bluetooth Headphones. Designed for performance and style, this product offers cutting-edge technology and premium features.</p><ul><li>High-performance hardware for seamless operation</li><li>Elegant design that fits any lifestyle</li><li>Industry-leading reliability and support</li></ul>",Beats,Headphones,Headphones,"[""headphones"", ""trending"", ""2026"", ""electronics""]",1490.97,1789.16,https://m.media-amazon.com/images/I/beats-x848-sg-bluetooth-headphones-pic-1.jpg,Beats X848-SG Bluetooth Headphones,Beats X848-SG Bluetooth Headphones | Top Rated Headphones,Buy the Beats X848-SG Bluetooth Headphones at the best price. High-quality headphones product with top-tier features and 2026 technology.,True,False,2026-07-28T06:30:00.000Z,2026-07-28T06:30:00.000Z,https://m.media-amazon.com/images/I/beats-x848-sg-bluetooth-headphones-pic-1.jpg,https://m.media-amazon.com/images/I/beats-x848-sg-bluetooth-headphones-pic-2.jpg,https://m.media-amazon.com/images/I/beats-x848-sg-bluetooth-headphones-pic-3.jpg,https://m.media-amazon.com/images/I/beats-x848-sg-bluetooth-headphones-pic-4.jpg,https://m.media-amazon.com/images/I/beats-x848-sg-bluetooth-headphones-pic-5.jpg
1102,anker-x351-qu-noise-cancelling-headphones,Anker X351-QU Noise Cancelling Headphones,"<p>Experience the ultimate in headphones with the Anker X351-QU Noise Cancelling Headphones. Designed for performance and style, this product offers cutting-edge technology and premium features.</p><ul><li>High-performance hardware for seamless operation</li><li>Elegant design that fits any lifestyle</li><li>Industry-leading reliability and support</li></ul>",Anker,Headphones,Headphones,"[""headphones"", ""trending"", ""2026"", ""electronics""]",2324.86,2789.83,https://m.media-amazon.com/images/I/anker-x351-qu-noise-cancelling-headphones-pic-1.jpg,Anker X351-QU Noise Cancelling Headphones,Anker X351-QU Noise Cancelling Headphones | Top Rated Headphones,Buy the Anker X351-QU Noise Cancelling Headphones at the best price. High-quality headphones product with top-tier features and 2026 technology.,True,False,2026-07-28T06:30:00.000Z,2026-07-28T06:30:00.000Z,https://m.media-amazon.com/images/I/anker-x351-qu-noise-cancelling-headphones-pic-1.jpg,https://m.media-amazon.com/images/I/anker-x351-qu-noise-cancelling-headphones-pic-2.jpg,https://m.media-amazon.com/images/I/anker-x351-qu-noise-cancelling-headphones-pic-3.jpg,https://m.media-amazon.com/images/I/anker-x351-qu-noise-cancelling-headphones-pic-4.jpg,https://m.media-amazon.com/images/I/anker-x351-qu-noise-cancelling-headphones-pic-5.jpg
1103,apple-x234-xs-true-wireless-earbuds,Apple X234-XS True Wireless Earbuds,"<p>Experience the ultimate in headphones with the Apple X234-XS True Wireless Earbuds. Designed for performance and style, this product offers cutting-edge technology and premium features.</p><ul><li>High-performance hardware for seamless operation</li><li>Elegant design that fits any lifestyle</li><li>Industry-leading reliability and support</li></ul>",Apple,Headphones,Headphones,"[""headphones"", ""trending"", ""2026"", ""electronics""]",2185.75,2622.9,https://store.storeimages.cdn-apple.com/as-images.apple.com/is/apple-x234-xs-true-wireless-earbuds-gallery-1?wid=1000,Apple X234-XS True Wireless Earbuds,Apple X234-XS True Wireless Earbuds | Top Rated Headphones,Buy the Apple X234-XS True Wireless Earbuds at the best price. High-quality headphones product with top-tier features and 2026 technology.,True,True,2026-07-28T06:30:00.000Z,2026-07-28T06:30:00.000Z,https://store.storeimages.cdn-apple.com/as-images.apple.com/is/apple-x234-xs-true-wireless-earbuds-gallery-1?wid=1000,https://store.storeimages.cdn-apple.com/as-images.apple.com/is/apple-x234-xs-true-wireless-earbuds-gallery-2?wid=1000,https://store.storeimages.cdn-apple.com/as-images.apple.com/is/apple-x234-xs-true-wireless-earbuds-gallery-3?wid=1000,https://store.storeimages.cdn-apple.com/as-images.apple.com/is/apple-x234-xs-true-wireless-earbuds-gallery-4?wid=1000,https://store.storeimages.cdn-apple.com/as-images.apple.com/is/apple-x234-xs-true-wireless-earbuds-gallery-5?wid=1000
1104,beats-x396-ii-bluetooth-headphones,Beats X396-II Bluetooth Headphones,"<p>Experience the ultimate in headphones with the Beats X396-II Bluetooth Headphones. Designed for performance and style, this product offers cutting-edge technology and premium features.</p><ul><li>High-performance hardware for seamless operation</li><li>Elegant design that fits any lifestyle</li><li>Industry-leading reliability and support</li></ul>",Beats,Headphones,Headphones,"[""headphones"", ""trending"", ""2026"", ""electronics""]",962.98,1155.58,https://m.media-amazon.com/images/I/beats-x396-ii-bluetooth-headphones-pic-1.jpg,Beats X396-II Bluetooth Headphones,Beats X396-II Bluetooth Headphones | Top Rated Headphones,Buy the Beats X396-II Bluetooth Headphones at the best price. High-quality headphones product with top-tier features and 2026 technology.,True,True,2026-07-28T06:30:00.000Z,2026-07-28T06:30:00.000Z,https://m.media-amazon.com/images/I/beats-x396-ii-bluetooth-headphones-pic-1.jpg,https://m.media-amazon.com/images/I/beats-x396-ii-bluetooth-headphones-pic-2.jpg,https://m.media-amazon.com/images/I/beats-x396-ii-bluetooth-headphones-pic-3.jpg,https://m.media-amazon.com/images/I/beats-x396-ii-bluetooth-headphones-pic-4.jpg,https://m.media-amazon.com/images/I/beats-x396-ii-bluetooth-headphones-pic-5.jpg
1105,apple-x140-ov-noise-cancelling-headphones,Apple X140-OV Noise Cancelling Headphones,"<p>Experience the ultimate in headphones with the Apple X140-OV Noise Cancelling Headphones. Designed for performance and style, this product offers cutting-edge technology and premium features.</p><ul><li>High-performance hardware for seamless operation</li><li>Elegant design that fits any lifestyle</li><li>Industry-leading reliability and support</li></ul>",Apple,Headphones,Headphones,"[""headphones"", ""trending"", ""2026"", ""electronics""]",296.29,355.55,https://store.storeimages.cdn-apple.com/as-images.apple.com/is/apple-x140-ov-noise-cancelling-headphones-gallery-1?wid=1000,Apple X140-OV Noise Cancelling Headphones,Apple X140-OV Noise Cancelling Headphones | Top Rated Headphones,Buy the Apple X140-OV Noise Cancelling Headphones at the best price. High-quality headphones product with top-tier features and 2026 technology.,True,True,2026-07-28T06:30:00.000Z,2026-07-28T06:30:00.000Z,https://store.storeimages.cdn-apple.com/as-images.apple.com/is/apple-x140-ov-noise-cancelling-headphones-gallery-1?wid=1000,https://store.storeimages.cdn-apple.com/as-images.apple.com/is/apple-x140-ov-noise-cancelling-headphones-gallery-2?wid=1000,https://store.storeimages.cdn-apple.com/as-images.apple.com/is/apple-x140-ov-noise-cancelling-headphones-gallery-3?wid=1000,https://store.storeimages.cdn-apple.com/as-images.apple.com/is/apple-x140-ov-noise-cancelling-headphones-gallery-4?wid=1000,https://store.storeimages.cdn-apple.com/as-images.apple.com/is/apple-x140-ov-noise-cancelling-headphones-gallery-5?wid=1000
1106,sennheiser-x423-il-bluetooth-headphones,Sennheiser X423-IL Bluetooth Headphones,"<p>Experience the ultimate in headphones with the Sennheiser X423-IL Bluetooth Headphones. Designed for performance and style, this product offers cutting-edge technology and premium features.</p><ul><li>High-performance hardware for seamless operation</li><li>Elegant design that fits any lifestyle</li><li>Industry-leading reliability and support</li></ul>",Sennheiser,Headphones,Headphones,"[""headphones"", ""trending"", ""2026"", ""electronics""]",1545.79,1854.95,https://m.media-amazon.com/images/I/sennheiser-x423-il-bluetooth-headphones-pic-1.jpg,Sennheiser X423-IL Bluetooth Headphones,Sennheiser X423-IL Bluetooth Headphones | Top Rated Headphones,Buy the Sennheiser X423-IL Bluetooth Headphones at the best price. High-quality headphones product with top-tier features and 2026 technology.,True,True,2026-07-28T06:30:00.000Z,2026-07-28T06:30:00.000Z,https://m.media-amazon.com/images/I/sennheiser-x423-il-bluetooth-headphones-pic-1.jpg,https://m.media-amazon.com/images/I/sennheiser-x423-il-bluetooth-headphones-pic-2.jpg,https://m.media-amazon.com/images/I/sennheiser-x423-il-bluetooth-headphones-pic-3.jpg,https://m.media-amazon.com/images/I/sennheiser-x423-il-bluetooth-headphones-pic-4.jpg,https://m.media-amazon.com/images/I/sennheiser-x423-il-bluetooth-headphones-pic-5.jpg
1107,beats-x802-kz-noise-cancelling-headphones,Beats X802-KZ Noise Cancelling Headphones,"<p>Experience the ultimate in headphones with the Beats X802-KZ Noise Cancelling Headphones. Designed for performance and style, this product offers cutting-edge technology and premium features.</p><ul><li>High-performance hardware for seamless operation</li><li>Elegant design that fits any lifestyle</li><li>Industry-leading reliability and support</li></ul>",Beats,Headphones,Headphones,"[""headphones"", ""trending"", ""2026"", ""electronics""]",1317.32,1580.78,https://m.media-amazon.com/images/I/beats-x802-kz-noise-cancelling-headphones-pic-1.jpg,Beats X802-KZ Noise Cancelling Headphones,Beats X802-KZ Noise Cancelling Headphones | Top Rated Headphones,Buy the Beats X802-KZ Noise Cancelling Headphones at the best price. High-quality headphones product with top-tier features and 2026 technology.,True,True,2026-07-28T06:30:00.000Z,2026-07-28T06:30:00.000Z,https://m.media-amazon.com/images/I/beats-x802-kz-noise-cancelling-headphones-pic-1.jpg,https://m.media-amazon.com/images/I/beats-x802-kz-noise-cancelling-headphones-pic-2.jpg,https://m.media-amazon.com/images/I/beats-x802-kz-noise-cancelling-headphones-pic-3.jpg,https://m.media-amazon.com/images/I/beats-x802-kz-noise-cancelling-headphones-pic-4.jpg,https://m.media-amazon.com/images/I/beats-x802-kz-noise-cancelling-headphones-pic-5.jpg
1108,sennheiser-x487-wz-true-wireless-earbuds,Sennheiser X487-WZ True Wireless Earbuds,"<p>Experience the ultimate in headphones with the Sennheiser X487-WZ True Wireless Earbuds. Designed for performance and style, this product offers cutting-edge technology and premium features.</p><ul><li>High-performance hardware for seamless operation</li><li>Elegant design that fits any lifestyle</li><li>Industry-leading reliability and support</li></ul>",Sennheiser,Headphones,Headphones,"[""headphones"", ""trending"", ""2026"", ""electronics""]",561.53,673.84,https://m.media-amazon.com/images/I/sennheiser-x487-wz-true-wireless-earbuds-pic-1.jpg,Sennheiser X487-WZ True Wireless Earbuds,Sennheiser X487-WZ True Wireless Earbuds | Top Rated Headphones,Buy the Sennheiser X487-WZ True Wireless Earbuds at the best price. High-quality headphones product with top-tier features and 2026 technology.,True,False,2026-07-28T06:30:00.000Z,2026-07-28T06:30:00.000Z,https://m.media-amazon.com/images/I/sennheiser-x487-wz-true-wireless-earbuds-pic-1.jpg,https://m.media-amazon.com/images/I/sennheiser-x487-wz-true-wireless-earbuds-pic-2.jpg,https://m.media-amazon.com/images/I/sennheiser-x487-wz-true-wireless-earbuds-pic-3.jpg,https://m.media-amazon.com/images/I/sennheiser-x487-wz-true-wireless-earbuds-pic-4.jpg,https://m.media-amazon.com/images/I/sennheiser-x487-wz-true-wireless-earbuds-pic-5.jpg
1109,sony-x193-bh-bluetooth-headphones,Sony X193-BH Bluetooth Headphones,"<p>Experience the ultimate in headphones with the Sony X193-BH Bluetooth Headphones. Designed for performance and style, this product offers cutting-edge technology and premium features.</p><ul><li>High-performance hardware for seamless operation</li><li>Elegant design that fits any lifestyle</li><li>Industry-leading reliability and support</li></ul>",Sony,Headphones,Headphones,"[""headphones"", ""trending"", ""2026"", ""electronics""]",637.37,764.84,https://m.media-amazon.com/images/I/sony-x193-bh-bluetooth-headphones-pic-1.jpg,Sony X193-BH Bluetooth Headphones,Sony X193-BH Bluetooth Headphones | Top Rated Headphones,Buy the Sony X193-BH Bluetooth Headphones at the best price. High-quality headphones product with top-tier features and 2026 technology.,True,True,2026-07-28T06:30:00.000Z,2026-07-28T06:30:00.000Z,https://m.media-amazon.com/images/I/sony-x193-bh-bluetooth-headphones-pic-1.jpg,https://m.media-amazon.com/images/I/sony-x193-bh-bluetooth-headphones-pic-2.jpg,https://m.media-amazon.com/images/I/sony-x193-bh-bluetooth-headphones-pic-3.jpg,https://m.media-amazon.com/images/I/sony-x193-bh-bluetooth-headphones-pic-4.jpg,https://m.media-amazon.com/images/I/sony-x193-bh-bluetooth-headphones-pic-5.jpg
1110,sennheiser-x396-bf-bluetooth-headphones,Sennheiser X396-BF Bluetooth Headphones,"<p>Experience the ultimate in headphones with the Sennheiser X396-BF Bluetooth Headphones. Designed for performance and style, this product offers cutting-edge technology and premium features.</p><ul><li>High-performance hardware for seamless operation</li><li>Elegant design that fits any lifestyle</li><li>Industry-leading reliability and support</li></ul>",Sennheiser,Headphones,Headphones,"[""headphones"", ""trending"", ""2026"", ""electronics""]",1040.95,1249.14,https://m.media-amazon.com/images/I/sennheiser-x396-bf-bluetooth-headphones-pic-1.jpg,Sennheiser X396-BF Bluetooth Headphones,Sennheiser X396-BF Bluetooth Headphones | Top Rated Headphones,Buy the Sennheiser X396-BF Bluetooth Headphones at the best price. High-quality headphones product with top-tier features and 2026 technology.,True,True,2026-07-28T06:30:00.000Z,2026-07-28T06:30:00.000Z,https://m.media-amazon.com/images/I/sennheiser-x396-bf-bluetooth-headphones-pic-1.jpg,https://m.media-amazon.com/images/I/sennheiser-x396-bf-bluetooth-headphones-pic-2.jpg,https://m.media-amazon.com/images/I/sennheiser-x396-bf-bluetooth-headphones-pic-3.jpg,https://m.media-amazon.com/images/I/sennheiser-x396-bf-bluetooth-headphones-pic-4.jpg,https://m.media-amazon.com/images/I/sennheiser-x396-bf-bluetooth-headphones-pic-5.jpg
1111,apple-x322-vj-bluetooth-headphones,Apple X322-VJ Bluetooth Headphones,"<p>Experience the ultimate in headphones with the Apple X322-VJ Bluetooth Headphones. Designed for performance and style, this product offers cutting-edge technology and premium features.</p><ul><li>High-performance hardware for seamless operation</li><li>Elegant design that fits any lifestyle</li><li>Industry-leading reliability and support</li></ul>",Apple,Headphones,Headphones,"[""headphones"", ""trending"", ""2026"", ""electronics""]",1217.72,1461.26,https://store.storeimages.cdn-apple.com/as-images.apple.com/is/apple-x322-vj-bluetooth-headphones-gallery-1?wid=1000,Apple X322-VJ Bluetooth Headphones,Apple X322-VJ Bluetooth Headphones | Top Rated Headphones,Buy the Apple X322-VJ Bluetooth Headphones at the best price. High-quality headphones product with top-tier features and 2026 technology.,True,True,2026-07-28T06:30:00.000Z,2026-07-28T06:30:00.000Z,https://store.storeimages.cdn-apple.com/as-images.apple.com/is/apple-x322-vj-bluetooth-headphones-gallery-1?wid=1000,https://store.storeimages.cdn-apple.com/as-images.apple.com/is/apple-x322-vj-bluetooth-headphones-gallery-2?wid=1000,https://store.storeimages.cdn-apple.com/as-images.apple.com/is/apple-x322-vj-bluetooth-headphones-gallery-3?wid=1000,https://store.storeimages.cdn-apple.com/as-images.apple.com/is/apple-x322-vj-bluetooth-headphones-gallery-4?wid=1000,https://store.storeimages.cdn-apple.com/as-images.apple.com/is/apple-x322-vj-bluetooth-headphones-gallery-5?wid=1000
1112,sennheiser-x844-ha-noise-cancelling-headphones,Sennheiser X844-HA Noise Cancelling Headphones,"<p>Experience the ultimate in headphones with the Sennheiser X844-HA Noise Cancelling Headphones. Designed for performance and style, this product offers cutting-edge technology and premium features.</p><ul><li>High-performance hardware for seamless operation</li><li>Elegant design that fits any lifestyle</li><li>Industry-leading reliability and support</li></ul>",Sennheiser,Headphones,Headphones,"[""headphones"", ""trending"", ""2026"", ""electronics""]",785.45,942.54,https://m.media-amazon.com/images/I/sennheiser-x844-ha-noise-cancelling-headphones-pic-1.jpg,Sennheiser X844-HA Noise Cancelling Headphones,Sennheiser X844-HA Noise Cancelling Headphones | Top Rated Headphones,Buy the Sennheiser X844-HA Noise Cancelling Headphones at the best price. High-quality headphones product with top-tier features and 2026 technology.,True,True,2026-07-28T06:30:00.000Z,2026-07-28T06:30:00.000Z,https://m.media-amazon.com/images/I/sennheiser-x844-ha-noise-cancelling-headphones-pic-1.jpg,https://m.media-amazon.com/images/I/sennheiser-x844-ha-noise-cancelling-headphones-pic-2.jpg,https://m.media-amazon.com/images/I/sennheiser-x844-ha-noise-cancelling-headphones-pic-3.jpg,https://m.media-amazon.com/images/I/sennheiser-x844-ha-noise-cancelling-headphones-pic-4.jpg,https://m.media-amazon.com/images/I/sennheiser-x844-ha-noise-cancelling-headphones-pic-5.jpg
1113,anker-x661-br-true-wireless-earbuds,Anker X661-BR True Wireless Earbuds,"<p>Experience the ultimate in headphones with the Anker X661-BR True Wireless Earbuds. Designed for performance and style, this product offers cutting-edge technology and premium features.</p><ul><li>High-performance hardware for seamless operation</li><li>Elegant design that fits any lifestyle</li><li>Industry-leading reliability and support</li></ul>",Anker,Headphones,Headphones,"[""headphones"", ""trending"", ""2026"", ""electronics""]",304.59,365.51,https://m.media-amazon.com/images/I/anker-x661-br-true-wireless-earbuds-pic-1.jpg,Anker X661-BR True Wireless Earbuds,Anker X661-BR True Wireless Earbuds | Top Rated Headphones,Buy the Anker X661-BR True Wireless Earbuds at the best price. High-quality headphones product with top-tier features and 2026 technology.,True,False,2026-07-28T06:30:00.000Z,2026-07-28T06:30:00.000Z,https://m.media-amazon.com/images/I/anker-x661-br-true-wireless-earbuds-pic-1.jpg,https://m.media-amazon.com/images/I/anker-x661-br-true-wireless-earbuds-pic-2.jpg,https://m.media-amazon.com/images/I/anker-x661-br-true-wireless-earbuds-pic-3.jpg,https://m.media-amazon.com/images/I/anker-x661-br-true-wireless-earbuds-pic-4.jpg,https://m.media-amazon.com/images/I/anker-x661-br-true-wireless-earbuds-pic-5.jpg
1114,beats-x726-ef-bluetooth-headphones,Beats X726-EF Bluetooth Headphones,"<p>Experience the ultimate in headphones with the Beats X726-EF Bluetooth Headphones. Designed for performance and style, this product offers cutting-edge technology and premium features.</p><ul><li>High-performance hardware for seamless operation</li><li>Elegant design that fits any lifestyle</li><li>Industry-leading reliability and support</li></ul>",Beats,Headphones,Headphones,"[""headphones"", ""trending"", ""2026"", ""electronics""]",2277.27,2732.72,https://m.media-amazon.com/images/I/beats-x726-ef-bluetooth-headphones-pic-1.jpg,Beats X726-EF Bluetooth Headphones,Beats X726-EF Bluetooth Headphones | Top Rated Headphones,Buy the Beats X726-EF Bluetooth Headphones at the best price. High-quality headphones product with top-tier features and 2026 technology.,True,False,2026-07-28T06:30:00.000Z,2026-07-28T06:30:00.000Z,https://m.media-amazon.com/images/I/beats-x726-ef-bluetooth-headphones-pic-1.jpg,https://m.media-amazon.com/images/I/beats-x726-ef-bluetooth-headphones-pic-2.jpg,https://m.media-amazon.com/images/I/beats-x726-ef-bluetooth-headphones-pic-3.jpg,https://m.media-amazon.com/images/I/beats-x726-ef-bluetooth-headphones-pic-4.jpg,https://m.media-amazon.com/images/I/beats-x726-ef-bluetooth-headphones-pic-5.jpg
1115,beats-x438-ak-bluetooth-headphones,Beats X438-AK Bluetooth Headphones,"<p>Experience the ultimate in headphones with the Beats X438-AK Bluetooth Headphones. Designed for performance and style, this product offers cutting-edge technology and premium features.</p><ul><li>High-performance hardware for seamless operation</li><li>Elegant design that fits any lifestyle</li><li>Industry-leading reliability and support</li></ul>",Beats,Headphones,Headphones,"[""headphones"", ""trending"", ""2026"", ""electronics""]",1303.73,1564.48,https://m.media-amazon.com/images/I/beats-x438-ak-bluetooth-headphones-pic-1.jpg,Beats X438-AK Bluetooth Headphones,Beats X438-AK Bluetooth Headphones | Top Rated Headphones,Buy the Beats X438-AK Bluetooth Headphones at the best price. High-quality headphones product with top-tier features and 2026 technology.,True,True,2026-07-28T06:30:00.000Z,2026-07-28T06:30:00.000Z,https://m.media-amazon.com/images/I/beats-x438-ak-bluetooth-headphones-pic-1.jpg,https://m.media-amazon.com/images/I/beats-x438-ak-bluetooth-headphones-pic-2.jpg,https://m.media-amazon.com/images/I/beats-x438-ak-bluetooth-headphones-pic-3.jpg,https://m.media-amazon.com/images/I/beats-x438-ak-bluetooth-headphones-pic-4.jpg,https://m.media-amazon.com/images/I/beats-x438-ak-bluetooth-headphones-pic-5.jpg
1116,jbl-x826-kx-noise-cancelling-headphones,JBL X826-KX Noise Cancelling Headphones,"<p>Experience the ultimate in headphones with the JBL X826-KX Noise Cancelling Headphones. Designed for performance and style, this product offers cutting-edge technology and premium features.</p><ul><li>High-performance hardware for seamless operation</li><li>Elegant design that fits any lifestyle</li><li>Industry-leading reliability and support</li></ul>",JBL,Headphones,Headphones,"[""headphones"", ""trending"", ""2026"", ""electronics""]",727.47,872.96,https://m.media-amazon.com/images/I/jbl-x826-kx-noise-cancelling-headphones-pic-1.jpg,JBL X826-KX Noise Cancelling Headphones,JBL X826-KX Noise Cancelling Headphones | Top Rated Headphones,Buy the JBL X826-KX Noise Cancelling Headphones at the best price. High-quality headphones product with top-tier features and 2026 technology.,True,False,2026-07-28T06:30:00.000Z,2026-07-28T06:30:00.000Z,https://m.media-amazon.com/images/I/jbl-x826-kx-noise-cancelling-headphones-pic-1.jpg,https://m.media-amazon.com/images/I/jbl-x826-kx-noise-cancelling-headphones-pic-2.jpg,https://m.media-amazon.com/images/I/jbl-x826-kx-noise-cancelling-headphones-pic-3.jpg,https://m.media-amazon.com/images/I/jbl-x826-kx-noise-cancelling-headphones-pic-4.jpg,https://m.media-amazon.com/images/I/jbl-x826-kx-noise-cancelling-headphones-pic-5.jpg
1117,jbl-x828-nf-true-wireless-earbuds,JBL X828-NF True Wireless Earbuds,"<p>Experience the ultimate in headphones with the JBL X828-NF True Wireless Earbuds. Designed for performance and style, this product offers cutting-edge technology and premium features.</p><ul><li>High-performance hardware for seamless operation</li><li>Elegant design that fits any lifestyle</li><li>Industry-leading reliability and support</li></ul>",JBL,Headphones,Headphones,"[""headphones"", ""trending"", ""2026"", ""electronics""]",1729.4,2075.28,https://m.media-amazon.com/images/I/jbl-x828-nf-true-wireless-earbuds-pic-1.jpg,JBL X828-NF True Wireless Earbuds,JBL X828-NF True Wireless Earbuds | Top Rated Headphones,Buy the JBL X828-NF True Wireless Earbuds at the best price. High-quality headphones product with top-tier features and 2026 technology.,True,False,2026-07-28T06:30:00.000Z,2026-07-28T06:30:00.000Z,https://m.media-amazon.com/images/I/jbl-x828-nf-true-wireless-earbuds-pic-1.jpg,https://m.media-amazon.com/images/I/jbl-x828-nf-true-wireless-earbuds-pic-2.jpg,https://m.media-amazon.com/images/I/jbl-x828-nf-true-wireless-earbuds-pic-3.jpg,https://m.media-amazon.com/images/I/jbl-x828-nf-true-wireless-earbuds-pic-4.jpg,https://m.media-amazon.com/images/I/jbl-x828-nf-true-wireless-earbuds-pic-5.jpg
1118,jbl-x423-gz-bluetooth-headphones,JBL X423-GZ Bluetooth Headphones,"<p>Experience the ultimate in headphones with the JBL X423-GZ Bluetooth Headphones. Designed for performance and style, this product offers cutting-edge technology and premium features.</p><ul><li>High-performance hardware for seamless operation</li><li>Elegant design that fits any lifestyle</li><li>Industry-leading reliability and support</li></ul>",JBL,Headphones,Headphones,"[""headphones"", ""trending"", ""2026"", ""electronics""]",393.7,472.44,https://m.media-amazon.com/images/I/jbl-x423-gz-bluetooth-headphones-pic-1.jpg,JBL X423-GZ Bluetooth Headphones,JBL X423-GZ Bluetooth Headphones | Top Rated Headphones,Buy the JBL X423-GZ Bluetooth Headphones at the best price. High-quality headphones product with top-tier features and 2026 technology.,True,False,2026-07-28T06:30:00.000Z,2026-07-28T06:30:00.000Z,https://m.media-amazon.com/images/I/jbl-x423-gz-bluetooth-headphones-pic-1.jpg,https://m.media-amazon.com/images/I/jbl-x423-gz-bluetooth-headphones-pic-2.jpg,https://m.media-amazon.com/images/I/jbl-x423-gz-bluetooth-headphones-pic-3.jpg,https://m.media-amazon.com/images/I/jbl-x423-gz-bluetooth-headphones-pic-4.jpg,https://m.media-amazon.com/images/I/jbl-x423-gz-bluetooth-headphones-pic-5.jpg
1119,sony-x865-yx-bluetooth-headphones,Sony X865-YX Bluetooth Headphones,"<p>Experience the ultimate in headphones with the Sony X865-YX Bluetooth Headphones. Designed for performance and style, this product offers cutting-edge technology and premium features.</p><ul><li>High-performance hardware for seamless operation</li><li>Elegant design that fits any lifestyle</li><li>Industry-leading reliability and support</li></ul>",Sony,Headphones,Headphones,"[""headphones"", ""trending"", ""2026"", ""electronics""]",174.47,209.36,https://m.media-amazon.com/images/I/sony-x865-yx-bluetooth-headphones-pic-1.jpg,Sony X865-YX Bluetooth Headphones,Sony X865-YX Bluetooth Headphones | Top Rated Headphones,Buy the Sony X865-YX Bluetooth Headphones at the best price. High-quality headphones product with top-tier features and 2026 technology.,True,False,2026-07-28T06:30:00.000Z,2026-07-28T06:30:00.000Z,https://m.media-amazon.com/images/I/sony-x865-yx-bluetooth-headphones-pic-1.jpg,https://m.media-amazon.com/images/I/sony-x865-yx-bluetooth-headphones-pic-2.jpg,https://m.media-amazon.com/images/I/sony-x865-yx-bluetooth-headphones-pic-3.jpg,https://m.media-amazon.com/images/I/sony-x865-yx-bluetooth-headphones-pic-4.jpg,https://m.media-amazon.com/images/I/sony-x865-yx-bluetooth-headphones-pic-5.jpg
1120,sennheiser-x173-cr-noise-cancelling-headphones,Sennheiser X173-CR Noise Cancelling Headphones,"<p>Experience the ultimate in headphones with the Sennheiser X173-CR Noise Cancelling Headphones. Designed for performance and style, this product offers cutting-edge technology and premium features.</p><ul><li>High-performance hardware for seamless operation</li><li>Elegant design that fits any lifestyle</li><li>Industry-leading reliability and support</li></ul>",Sennheiser,Headphones,Headphones,"[""headphones"", ""trending"", ""2026"", ""electronics""]",2952.02,3542.42,https://m.media-amazon.com/images/I/sennheiser-x173-cr-noise-cancelling-headphones-pic-1.jpg,Sennheiser X173-CR Noise Cancelling Headphones,Sennheiser X173-CR Noise Cancelling Headphones | Top Rated Headphones,Buy the Sennheiser X173-CR Noise Cancelling Headphones at the best price. High-quality headphones product with top-tier features and 2026 technology.,True,False,2026-07-28T06:30:00.000Z,2026-07-28T06:30:00.000Z,https://m.media-amazon.com/images/I/sennheiser-x173-cr-noise-cancelling-headphones-pic-1.jpg,https://m.media-amazon.com/images/I/sennheiser-x173-cr-noise-cancelling-headphones-pic-2.jpg,https://m.media-amazon.com/images/I/sennheiser-x173-cr-noise-cancelling-headphones-pic-3.jpg,https://m.media-amazon.com/images/I/sennheiser-x173-cr-noise-cancelling-headphones-pic-4.jpg,https://m.media-amazon.com/images/I/sennheiser-x173-cr-noise-cancelling-headphones-pic-5.jpg
1121,bose-x244-vf-true-wireless-earbuds,Bose X244-VF True Wireless Earbuds,"<p>Experience the ultimate in headphones with the Bose X244-VF True Wireless Earbuds. Designed for performance and style, this product offers cutting-edge technology and premium features.</p><ul><li>High-performance hardware for seamless operation</li><li>Elegant design that fits any lifestyle</li><li>Industry-leading reliability and support</li></ul>",Bose,Headphones,Headphones,"[""headphones"", ""trending"", ""2026"", ""electronics""]",1917.94,2301.53,https://m.media-amazon.com/images/I/bose-x244-vf-true-wireless-earbuds-pic-1.jpg,Bose X244-VF True Wireless Earbuds,Bose X244-VF True Wireless Earbuds | Top Rated Headphones,Buy the Bose X244-VF True Wireless Earbuds at the best price. High-quality headphones product with top-tier features and 2026 technology.,True,False,2026-07-28T06:30:00.000Z,2026-07-28T06:30:00.000Z,https://m.media-amazon.com/images/I/bose-x244-vf-true-wireless-earbuds-pic-1.jpg,https://m.media-amazon.com/images/I/bose-x244-vf-true-wireless-earbuds-pic-2.jpg,https://m.media-amazon.com/images/I/bose-x244-vf-true-wireless-earbuds-pic-3.jpg,https://m.media-amazon.com/images/I/bose-x244-vf-true-wireless-earbuds-pic-4.jpg,https://m.media-amazon.com/images/I/bose-x244-vf-true-wireless-earbuds-pic-5.jpg
1122,sony-x889-nx-true-wireless-earbuds,Sony X889-NX True Wireless Earbuds,"<p>Experience the ultimate in headphones with the Sony X889-NX True Wireless Earbuds. Designed for performance and style, this product offers cutting-edge technology and premium features.</p><ul><li>High-performance hardware for seamless operation</li><li>Elegant design that fits any lifestyle</li><li>Industry-leading reliability and support</li></ul>",Sony,Headphones,Headphones,"[""headphones"", ""trending"", ""2026"", ""electronics""]",111.64,133.97,https://m.media-amazon.com/images/I/sony-x889-nx-true-wireless-earbuds-pic-1.jpg,Sony X889-NX True Wireless Earbuds,Sony X889-NX True Wireless Earbuds | Top Rated Headphones,Buy the Sony X889-NX True Wireless Earbuds at the best price. High-quality headphones product with top-tier features and 2026 technology.,True,False,2026-07-28T06:30:00.000Z,2026-07-28T06:30:00.000Z,https://m.media-amazon.com/images/I/sony-x889-nx-true-wireless-earbuds-pic-1.jpg,https://m.media-amazon.com/images/I/sony-x889-nx-true-wireless-earbuds-pic-2.jpg,https://m.media-amazon.com/images/I/sony-x889-nx-true-wireless-earbuds-pic-3.jpg,https://m.media-amazon.com/images/I/sony-x889-nx-true-wireless-earbuds-pic-4.jpg,https://m.media-amazon.com/images/I/sony-x889-nx-true-wireless-earbuds-pic-5.jpg
1123,apple-x533-jt-noise-cancelling-headphones,Apple X533-JT Noise Cancelling Headphones,"<p>Experience the ultimate in headphones with the Apple X533-JT Noise Cancelling Headphones. Designed for performance and style, this product offers cutting-edge technology and premium features.</p><ul><li>High-performance hardware for seamless operation</li><li>Elegant design that fits any lifestyle</li><li>Industry-leading reliability and support</li></ul>",Apple,Headphones,Headphones,"[""headphones"", ""trending"", ""2026"", ""electronics""]",2689.67,3227.6,https://store.storeimages.cdn-apple.com/as-images.apple.com/is/apple-x533-jt-noise-cancelling-headphones-gallery-1?wid=1000,Apple X533-JT Noise Cancelling Headphones,Apple X533-JT Noise Cancelling Headphones | Top Rated Headphones,Buy the Apple X533-JT Noise Cancelling Headphones at the best price. High-quality headphones product with top-tier features and 2026 technology.,True,False,2026-07-28T06:30:00.000Z,2026-07-28T06:30:00.000Z,https://store.storeimages.cdn-apple.com/as-images.apple.com/is/apple-x533-jt-noise-cancelling-headphones-gallery-1?wid=1000,https://store.storeimages.cdn-apple.com/as-images.apple.com/is/apple-x533-jt-noise-cancelling-headphones-gallery-2?wid=1000,https://store.storeimages.cdn-apple.com/as-images.apple.com/is/apple-x533-jt-noise-cancelling-headphones-gallery-3?wid=1000,https://store.storeimages.cdn-apple.com/as-images.apple.com/is/apple-x533-jt-noise-cancelling-headphones-gallery-4?wid=1000,https://store.storeimages.cdn-apple.com/as-images.apple.com/is/apple-x533-jt-noise-cancelling-headphones-gallery-5?wid=1000
1124,beats-x586-aq-bluetooth-headphones,Beats X586-AQ Bluetooth Headphones,"<p>Experience the ultimate in headphones with the Beats X586-AQ Bluetooth Headphones. Designed for performance and style, this product offers cutting-edge technology and premium features.</p><ul><li>High-performance hardware for seamless operation</li><li>Elegant design that fits any lifestyle</li><li>Industry-leading reliability and support</li></ul>",Beats,Headphones,Headphones,"[""headphones"", ""trending"", ""2026"", ""electronics""]",2946.73,3536.08,https://m.media-amazon.com/images/I/beats-x586-aq-bluetooth-headphones-pic-1.jpg,Beats X586-AQ Bluetooth Headphones,Beats X586-AQ Bluetooth Headphones | Top Rated Headphones,Buy the Beats X586-AQ Bluetooth Headphones at the best price. High-quality headphones product with top-tier features and 2026 technology.,True,True,2026-07-28T06:30:00.000Z,2026-07-28T06:30:00.000Z,https://m.media-amazon.com/images/I/beats-x586-aq-bluetooth-headphones-pic-1.jpg,https://m.media-amazon.com/images/I/beats-x586-aq-bluetooth-headphones-pic-2.jpg,https://m.media-amazon.com/images/I/beats-x586-aq-bluetooth-headphones-pic-3.jpg,https://m.media-amazon.com/images/I/beats-x586-aq-bluetooth-headphones-pic-4.jpg,https://m.media-amazon.com/images/I/beats-x586-aq-bluetooth-headphones-pic-5.jpg
1125,bose-x491-uy-portable-bluetooth-speaker,Bose X491-UY Portable Bluetooth Speaker,"<p>Experience the ultimate in home audio & speakers with the Bose X491-UY Portable Bluetooth Speaker. Designed for performance and style, this product offers cutting-edge technology and premium features.</p><ul><li>High-performance hardware for seamless operation</li><li>Elegant design that fits any lifestyle</li><li>Industry-leading reliability and support</li></ul>",Bose,Home Audio & Speakers,Home Audio,"[""home audio"", ""trending"", ""2026"", ""electronics""]",373.49,448.19,https://m.media-amazon.com/images/I/bose-x491-uy-portable-bluetooth-speaker-pic-1.jpg,Bose X491-UY Portable Bluetooth Speaker,Bose X491-UY Portable Bluetooth Speaker | Top Rated Home Audio & Speakers,Buy the Bose X491-UY Portable Bluetooth Speaker at the best price. High-quality home audio & speakers product with top-tier features and 2026 technology.,True,True,2026-07-28T06:30:00.000Z,2026-07-28T06:30:00.000Z,https://m.media-amazon.com/images/I/bose-x491-uy-portable-bluetooth-speaker-pic-1.jpg,https://m.media-amazon.com/images/I/bose-x491-uy-portable-bluetooth-speaker-pic-2.jpg,https://m.media-amazon.com/images/I/bose-x491-uy-portable-bluetooth-speaker-pic-3.jpg,https://m.media-amazon.com/images/I/bose-x491-uy-portable-bluetooth-speaker-pic-4.jpg,https://m.media-amazon.com/images/I/bose-x491-uy-portable-bluetooth-speaker-pic-5.jpg
1126,jbl-x853-vu-portable-bluetooth-speaker,JBL X853-VU Portable Bluetooth Speaker,"<p>Experience the ultimate in home audio & speakers with the JBL X853-VU Portable Bluetooth Speaker. Designed for performance and style, this product offers cutting-edge technology and premium features.</p><ul><li>High-performance hardware for seamless operation</li><li>Elegant design that fits any lifestyle</li><li>Industry-leading reliability and support</li></ul>",JBL,Home Audio & Speakers,Home Audio,"[""home audio"", ""trending"", ""2026"", ""electronics""]",1411.42,1693.7,https://m.media-amazon.com/images/I/jbl-x853-vu-portable-bluetooth-speaker-pic-1.jpg,JBL X853-VU Portable Bluetooth Speaker,JBL X853-VU Portable Bluetooth Speaker | Top Rated Home Audio & Speakers,Buy the JBL X853-VU Portable Bluetooth Speaker at the best price. High-quality home audio & speakers product with top-tier features and 2026 technology.,True,True,2026-07-28T06:30:00.000Z,2026-07-28T06:30:00.000Z,https://m.media-amazon.com/images/I/jbl-x853-vu-portable-bluetooth-speaker-pic-1.jpg,https://m.media-amazon.com/images/I/jbl-x853-vu-portable-bluetooth-speaker-pic-2.jpg,https://m.media-amazon.com/images/I/jbl-x853-vu-portable-bluetooth-speaker-pic-3.jpg,https://m.media-amazon.com/images/I/jbl-x853-vu-portable-bluetooth-speaker-pic-4.jpg,https://m.media-amazon.com/images/I/jbl-x853-vu-portable-bluetooth-speaker-pic-5.jpg
1127,jbl-x638-se-multi-room-speaker,JBL X638-SE Multi-room Speaker,"<p>Experience the ultimate in home audio & speakers with the JBL X638-SE Multi-room Speaker. Designed for performance and style, this product offers cutting-edge technology and premium features.</p><ul><li>High-performance hardware for seamless operation</li><li>Elegant design that fits any lifestyle</li><li>Industry-leading reliability and support</li></ul>",JBL,Home Audio & Speakers,Home Audio,"[""home audio"", ""trending"", ""2026"", ""electronics""]",1681.99,2018.39,https://m.media-amazon.com/images/I/jbl-x638-se-multi-room-speaker-pic-1.jpg,JBL X638-SE Multi-room Speaker,JBL X638-SE Multi-room Speaker | Top Rated Home Audio & Speakers,Buy the JBL X638-SE Multi-room Speaker at the best price. High-quality home audio & speakers product with top-tier features and 2026 technology.,True,True,2026-07-28T06:30:00.000Z,2026-07-28T06:30:00.000Z,https://m.media-amazon.com/images/I/jbl-x638-se-multi-room-speaker-pic-1.jpg,https://m.media-amazon.com/images/I/jbl-x638-se-multi-room-speaker-pic-2.jpg,https://m.media-amazon.com/images/I/jbl-x638-se-multi-room-speaker-pic-3.jpg,https://m.media-amazon.com/images/I/jbl-x638-se-multi-room-speaker-pic-4.jpg,https://m.media-amazon.com/images/I/jbl-x638-se-multi-room-speaker-pic-5.jpg
1128,harman-kardon-x190-eh-smart-speaker,Harman Kardon X190-EH Smart Speaker,"<p>Experience the ultimate in home audio & speakers with the Harman Kardon X190-EH Smart Speaker. Designed for performance and style, this product offers cutting-edge technology and premium features.</p><ul><li>High-performance hardware for seamless operation</li><li>Elegant design that fits any lifestyle</li><li>Industry-leading reliability and support</li></ul>",Harman Kardon,Home Audio & Speakers,Home Audio,"[""home audio"", ""trending"", ""2026"", ""electronics""]",2308.43,2770.12,https://m.media-amazon.com/images/I/harman-kardon-x190-eh-smart-speaker-pic-1.jpg,Harman Kardon X190-EH Smart Speaker,Harman Kardon X190-EH Smart Speaker | Top Rated Home Audio & Speakers,Buy the Harman Kardon X190-EH Smart Speaker at the best price. High-quality home audio & speakers product with top-tier features and 2026 technology.,True,True,2026-07-28T06:30:00.000Z,2026-07-28T06:30:00.000Z,https://m.media-amazon.com/images/I/harman-kardon-x190-eh-smart-speaker-pic-1.jpg,https://m.media-amazon.com/images/I/harman-kardon-x190-eh-smart-speaker-pic-2.jpg,https://m.media-amazon.com/images/I/harman-kardon-x190-eh-smart-speaker-pic-3.jpg,https://m.media-amazon.com/images/I/harman-kardon-x190-eh-smart-speaker-pic-4.jpg,https://m.media-amazon.com/images/I/harman-kardon-x190-eh-smart-speaker-pic-5.jpg
1129,bose-x193-ij-smart-speaker,Bose X193-IJ Smart Speaker,"<p>Experience the ultimate in home audio & speakers with the Bose X193-IJ Smart Speaker. Designed for performance and style, this product offers cutting-edge technology and premium features.</p><ul><li>High-performance hardware for seamless operation</li><li>Elegant design that fits any lifestyle</li><li>Industry-leading reliability and support</li></ul>",Bose,Home Audio & Speakers,Home Audio,"[""home audio"", ""trending"", ""2026"", ""electronics""]",1479.17,1775.0,https://m.media-amazon.com/images/I/bose-x193-ij-smart-speaker-pic-1.jpg,Bose X193-IJ Smart Speaker,Bose X193-IJ Smart Speaker | Top Rated Home Audio & Speakers,Buy the Bose X193-IJ Smart Speaker at the best price. High-quality home audio & speakers product with top-tier features and 2026 technology.,True,True,2026-07-28T06:30:00.000Z,2026-07-28T06:30:00.000Z,https://m.media-amazon.com/images/I/bose-x193-ij-smart-speaker-pic-1.jpg,https://m.media-amazon.com/images/I/bose-x193-ij-smart-speaker-pic-2.jpg,https://m.media-amazon.com/images/I/bose-x193-ij-smart-speaker-pic-3.jpg,https://m.media-amazon.com/images/I/bose-x193-ij-smart-speaker-pic-4.jpg,https://m.media-amazon.com/images/I/bose-x193-ij-smart-speaker-pic-5.jpg
1130,sony-x883-it-portable-bluetooth-speaker,Sony X883-IT Portable Bluetooth Speaker,"<p>Experience the ultimate in home audio & speakers with the Sony X883-IT Portable Bluetooth Speaker. Designed for performance and style, this product offers cutting-edge technology and premium features.</p><ul><li>High-performance hardware for seamless operation</li><li>Elegant design that fits any lifestyle</li><li>Industry-leading reliability and support</li></ul>",Sony,Home Audio & Speakers,Home Audio,"[""home audio"", ""trending"", ""2026"", ""electronics""]",445.1,534.12,https://m.media-amazon.com/images/I/sony-x883-it-portable-bluetooth-speaker-pic-1.jpg,Sony X883-IT Portable Bluetooth Speaker,Sony X883-IT Portable Bluetooth Speaker | Top Rated Home Audio & Speakers,Buy the Sony X883-IT Portable Bluetooth Speaker at the best price. High-quality home audio & speakers product with top-tier features and 2026 technology.,True,False,2026-07-28T06:30:00.000Z,2026-07-28T06:30:00.000Z,https://m.media-amazon.com/images/I/sony-x883-it-portable-bluetooth-speaker-pic-1.jpg,https://m.media-amazon.com/images/I/sony-x883-it-portable-bluetooth-speaker-pic-2.jpg,https://m.media-amazon.com/images/I/sony-x883-it-portable-bluetooth-speaker-pic-3.jpg,https://m.media-amazon.com/images/I/sony-x883-it-portable-bluetooth-speaker-pic-4.jpg,https://m.media-amazon.com/images/I/sony-x883-it-portable-bluetooth-speaker-pic-5.jpg
1131,sonos-x591-pj-portable-bluetooth-speaker,Sonos X591-PJ Portable Bluetooth Speaker,"<p>Experience the ultimate in home audio & speakers with the Sonos X591-PJ Portable Bluetooth Speaker. Designed for performance and style, this product offers cutting-edge technology and premium features.</p><ul><li>High-performance hardware for seamless operation</li><li>Elegant design that fits any lifestyle</li><li>Industry-leading reliability and support</li></ul>",Sonos,Home Audio & Speakers,Home Audio,"[""home audio"", ""trending"", ""2026"", ""electronics""]",2734.2,3281.04,https://m.media-amazon.com/images/I/sonos-x591-pj-portable-bluetooth-speaker-pic-1.jpg,Sonos X591-PJ Portable Bluetooth Speaker,Sonos X591-PJ Portable Bluetooth Speaker | Top Rated Home Audio & Speakers,Buy the Sonos X591-PJ Portable Bluetooth Speaker at the best price. High-quality home audio & speakers product with top-tier features and 2026 technology.,True,False,2026-07-28T06:30:00.000Z,2026-07-28T06:30:00.000Z,https://m.media-amazon.com/images/I/sonos-x591-pj-portable-bluetooth-speaker-pic-1.jpg,https://m.media-amazon.com/images/I/sonos-x591-pj-portable-bluetooth-speaker-pic-2.jpg,https://m.media-amazon.com/images/I/sonos-x591-pj-portable-bluetooth-speaker-pic-3.jpg,https://m.media-amazon.com/images/I/sonos-x591-pj-portable-bluetooth-speaker-pic-4.jpg,https://m.media-amazon.com/images/I/sonos-x591-pj-portable-bluetooth-speaker-pic-5.jpg
1132,jbl-x716-fy-smart-speaker,JBL X716-FY Smart Speaker,"<p>Experience the ultimate in home audio & speakers with the JBL X716-FY Smart Speaker. Designed for performance and style, this product offers cutting-edge technology and premium features.</p><ul><li>High-performance hardware for seamless operation</li><li>Elegant design that fits any lifestyle</li><li>Industry-leading reliability and support</li></ul>",JBL,Home Audio & Speakers,Home Audio,"[""home audio"", ""trending"", ""2026"", ""electronics""]",2797.94,3357.53,https://m.media-amazon.com/images/I/jbl-x716-fy-smart-speaker-pic-1.jpg,JBL X716-FY Smart Speaker,JBL X716-FY Smart Speaker | Top Rated Home Audio & Speakers,Buy the JBL X716-FY Smart Speaker at the best price. High-quality home audio & speakers product with top-tier features and 2026 technology.,True,True,2026-07-28T06:30:00.000Z,2026-07-28T06:30:00.000Z,https://m.media-amazon.com/images/I/jbl-x716-fy-smart-speaker-pic-1.jpg,https://m.media-amazon.com/images/I/jbl-x716-fy-smart-speaker-pic-2.jpg,https://m.media-amazon.com/images/I/jbl-x716-fy-smart-speaker-pic-3.jpg,https://m.media-amazon.com/images/I/jbl-x716-fy-smart-speaker-pic-4.jpg,https://m.media-amazon.com/images/I/jbl-x716-fy-smart-speaker-pic-5.jpg
1133,harman-kardon-x515-lk-multi-room-speaker,Harman Kardon X515-LK Multi-room Speaker,"<p>Experience the ultimate in home audio & speakers with the Harman Kardon X515-LK Multi-room Speaker. Designed for performance and style, this product offers cutting-edge technology and premium features.</p><ul><li>High-performance hardware for seamless operation</li><li>Elegant design that fits any lifestyle</li><li>Industry-leading reliability and support</li></ul>",Harman Kardon,Home Audio & Speakers,Home Audio,"[""home audio"", ""trending"", ""2026"", ""electronics""]",1769.54,2123.45,https://m.media-amazon.com/images/I/harman-kardon-x515-lk-multi-room-speaker-pic-1.jpg,Harman Kardon X515-LK Multi-room Speaker,Harman Kardon X515-LK Multi-room Speaker | Top Rated Home Audio & Speakers,Buy the Harman Kardon X515-LK Multi-room Speaker at the best price. High-quality home audio & speakers product with top-tier features and 2026 technology.,True,False,2026-07-28T06:30:00.000Z,2026-07-28T06:30:00.000Z,https://m.media-amazon.com/images/I/harman-kardon-x515-lk-multi-room-speaker-pic-1.jpg,https://m.media-amazon.com/images/I/harman-kardon-x515-lk-multi-room-speaker-pic-2.jpg,https://m.media-amazon.com/images/I/harman-kardon-x515-lk-multi-room-speaker-pic-3.jpg,https://m.media-amazon.com/images/I/harman-kardon-x515-lk-multi-room-speaker-pic-4.jpg,https://m.media-amazon.com/images/I/harman-kardon-x515-lk-multi-room-speaker-pic-5.jpg
1134,marshall-x267-ti-portable-bluetooth-speaker,Marshall X267-TI Portable Bluetooth Speaker,"<p>Experience the ultimate in home audio & speakers with the Marshall X267-TI Portable Bluetooth Speaker. Designed for performance and style, this product offers cutting-edge technology and premium features.</p><ul><li>High-performance hardware for seamless operation</li><li>Elegant design that fits any lifestyle</li><li>Industry-leading reliability and support</li></ul>",Marshall,Home Audio & Speakers,Home Audio,"[""home audio"", ""trending"", ""2026"", ""electronics""]",375.53,450.64,https://m.media-amazon.com/images/I/marshall-x267-ti-portable-bluetooth-speaker-pic-1.jpg,Marshall X267-TI Portable Bluetooth Speaker,Marshall X267-TI Portable Bluetooth Speaker | Top Rated Home Audio & Speakers,Buy the Marshall X267-TI Portable Bluetooth Speaker at the best price. High-quality home audio & speakers product with top-tier features and 2026 technology.,True,True,2026-07-28T06:30:00.000Z,2026-07-28T06:30:00.000Z,https://m.media-amazon.com/images/I/marshall-x267-ti-portable-bluetooth-speaker-pic-1.jpg,https://m.media-amazon.com/images/I/marshall-x267-ti-portable-bluetooth-speaker-pic-2.jpg,https://m.media-amazon.com/images/I/marshall-x267-ti-portable-bluetooth-speaker-pic-3.jpg,https://m.media-amazon.com/images/I/marshall-x267-ti-portable-bluetooth-speaker-pic-4.jpg,https://m.media-amazon.com/images/I/marshall-x267-ti-portable-bluetooth-speaker-pic-5.jpg
1135,bose-x746-bd-portable-bluetooth-speaker,Bose X746-BD Portable Bluetooth Speaker,"<p>Experience the ultimate in home audio & speakers with the Bose X746-BD Portable Bluetooth Speaker. Designed for performance and style, this product offers cutting-edge technology and premium features.</p><ul><li>High-performance hardware for seamless operation</li><li>Elegant design that fits any lifestyle</li><li>Industry-leading reliability and support</li></ul>",Bose,Home Audio & Speakers,Home Audio,"[""home audio"", ""trending"", ""2026"", ""electronics""]",2675.24,3210.29,https://m.media-amazon.com/images/I/bose-x746-bd-portable-bluetooth-speaker-pic-1.jpg,Bose X746-BD Portable Bluetooth Speaker,Bose X746-BD Portable Bluetooth Speaker | Top Rated Home Audio & Speakers,Buy the Bose X746-BD Portable Bluetooth Speaker at the best price. High-quality home audio & speakers product with top-tier features and 2026 technology.,True,False,2026-07-28T06:30:00.000Z,2026-07-28T06:30:00.000Z,https://m.media-amazon.com/images/I/bose-x746-bd-portable-bluetooth-speaker-pic-1.jpg,https://m.media-amazon.com/images/I/bose-x746-bd-portable-bluetooth-speaker-pic-2.jpg,https://m.media-amazon.com/images/I/bose-x746-bd-portable-bluetooth-speaker-pic-3.jpg,https://m.media-amazon.com/images/I/bose-x746-bd-portable-bluetooth-speaker-pic-4.jpg,https://m.media-amazon.com/images/I/bose-x746-bd-portable-bluetooth-speaker-pic-5.jpg
1136,ultimate-ears-x986-jc-smart-speaker,Ultimate Ears X986-JC Smart Speaker,"<p>Experience the ultimate in home audio & speakers with the Ultimate Ears X986-JC Smart Speaker. Designed for performance and style, this product offers cutting-edge technology and premium features.</p><ul><li>High-performance hardware for seamless operation</li><li>Elegant design that fits any lifestyle</li><li>Industry-leading reliability and support</li></ul>",Ultimate Ears,Home Audio & Speakers,Home Audio,"[""home audio"", ""trending"", ""2026"", ""electronics""]",499.22,599.06,https://m.media-amazon.com/images/I/ultimate-ears-x986-jc-smart-speaker-pic-1.jpg,Ultimate Ears X986-JC Smart Speaker,Ultimate Ears X986-JC Smart Speaker | Top Rated Home Audio & Speakers,Buy the Ultimate Ears X986-JC Smart Speaker at the best price. High-quality home audio & speakers product with top-tier features and 2026 technology.,True,True,2026-07-28T06:30:00.000Z,2026-07-28T06:30:00.000Z,https://m.media-amazon.com/images/I/ultimate-ears-x986-jc-smart-speaker-pic-1.jpg,https://m.media-amazon.com/images/I/ultimate-ears-x986-jc-smart-speaker-pic-2.jpg,https://m.media-amazon.com/images/I/ultimate-ears-x986-jc-smart-speaker-pic-3.jpg,https://m.media-amazon.com/images/I/ultimate-ears-x986-jc-smart-speaker-pic-4.jpg,https://m.media-amazon.com/images/I/ultimate-ears-x986-jc-smart-speaker-pic-5.jpg
1137,bose-x919-qp-smart-speaker,Bose X919-QP Smart Speaker,"<p>Experience the ultimate in home audio & speakers with the Bose X919-QP Smart Speaker. Designed for performance and style, this product offers cutting-edge technology and premium features.</p><ul><li>High-performance hardware for seamless operation</li><li>Elegant design that fits any lifestyle</li><li>Industry-leading reliability and support</li></ul>",Bose,Home Audio & Speakers,Home Audio,"[""home audio"", ""trending"", ""2026"", ""electronics""]",229.91,275.89,https://m.media-amazon.com/images/I/bose-x919-qp-smart-speaker-pic-1.jpg,Bose X919-QP Smart Speaker,Bose X919-QP Smart Speaker | Top Rated Home Audio & Speakers,Buy the Bose X919-QP Smart Speaker at the best price. High-quality home audio & speakers product with top-tier features and 2026 technology.,True,False,2026-07-28T06:30:00.000Z,2026-07-28T06:30:00.000Z,https://m.media-amazon.com/images/I/bose-x919-qp-smart-speaker-pic-1.jpg,https://m.media-amazon.com/images/I/bose-x919-qp-smart-speaker-pic-2.jpg,https://m.media-amazon.com/images/I/bose-x919-qp-smart-speaker-pic-3.jpg,https://m.media-amazon.com/images/I/bose-x919-qp-smart-speaker-pic-4.jpg,https://m.media-amazon.com/images/I/bose-x919-qp-smart-speaker-pic-5.jpg
1138,jbl-x173-pg-portable-bluetooth-speaker,JBL X173-PG Portable Bluetooth Speaker,"<p>Experience the ultimate in home audio & speakers with the JBL X173-PG Portable Bluetooth Speaker. Designed for performance and style, this product offers cutting-edge technology and premium features.</p><ul><li>High-performance hardware for seamless operation</li><li>Elegant design that fits any lifestyle</li><li>Industry-leading reliability and support</li></ul>",JBL,Home Audio & Speakers,Home Audio,"[""home audio"", ""trending"", ""2026"", ""electronics""]",1479.84,1775.81,https://m.media-amazon.com/images/I/jbl-x173-pg-portable-bluetooth-speaker-pic-1.jpg,JBL X173-PG Portable Bluetooth Speaker,JBL X173-PG Portable Bluetooth Speaker | Top Rated Home Audio & Speakers,Buy the JBL X173-PG Portable Bluetooth Speaker at the best price. High-quality home audio & speakers product with top-tier features and 2026 technology.,True,True,2026-07-28T06:30:00.000Z,2026-07-28T06:30:00.000Z,https://m.media-amazon.com/images/I/jbl-x173-pg-portable-bluetooth-speaker-pic-1.jpg,https://m.media-amazon.com/images/I/jbl-x173-pg-portable-bluetooth-speaker-pic-2.jpg,https://m.media-amazon.com/images/I/jbl-x173-pg-portable-bluetooth-speaker-pic-3.jpg,https://m.media-amazon.com/images/I/jbl-x173-pg-portable-bluetooth-speaker-pic-4.jpg,https://m.media-amazon.com/images/I/jbl-x173-pg-portable-bluetooth-speaker-pic-5.jpg
1139,bose-x248-kv-smart-speaker,Bose X248-KV Smart Speaker,"<p>Experience the ultimate in home audio & speakers with the Bose X248-KV Smart Speaker. Designed for performance and style, this product offers cutting-edge technology and premium features.</p><ul><li>High-performance hardware for seamless operation</li><li>Elegant design that fits any lifestyle</li><li>Industry-leading reliability and support</li></ul>",Bose,Home Audio & Speakers,Home Audio,"[""home audio"", ""trending"", ""2026"", ""electronics""]",916.06,1099.27,https://m.media-amazon.com/images/I/bose-x248-kv-smart-speaker-pic-1.jpg,Bose X248-KV Smart Speaker,Bose X248-KV Smart Speaker | Top Rated Home Audio & Speakers,Buy the Bose X248-KV Smart Speaker at the best price. High-quality home audio & speakers product with top-tier features and 2026 technology.,True,False,2026-07-28T06:30:00.000Z,2026-07-28T06:30:00.000Z,https://m.media-amazon.com/images/I/bose-x248-kv-smart-speaker-pic-1.jpg,https://m.media-amazon.com/images/I/bose-x248-kv-smart-speaker-pic-2.jpg,https://m.media-amazon.com/images/I/bose-x248-kv-smart-speaker-pic-3.jpg,https://m.media-amazon.com/images/I/bose-x248-kv-smart-speaker-pic-4.jpg,https://m.media-amazon.com/images/I/bose-x248-kv-smart-speaker-pic-5.jpg
1140,sony-x749-th-multi-room-speaker,Sony X749-TH Multi-room Speaker,"<p>Experience the ultimate in home audio & speakers with the Sony X749-TH Multi-room Speaker. Designed for performance and style, this product offers cutting-edge technology and premium features.</p><ul><li>High-performance hardware for seamless operation</li><li>Elegant design that fits any lifestyle</li><li>Industry-leading reliability and support</li></ul>",Sony,Home Audio & Speakers,Home Audio,"[""home audio"", ""trending"", ""2026"", ""electronics""]",144.65,173.58,https://m.media-amazon.com/images/I/sony-x749-th-multi-room-speaker-pic-1.jpg,Sony X749-TH Multi-room Speaker,Sony X749-TH Multi-room Speaker | Top Rated Home Audio & Speakers,Buy the Sony X749-TH Multi-room Speaker at the best price. High-quality home audio & speakers product with top-tier features and 2026 technology.,True,False,2026-07-28T06:30:00.000Z,2026-07-28T06:30:00.000Z,https://m.media-amazon.com/images/I/sony-x749-th-multi-room-speaker-pic-1.jpg,https://m.media-amazon.com/images/I/sony-x749-th-multi-room-speaker-pic-2.jpg,https://m.media-amazon.com/images/I/sony-x749-th-multi-room-speaker-pic-3.jpg,https://m.media-amazon.com/images/I/sony-x749-th-multi-room-speaker-pic-4.jpg,https://m.media-amazon.com/images/I/sony-x749-th-multi-room-speaker-pic-5.jpg
1141,bose-x436-ny-smart-speaker,Bose X436-NY Smart Speaker,"<p>Experience the ultimate in home audio & speakers with the Bose X436-NY Smart Speaker. Designed for performance and style, this product offers cutting-edge technology and premium features.</p><ul><li>High-performance hardware for seamless operation</li><li>Elegant design that fits any lifestyle</li><li>Industry-leading reliability and support</li></ul>",Bose,Home Audio & Speakers,Home Audio,"[""home audio"", ""trending"", ""2026"", ""electronics""]",1243.52,1492.22,https://m.media-amazon.com/images/I/bose-x436-ny-smart-speaker-pic-1.jpg,Bose X436-NY Smart Speaker,Bose X436-NY Smart Speaker | Top Rated Home Audio & Speakers,Buy the Bose X436-NY Smart Speaker at the best price. High-quality home audio & speakers product with top-tier features and 2026 technology.,True,False,2026-07-28T06:30:00.000Z,2026-07-28T06:30:00.000Z,https://m.media-amazon.com/images/I/bose-x436-ny-smart-speaker-pic-1.jpg,https://m.media-amazon.com/images/I/bose-x436-ny-smart-speaker-pic-2.jpg,https://m.media-amazon.com/images/I/bose-x436-ny-smart-speaker-pic-3.jpg,https://m.media-amazon.com/images/I/bose-x436-ny-smart-speaker-pic-4.jpg,https://m.media-amazon.com/images/I/bose-x436-ny-smart-speaker-pic-5.jpg
1142,harman-kardon-x813-fi-portable-bluetooth-speaker,Harman Kardon X813-FI Portable Bluetooth Speaker,"<p>Experience the ultimate in home audio & speakers with the Harman Kardon X813-FI Portable Bluetooth Speaker. Designed for performance and style, this product offers cutting-edge technology and premium features.</p><ul><li>High-performance hardware for seamless operation</li><li>Elegant design that fits any lifestyle</li><li>Industry-leading reliability and support</li></ul>",Harman Kardon,Home Audio & Speakers,Home Audio,"[""home audio"", ""trending"", ""2026"", ""electronics""]",1663.82,1996.58,https://m.media-amazon.com/images/I/harman-kardon-x813-fi-portable-bluetooth-speaker-pic-1.jpg,Harman Kardon X813-FI Portable Bluetooth Speaker,Harman Kardon X813-FI Portable Bluetooth Speaker | Top Rated Home Audio & Speakers,Buy the Harman Kardon X813-FI Portable Bluetooth Speaker at the best price. High-quality home audio & speakers product with top-tier features and 2026 technology.,True,True,2026-07-28T06:30:00.000Z,2026-07-28T06:30:00.000Z,https://m.media-amazon.com/images/I/harman-kardon-x813-fi-portable-bluetooth-speaker-pic-1.jpg,https://m.media-amazon.com/images/I/harman-kardon-x813-fi-portable-bluetooth-speaker-pic-2.jpg,https://m.media-amazon.com/images/I/harman-kardon-x813-fi-portable-bluetooth-speaker-pic-3.jpg,https://m.media-amazon.com/images/I/harman-kardon-x813-fi-portable-bluetooth-speaker-pic-4.jpg,https://m.media-amazon.com/images/I/harman-kardon-x813-fi-portable-bluetooth-speaker-pic-5.jpg
1143,harman-kardon-x751-pr-smart-speaker,Harman Kardon X751-PR Smart Speaker,"<p>Experience the ultimate in home audio & speakers with the Harman Kardon X751-PR Smart Speaker. Designed for performance and style, this product offers cutting-edge technology and premium features.</p><ul><li>High-performance hardware for seamless operation</li><li>Elegant design that fits any lifestyle</li><li>Industry-leading reliability and support</li></ul>",Harman Kardon,Home Audio & Speakers,Home Audio,"[""home audio"", ""trending"", ""2026"", ""electronics""]",2732.39,3278.87,https://m.media-amazon.com/images/I/harman-kardon-x751-pr-smart-speaker-pic-1.jpg,Harman Kardon X751-PR Smart Speaker,Harman Kardon X751-PR Smart Speaker | Top Rated Home Audio & Speakers,Buy the Harman Kardon X751-PR Smart Speaker at the best price. High-quality home audio & speakers product with top-tier features and 2026 technology.,True,True,2026-07-28T06:30:00.000Z,2026-07-28T06:30:00.000Z,https://m.media-amazon.com/images/I/harman-kardon-x751-pr-smart-speaker-pic-1.jpg,https://m.media-amazon.com/images/I/harman-kardon-x751-pr-smart-speaker-pic-2.jpg,https://m.media-amazon.com/images/I/harman-kardon-x751-pr-smart-speaker-pic-3.jpg,https://m.media-amazon.com/images/I/harman-kardon-x751-pr-smart-speaker-pic-4.jpg,https://m.media-amazon.com/images/I/harman-kardon-x751-pr-smart-speaker-pic-5.jpg
1144,harman-kardon-x190-jy-portable-bluetooth-speaker,Harman Kardon X190-JY Portable Bluetooth Speaker,"<p>Experience the ultimate in home audio & speakers with the Harman Kardon X190-JY Portable Bluetooth Speaker. Designed for performance and style, this product offers cutting-edge technology and premium features.</p><ul><li>High-performance hardware for seamless operation</li><li>Elegant design that fits any lifestyle</li><li>Industry-leading reliability and support</li></ul>",Harman Kardon,Home Audio & Speakers,Home Audio,"[""home audio"", ""trending"", ""2026"", ""electronics""]",489.39,587.27,https://m.media-amazon.com/images/I/harman-kardon-x190-jy-portable-bluetooth-speaker-pic-1.jpg,Harman Kardon X190-JY Portable Bluetooth Speaker,Harman Kardon X190-JY Portable Bluetooth Speaker | Top Rated Home Audio & Speakers,Buy the Harman Kardon X190-JY Portable Bluetooth Speaker at the best price. High-quality home audio & speakers product with top-tier features and 2026 technology.,True,True,2026-07-28T06:30:00.000Z,2026-07-28T06:30:00.000Z,https://m.media-amazon.com/images/I/harman-kardon-x190-jy-portable-bluetooth-speaker-pic-1.jpg,https://m.media-amazon.com/images/I/harman-kardon-x190-jy-portable-bluetooth-speaker-pic-2.jpg,https://m.media-amazon.com/images/I/harman-kardon-x190-jy-portable-bluetooth-speaker-pic-3.jpg,https://m.media-amazon.com/images/I/harman-kardon-x190-jy-portable-bluetooth-speaker-pic-4.jpg,https://m.media-amazon.com/images/I/harman-kardon-x190-jy-portable-bluetooth-speaker-pic-5.jpg
1145,marshall-x984-br-smart-speaker,Marshall X984-BR Smart Speaker,"<p>Experience the ultimate in home audio & speakers with the Marshall X984-BR Smart Speaker. Designed for performance and style, this product offers cutting-edge technology and premium features.</p><ul><li>High-performance hardware for seamless operation</li><li>Elegant design that fits any lifestyle</li><li>Industry-leading reliability and support</li></ul>",Marshall,Home Audio & Speakers,Home Audio,"[""home audio"", ""trending"", ""2026"", ""electronics""]",741.32,889.58,https://m.media-amazon.com/images/I/marshall-x984-br-smart-speaker-pic-1.jpg,Marshall X984-BR Smart Speaker,Marshall X984-BR Smart Speaker | Top Rated Home Audio & Speakers,Buy the Marshall X984-BR Smart Speaker at the best price. High-quality home audio & speakers product with top-tier features and 2026 technology.,True,False,2026-07-28T06:30:00.000Z,2026-07-28T06:30:00.000Z,https://m.media-amazon.com/images/I/marshall-x984-br-smart-speaker-pic-1.jpg,https://m.media-amazon.com/images/I/marshall-x984-br-smart-speaker-pic-2.jpg,https://m.media-amazon.com/images/I/marshall-x984-br-smart-speaker-pic-3.jpg,https://m.media-amazon.com/images/I/marshall-x984-br-smart-speaker-pic-4.jpg,https://m.media-amazon.com/images/I/marshall-x984-br-smart-speaker-pic-5.jpg
1146,ultimate-ears-x475-ib-multi-room-speaker,Ultimate Ears X475-IB Multi-room Speaker,"<p>Experience the ultimate in home audio & speakers with the Ultimate Ears X475-IB Multi-room Speaker. Designed for performance and style, this product offers cutting-edge technology and premium features.</p><ul><li>High-performance hardware for seamless operation</li><li>Elegant design that fits any lifestyle</li><li>Industry-leading reliability and support</li></ul>",Ultimate Ears,Home Audio & Speakers,Home Audio,"[""home audio"", ""trending"", ""2026"", ""electronics""]",2233.0,2679.6,https://m.media-amazon.com/images/I/ultimate-ears-x475-ib-multi-room-speaker-pic-1.jpg,Ultimate Ears X475-IB Multi-room Speaker,Ultimate Ears X475-IB Multi-room Speaker | Top Rated Home Audio & Speakers,Buy the Ultimate Ears X475-IB Multi-room Speaker at the best price. High-quality home audio & speakers product with top-tier features and 2026 technology.,True,False,2026-07-28T06:30:00.000Z,2026-07-28T06:30:00.000Z,https://m.media-amazon.com/images/I/ultimate-ears-x475-ib-multi-room-speaker-pic-1.jpg,https://m.media-amazon.com/images/I/ultimate-ears-x475-ib-multi-room-speaker-pic-2.jpg,https://m.media-amazon.com/images/I/ultimate-ears-x475-ib-multi-room-speaker-pic-3.jpg,https://m.media-amazon.com/images/I/ultimate-ears-x475-ib-multi-room-speaker-pic-4.jpg,https://m.media-amazon.com/images/I/ultimate-ears-x475-ib-multi-room-speaker-pic-5.jpg
1147,ultimate-ears-x431-fe-smart-speaker,Ultimate Ears X431-FE Smart Speaker,"<p>Experience the ultimate in home audio & speakers with the Ultimate Ears X431-FE Smart Speaker. Designed for performance and style, this product offers cutting-edge technology and premium features.</p><ul><li>High-performance hardware for seamless operation</li><li>Elegant design that fits any lifestyle</li><li>Industry-leading reliability and support</li></ul>",Ultimate Ears,Home Audio & Speakers,Home Audio,"[""home audio"", ""trending"", ""2026"", ""electronics""]",2413.31,2895.97,https://m.media-amazon.com/images/I/ultimate-ears-x431-fe-smart-speaker-pic-1.jpg,Ultimate Ears X431-FE Smart Speaker,Ultimate Ears X431-FE Smart Speaker | Top Rated Home Audio & Speakers,Buy the Ultimate Ears X431-FE Smart Speaker at the best price. High-quality home audio & speakers product with top-tier features and 2026 technology.,True,True,2026-07-28T06:30:00.000Z,2026-07-28T06:30:00.000Z,https://m.media-amazon.com/images/I/ultimate-ears-x431-fe-smart-speaker-pic-1.jpg,https://m.media-amazon.com/images/I/ultimate-ears-x431-fe-smart-speaker-pic-2.jpg,https://m.media-amazon.com/images/I/ultimate-ears-x431-fe-smart-speaker-pic-3.jpg,https://m.media-amazon.com/images/I/ultimate-ears-x431-fe-smart-speaker-pic-4.jpg,https://m.media-amazon.com/images/I/ultimate-ears-x431-fe-smart-speaker-pic-5.jpg
1148,sonos-x938-oz-multi-room-speaker,Sonos X938-OZ Multi-room Speaker,"<p>Experience the ultimate in home audio & speakers with the Sonos X938-OZ Multi-room Speaker. Designed for performance and style, this product offers cutting-edge technology and premium features.</p><ul><li>High-performance hardware for seamless operation</li><li>Elegant design that fits any lifestyle</li><li>Industry-leading reliability and support</li></ul>",Sonos,Home Audio & Speakers,Home Audio,"[""home audio"", ""trending"", ""2026"", ""electronics""]",1692.06,2030.47,https://m.media-amazon.com/images/I/sonos-x938-oz-multi-room-speaker-pic-1.jpg,Sonos X938-OZ Multi-room Speaker,Sonos X938-OZ Multi-room Speaker | Top Rated Home Audio & Speakers,Buy the Sonos X938-OZ Multi-room Speaker at the best price. High-quality home audio & speakers product with top-tier features and 2026 technology.,True,False,2026-07-28T06:30:00.000Z,2026-07-28T06:30:00.000Z,https://m.media-amazon.com/images/I/sonos-x938-oz-multi-room-speaker-pic-1.jpg,https://m.media-amazon.com/images/I/sonos-x938-oz-multi-room-speaker-pic-2.jpg,https://m.media-amazon.com/images/I/sonos-x938-oz-multi-room-speaker-pic-3.jpg,https://m.media-amazon.com/images/I/sonos-x938-oz-multi-room-speaker-pic-4.jpg,https://m.media-amazon.com/images/I/sonos-x938-oz-multi-room-speaker-pic-5.jpg
1149,sonos-x679-nx-smart-speaker,Sonos X679-NX Smart Speaker,"<p>Experience the ultimate in home audio & speakers with the Sonos X679-NX Smart Speaker. Designed for performance and style, this product offers cutting-edge technology and premium features.</p><ul><li>High-performance hardware for seamless operation</li><li>Elegant design that fits any lifestyle</li><li>Industry-leading reliability and support</li></ul>",Sonos,Home Audio & Speakers,Home Audio,"[""home audio"", ""trending"", ""2026"", ""electronics""]",735.81,882.97,https://m.media-amazon.com/images/I/sonos-x679-nx-smart-speaker-pic-1.jpg,Sonos X679-NX Smart Speaker,Sonos X679-NX Smart Speaker | Top Rated Home Audio & Speakers,Buy the Sonos X679-NX Smart Speaker at the best price. High-quality home audio & speakers product with top-tier features and 2026 technology.,True,False,2026-07-28T06:30:00.000Z,2026-07-28T06:30:00.000Z,https://m.media-amazon.com/images/I/sonos-x679-nx-smart-speaker-pic-1.jpg,https://m.media-amazon.com/images/I/sonos-x679-nx-smart-speaker-pic-2.jpg,https://m.media-amazon.com/images/I/sonos-x679-nx-smart-speaker-pic-3.jpg,https://m.media-amazon.com/images/I/sonos-x679-nx-smart-speaker-pic-4.jpg,https://m.media-amazon.com/images/I/sonos-x679-nx-smart-speaker-pic-5.jpg
